2026-07-29 00:18:58,728 - tao_automl.search_space.params - INFO - Network arch: dino
2026-07-29 00:18:58,733 - tao_automl.search_space.params - INFO - Automl params enabled: <StringArray>
[        'model.dec_layers',         'model.enc_layers',
           'train.optim.lr', 'train.optim.weight_decay']
Length: 4, dtype: str
2026-07-29 00:18:58,734 - tao_automl.brain.base - INFO - Loaded 4 custom parameter range(s) for experiment dino_low_latency_followup_seed_1455024938
2026-07-29 00:18:58,734 - tao_automl.brain.base - INFO - Initialized stable random seed: 1455024938 for job dino_low_latency_followup_seed_1455024938
2026-07-29 00:18:58,734 - tao_automl - INFO - AutoML initialized: algorithm=bayesian, metric=mAP50, objectives=['mAP50', 'latency_ms'], params=4, resume=False
2026-07-29 00:18:58,735 - tao_automl.runner - INFO - Starting AutoML loop: network=dino, algorithm=bayesian, metric=mAP50, direction=maximize
2026-07-29 00:18:58,735 - tao_automl.brain.bayesian - INFO - Recommendation param: model.dec_layers value: 3
2026-07-29 00:18:58,735 - tao_automl.brain.bayesian - INFO - Recommendation param: model.enc_layers value: 6
2026-07-29 00:18:58,735 - tao_automl.brain.bayesian - INFO - Recommendation param: train.optim.lr value: 0.0001329476207999467
2026-07-29 00:18:58,735 - tao_automl.brain.bayesian - INFO - Recommendation param: train.optim.weight_decay value: 0.0009184079879638183
2026-07-29 00:18:58,737 - tao_automl.runner - INFO - Recommendation 0: launching job with 4 spec overrides
2026-07-29 00:18:58,758 - tao_automl.search_space.params - INFO - Network arch: dino
2026-07-29 00:18:58,763 - tao_automl.search_space.params - INFO - Automl params enabled: <StringArray>
[        'model.dec_layers',         'model.enc_layers',
           'train.optim.lr', 'train.optim.weight_decay']
Length: 4, dtype: str
2026-07-29 00:18:58,765 - tao_automl.brain.base - INFO - Loaded 4 custom parameter range(s) for experiment dino_low_latency_followup_seed_1415367367
2026-07-29 00:18:58,765 - tao_automl.brain.base - INFO - Initialized stable random seed: 1415367367 for job dino_low_latency_followup_seed_1415367367
2026-07-29 00:18:58,765 - tao_automl - INFO - AutoML initialized: algorithm=bayesian, metric=mAP50, objectives=['mAP50', 'latency_ms'], params=4, resume=False
2026-07-29 00:18:58,765 - tao_automl.runner - INFO - Starting AutoML loop: network=dino, algorithm=bayesian, metric=mAP50, direction=maximize
2026-07-29 00:18:58,765 - tao_automl.brain.bayesian - INFO - Recommendation param: model.dec_layers value: 4
2026-07-29 00:18:58,765 - tao_automl.brain.bayesian - INFO - Recommendation param: model.enc_layers value: 5
2026-07-29 00:18:58,765 - tao_automl.brain.bayesian - INFO - Recommendation param: train.optim.lr value: 6.321815697164898e-05
2026-07-29 00:18:58,765 - tao_automl.brain.bayesian - INFO - Recommendation param: train.optim.weight_decay value: 0.00040046603247897224
2026-07-29 00:18:58,767 - tao_automl.runner - INFO - Recommendation 0: launching job with 4 spec overrides
2026-07-29 00:18:58,783 - tao_automl.search_space.params - INFO - Network arch: dino
2026-07-29 00:18:58,788 - tao_automl.search_space.params - INFO - Automl params enabled: <StringArray>
[        'model.dec_layers',         'model.enc_layers',
           'train.optim.lr', 'train.optim.weight_decay']
Length: 4, dtype: str
2026-07-29 00:18:58,789 - tao_automl.brain.base - INFO - Loaded 4 custom parameter range(s) for experiment dino_low_latency_followup_seed_409976740
2026-07-29 00:18:58,790 - tao_automl.brain.base - INFO - Initialized stable random seed: 409976740 for job dino_low_latency_followup_seed_409976740
2026-07-29 00:18:58,790 - tao_automl - INFO - AutoML initialized: algorithm=bayesian, metric=mAP50, objectives=['mAP50', 'latency_ms'], params=4, resume=False
2026-07-29 00:18:58,790 - tao_automl.runner - INFO - Starting AutoML loop: network=dino, algorithm=bayesian, metric=mAP50, direction=maximize
2026-07-29 00:18:58,790 - tao_automl.brain.bayesian - INFO - Recommendation param: model.dec_layers value: 4
2026-07-29 00:18:58,790 - tao_automl.brain.bayesian - INFO - Recommendation param: model.enc_layers value: 5
2026-07-29 00:18:58,790 - tao_automl.brain.bayesian - INFO - Recommendation param: train.optim.lr value: 5.042018346553877e-05
2026-07-29 00:18:58,790 - tao_automl.brain.bayesian - INFO - Recommendation param: train.optim.weight_decay value: 0.00036212380725472054
2026-07-29 00:18:58,792 - tao_automl.runner - INFO - Recommendation 0: launching job with 4 spec overrides
2026-07-29 00:19:13,567 - tao_automl.runner - INFO - Rec 0: job 430bad72-a7e3-4ebe-9503-0db560d286e3 submitted (backend: tao-job-430bad72-a7e3-4ebe-9503-0db560d286e3)
2026-07-29 00:19:13,640 - tao_automl.runner - INFO - Rec 0: job ecca475a-ab61-465c-a4a9-0c844df0f358 submitted (backend: tao-job-ecca475a-ab61-465c-a4a9-0c844df0f358)
2026-07-29 00:19:13,653 - tao_automl.runner - INFO - Rec 0: job 3c678658-f9e4-4d34-8487-dc9c27281caa submitted (backend: tao-job-3c678658-f9e4-4d34-8487-dc9c27281caa)
JOB_STATUS phase=accuracy_evaluation seed=1455024938 rec=0 job=284063f0-6f8b-4e58-9bea-c9f4eccd0719 status=Pending
JOB_STATUS phase=accuracy_evaluation seed=1415367367 rec=0 job=e2a6e246-164b-4f98-964f-879c86151570 status=Running
JOB_STATUS phase=accuracy_evaluation seed=1455024938 rec=0 job=284063f0-6f8b-4e58-9bea-c9f4eccd0719 status=Running
JOB_STATUS phase=accuracy_evaluation seed=409976740 rec=0 job=5a6b1fc9-24cf-406d-ab26-520d2ce954d1 status=Pending
JOB_STATUS phase=accuracy_evaluation seed=409976740 rec=0 job=5a6b1fc9-24cf-406d-ab26-520d2ce954d1 status=Running
JOB_STATUS phase=accuracy_evaluation seed=1415367367 rec=0 job=e2a6e246-164b-4f98-964f-879c86151570 status=Complete
JOB_STATUS phase=accuracy_evaluation seed=1455024938 rec=0 job=284063f0-6f8b-4e58-9bea-c9f4eccd0719 status=Complete
JOB_STATUS phase=selection_time_latency seed=1415367367 rec=0 job=21e55dc2-c50d-4a96-be7c-2735067b4273 status=Pending
JOB_STATUS phase=selection_time_latency seed=1455024938 rec=0 job=5f7b3208-de88-4c65-bceb-d1aae1725ac3 status=Running
JOB_STATUS phase=selection_time_latency seed=1415367367 rec=0 job=21e55dc2-c50d-4a96-be7c-2735067b4273 status=Running
JOB_STATUS phase=accuracy_evaluation seed=409976740 rec=0 job=5a6b1fc9-24cf-406d-ab26-520d2ce954d1 status=Complete
JOB_STATUS phase=selection_time_latency seed=409976740 rec=0 job=ce1d7db1-c2ff-4e7a-b356-d21ab45d4e03 status=Pending
JOB_STATUS phase=selection_time_latency seed=1455024938 rec=0 job=5f7b3208-de88-4c65-bceb-d1aae1725ac3 status=Complete
2026-07-29 00:31:10,760 - tao_automl.runner - INFO - Rec 0: eval_fn returned metric={"latency_bootstrap_ci_width_ms": 0.10285399999999356, "latency_ci95_high": 66.56714425, "latency_ci95_low": 66.46429025, "latency_device_range_fraction": 0.004279449945538269, "latency_iqr_ms": 0.1877654999999976, "latency_mad_ms": 0.08873700000000184, "latency_ms": 66.52023125, "latency_p95_ms": 66.71347349999999, "latency_robust_cv": 0.0019777663686339443, "latency_round_drift_fraction": 0.0013830604354670665, "latency_synchronized_median_ms": 66.661131, "latency_synchronized_p95_ms": 74.46519805, "mAP50": 0.5734301525059565} (overriding log-extracted None)
2026-07-29 00:31:10,760 - tao_automl.runner - INFO - Rec 0: job 430bad72-a7e3-4ebe-9503-0db560d286e3 succeeded, metric={"latency_bootstrap_ci_width_ms": 0.10285399999999356, "latency_ci95_high": 66.56714425, "latency_ci95_low": 66.46429025, "latency_device_range_fraction": 0.004279449945538269, "latency_iqr_ms": 0.1877654999999976, "latency_mad_ms": 0.08873700000000184, "latency_ms": 66.52023125, "latency_p95_ms": 66.71347349999999, "latency_robust_cv": 0.0019777663686339443, "latency_round_drift_fraction": 0.0013830604354670665, "latency_synchronized_median_ms": 66.661131, "latency_synchronized_p95_ms": 74.46519805, "mAP50": 0.5734301525059565}
2026-07-29 00:31:10,761 - tao_automl.controller.controller - INFO - Reported result for rec 0: score=0.000000 values={'mAP50': 0.5734301525059565, 'latency_ms': 66.52023125, 'latency_p95_ms': 66.71347349999999, 'latency_mad_ms': 0.08873700000000184, 'latency_iqr_ms': 0.1877654999999976, 'latency_robust_cv': 0.0019777663686339443, 'latency_ci95_low': 66.46429025, 'latency_ci95_high': 66.56714425, 'latency_bootstrap_ci_width_ms': 0.10285399999999356, 'latency_round_drift_fraction': 0.0013830604354670665, 'latency_device_range_fraction': 0.004279449945538269, 'latency_synchronized_median_ms': 66.661131, 'latency_synchronized_p95_ms': 74.46519805} status=success
2026-07-29 00:31:10,765 - tao_automl.runner - INFO - Recommendation 0: metric=0.573430, status=success
/localhome/local-rarunachalam/.tao/venvs/dino-multiobjective-py314/lib/python3.14/site-packages/sklearn/gaussian_process/kernels.py:445: ConvergenceWarning: The optimal value found for dimension 0 of parameter k1__constant_value is close to the specified lower bound 1e-05. Decreasing the bound and calling fit again may find a better value.
  warnings.warn(
2026-07-29 00:31:10,797 - tao_automl.brain.bayesian - INFO - Recommendation param: model.dec_layers value: 5
2026-07-29 00:31:10,797 - tao_automl.brain.bayesian - INFO - Recommendation param: model.enc_layers value: 5
2026-07-29 00:31:10,797 - tao_automl.brain.bayesian - INFO - Recommendation param: train.optim.lr value: 0.00047669860457542684
2026-07-29 00:31:10,797 - tao_automl.brain.bayesian - INFO - Recommendation param: train.optim.weight_decay value: 0.00014009297677521423
2026-07-29 00:31:10,799 - tao_automl.runner - INFO - Recommendation 1: launching job with 4 spec overrides
2026-07-29 00:31:23,455 - tao_automl.runner - INFO - Rec 1: job 0d29d42b-b933-4d64-8b27-aeadeb1ff911 submitted (backend: tao-job-0d29d42b-b933-4d64-8b27-aeadeb1ff911)
JOB_STATUS phase=selection_time_latency seed=1415367367 rec=0 job=21e55dc2-c50d-4a96-be7c-2735067b4273 status=Complete
2026-07-29 00:31:47,972 - tao_automl.runner - INFO - Rec 0: eval_fn returned metric={"latency_bootstrap_ci_width_ms": 0.08679543749998686, "latency_ci95_high": 66.168579, "latency_ci95_low": 66.08178356250001, "latency_device_range_fraction": 0.007722421218388903, "latency_iqr_ms": 0.19221375000000762, "latency_mad_ms": 0.09294674999999586, "latency_ms": 66.11385025, "latency_p95_ms": 66.4002355, "latency_robust_cv": 0.002084326522036037, "latency_round_drift_fraction": 0.0007311062631689841, "latency_synchronized_median_ms": 66.3773255, "latency_synchronized_p95_ms": 66.51817805, "mAP50": 0.5206955731035677} (overriding log-extracted None)
2026-07-29 00:31:47,972 - tao_automl.runner - INFO - Rec 0: job ecca475a-ab61-465c-a4a9-0c844df0f358 succeeded, metric={"latency_bootstrap_ci_width_ms": 0.08679543749998686, "latency_ci95_high": 66.168579, "latency_ci95_low": 66.08178356250001, "latency_device_range_fraction": 0.007722421218388903, "latency_iqr_ms": 0.19221375000000762, "latency_mad_ms": 0.09294674999999586, "latency_ms": 66.11385025, "latency_p95_ms": 66.4002355, "latency_robust_cv": 0.002084326522036037, "latency_round_drift_fraction": 0.0007311062631689841, "latency_synchronized_median_ms": 66.3773255, "latency_synchronized_p95_ms": 66.51817805, "mAP50": 0.5206955731035677}
2026-07-29 00:31:47,974 - tao_automl.controller.controller - INFO - Reported result for rec 0: score=0.000000 values={'mAP50': 0.5206955731035677, 'latency_ms': 66.11385025, 'latency_p95_ms': 66.4002355, 'latency_mad_ms': 0.09294674999999586, 'latency_iqr_ms': 0.19221375000000762, 'latency_robust_cv': 0.002084326522036037, 'latency_ci95_low': 66.08178356250001, 'latency_ci95_high': 66.168579, 'latency_bootstrap_ci_width_ms': 0.08679543749998686, 'latency_round_drift_fraction': 0.0007311062631689841, 'latency_device_range_fraction': 0.007722421218388903, 'latency_synchronized_median_ms': 66.3773255, 'latency_synchronized_p95_ms': 66.51817805} status=success
2026-07-29 00:31:47,977 - tao_automl.runner - INFO - Recommendation 0: metric=0.520696, status=success
/localhome/local-rarunachalam/.tao/venvs/dino-multiobjective-py314/lib/python3.14/site-packages/sklearn/gaussian_process/kernels.py:445: ConvergenceWarning: The optimal value found for dimension 0 of parameter k1__constant_value is close to the specified lower bound 1e-05. Decreasing the bound and calling fit again may find a better value.
  warnings.warn(
2026-07-29 00:31:48,009 - tao_automl.brain.bayesian - INFO - Recommendation param: model.dec_layers value: 6
2026-07-29 00:31:48,009 - tao_automl.brain.bayesian - INFO - Recommendation param: model.enc_layers value: 6
2026-07-29 00:31:48,009 - tao_automl.brain.bayesian - INFO - Recommendation param: train.optim.lr value: 1.3124733802256953e-05
2026-07-29 00:31:48,009 - tao_automl.brain.bayesian - INFO - Recommendation param: train.optim.weight_decay value: 0.0008661154588106667
2026-07-29 00:31:48,011 - tao_automl.runner - INFO - Recommendation 1: launching job with 4 spec overrides
2026-07-29 00:32:00,683 - tao_automl.runner - INFO - Rec 1: job c96acf13-49e1-4cdd-9de6-6505792b80ff submitted (backend: tao-job-c96acf13-49e1-4cdd-9de6-6505792b80ff)
JOB_STATUS phase=selection_time_latency seed=409976740 rec=0 job=ce1d7db1-c2ff-4e7a-b356-d21ab45d4e03 status=Running
JOB_STATUS phase=selection_time_latency seed=409976740 rec=0 job=ce1d7db1-c2ff-4e7a-b356-d21ab45d4e03 status=Complete
2026-07-29 00:39:06,980 - tao_automl.runner - INFO - Rec 0: eval_fn returned metric={"latency_bootstrap_ci_width_ms": 0.11137399999998365, "latency_ci95_high": 65.93610675, "latency_ci95_low": 65.82473275000001, "latency_device_range_fraction": 0.005819035227745826, "latency_iqr_ms": 0.18000874999998473, "latency_mad_ms": 0.09120199999999556, "latency_ms": 65.9114415, "latency_p95_ms": 66.106031, "latency_robust_cv": 0.0020514812318282167, "latency_round_drift_fraction": 0.00030541359044632994, "latency_synchronized_median_ms": 66.0508265, "latency_synchronized_p95_ms": 66.2643885, "mAP50": 0.5033594557786447} (overriding log-extracted None)
2026-07-29 00:39:06,980 - tao_automl.runner - INFO - Rec 0: job 3c678658-f9e4-4d34-8487-dc9c27281caa succeeded, metric={"latency_bootstrap_ci_width_ms": 0.11137399999998365, "latency_ci95_high": 65.93610675, "latency_ci95_low": 65.82473275000001, "latency_device_range_fraction": 0.005819035227745826, "latency_iqr_ms": 0.18000874999998473, "latency_mad_ms": 0.09120199999999556, "latency_ms": 65.9114415, "latency_p95_ms": 66.106031, "latency_robust_cv": 0.0020514812318282167, "latency_round_drift_fraction": 0.00030541359044632994, "latency_synchronized_median_ms": 66.0508265, "latency_synchronized_p95_ms": 66.2643885, "mAP50": 0.5033594557786447}
2026-07-29 00:39:06,982 - tao_automl.controller.controller - INFO - Reported result for rec 0: score=0.000000 values={'mAP50': 0.5033594557786447, 'latency_ms': 65.9114415, 'latency_p95_ms': 66.106031, 'latency_mad_ms': 0.09120199999999556, 'latency_iqr_ms': 0.18000874999998473, 'latency_robust_cv': 0.0020514812318282167, 'latency_ci95_low': 65.82473275000001, 'latency_ci95_high': 65.93610675, 'latency_bootstrap_ci_width_ms': 0.11137399999998365, 'latency_round_drift_fraction': 0.00030541359044632994, 'latency_device_range_fraction': 0.005819035227745826, 'latency_synchronized_median_ms': 66.0508265, 'latency_synchronized_p95_ms': 66.2643885} status=success
2026-07-29 00:39:06,985 - tao_automl.runner - INFO - Recommendation 0: metric=0.503359, status=success
/localhome/local-rarunachalam/.tao/venvs/dino-multiobjective-py314/lib/python3.14/site-packages/sklearn/gaussian_process/kernels.py:445: ConvergenceWarning: The optimal value found for dimension 0 of parameter k1__constant_value is close to the specified lower bound 1e-05. Decreasing the bound and calling fit again may find a better value.
  warnings.warn(
2026-07-29 00:39:07,017 - tao_automl.brain.bayesian - INFO - Recommendation param: model.dec_layers value: 6
2026-07-29 00:39:07,017 - tao_automl.brain.bayesian - INFO - Recommendation param: model.enc_layers value: 3
2026-07-29 00:39:07,017 - tao_automl.brain.bayesian - INFO - Recommendation param: train.optim.lr value: 0.0004957879851561919
2026-07-29 00:39:07,018 - tao_automl.brain.bayesian - INFO - Recommendation param: train.optim.weight_decay value: 0.0008490209021743874
2026-07-29 00:39:07,020 - tao_automl.runner - INFO - Recommendation 1: launching job with 4 spec overrides
2026-07-29 00:39:19,982 - tao_automl.runner - INFO - Rec 1: job 015ed9c7-3a6b-49a8-a4e9-1d6d1108cd51 submitted (backend: tao-job-015ed9c7-3a6b-49a8-a4e9-1d6d1108cd51)
JOB_STATUS phase=accuracy_evaluation seed=1455024938 rec=1 job=0c8a754b-3607-42ff-ab8b-c9d3ff580746 status=Pending
JOB_STATUS phase=accuracy_evaluation seed=1455024938 rec=1 job=0c8a754b-3607-42ff-ab8b-c9d3ff580746 status=Running
JOB_STATUS phase=accuracy_evaluation seed=1455024938 rec=1 job=0c8a754b-3607-42ff-ab8b-c9d3ff580746 status=Complete
JOB_STATUS phase=accuracy_evaluation seed=409976740 rec=1 job=58eeacef-686d-4cf2-b221-c50ed48b8554 status=Pending
JOB_STATUS phase=selection_time_latency seed=1455024938 rec=1 job=572c2f08-975e-4e25-abbd-f1a001f3121e status=Pending
JOB_STATUS phase=accuracy_evaluation seed=1415367367 rec=1 job=5ea79aba-962e-43a3-9190-c06aabdb65c3 status=Pending
JOB_STATUS phase=accuracy_evaluation seed=409976740 rec=1 job=58eeacef-686d-4cf2-b221-c50ed48b8554 status=Running
JOB_STATUS phase=selection_time_latency seed=1455024938 rec=1 job=572c2f08-975e-4e25-abbd-f1a001f3121e status=Running
JOB_STATUS phase=accuracy_evaluation seed=1415367367 rec=1 job=5ea79aba-962e-43a3-9190-c06aabdb65c3 status=Running
JOB_STATUS phase=selection_time_latency seed=1455024938 rec=1 job=572c2f08-975e-4e25-abbd-f1a001f3121e status=Complete
2026-07-29 01:20:21,771 - tao_automl.runner - INFO - Rec 1: eval_fn returned metric={"latency_bootstrap_ci_width_ms": 0.18196675000000084, "latency_ci95_high": 70.2053465, "latency_ci95_low": 70.02337975, "latency_device_range_fraction": 0.005877001570168359, "latency_iqr_ms": 0.23810000000000286, "latency_mad_ms": 0.11900250000000057, "latency_ms": 70.1189195, "latency_p95_ms": 70.3859305, "latency_robust_cv": 0.0025161983065070024, "latency_round_drift_fraction": 0.0007534842290316711, "latency_synchronized_median_ms": 70.348932, "latency_synchronized_p95_ms": 70.50984, "mAP50": 0.5889197915393365} (overriding log-extracted None)
2026-07-29 01:20:21,771 - tao_automl.runner - INFO - Rec 1: job 0d29d42b-b933-4d64-8b27-aeadeb1ff911 succeeded, metric={"latency_bootstrap_ci_width_ms": 0.18196675000000084, "latency_ci95_high": 70.2053465, "latency_ci95_low": 70.02337975, "latency_device_range_fraction": 0.005877001570168359, "latency_iqr_ms": 0.23810000000000286, "latency_mad_ms": 0.11900250000000057, "latency_ms": 70.1189195, "latency_p95_ms": 70.3859305, "latency_robust_cv": 0.0025161983065070024, "latency_round_drift_fraction": 0.0007534842290316711, "latency_synchronized_median_ms": 70.348932, "latency_synchronized_p95_ms": 70.50984, "mAP50": 0.5889197915393365}
2026-07-29 01:20:21,772 - tao_automl.controller.controller - INFO - Reported result for rec 1: score=0.000000 values={'mAP50': 0.5889197915393365, 'latency_ms': 70.1189195, 'latency_p95_ms': 70.3859305, 'latency_mad_ms': 0.11900250000000057, 'latency_iqr_ms': 0.23810000000000286, 'latency_robust_cv': 0.0025161983065070024, 'latency_ci95_low': 70.02337975, 'latency_ci95_high': 70.2053465, 'latency_bootstrap_ci_width_ms': 0.18196675000000084, 'latency_round_drift_fraction': 0.0007534842290316711, 'latency_device_range_fraction': 0.005877001570168359, 'latency_synchronized_median_ms': 70.348932, 'latency_synchronized_p95_ms': 70.50984} status=success
2026-07-29 01:20:21,776 - tao_automl.runner - INFO - Recommendation 1: metric=0.588920, status=success
2026-07-29 01:20:21,934 - tao_automl.brain.bayesian - INFO - Recommendation param: model.dec_layers value: 4
2026-07-29 01:20:21,934 - tao_automl.brain.bayesian - INFO - Recommendation param: model.enc_layers value: 6
2026-07-29 01:20:21,934 - tao_automl.brain.bayesian - INFO - Recommendation param: train.optim.lr value: 0.00012534389609732236
2026-07-29 01:20:21,934 - tao_automl.brain.bayesian - INFO - Recommendation param: train.optim.weight_decay value: 0.00038666987605304355
2026-07-29 01:20:21,937 - tao_automl.runner - INFO - Recommendation 2: launching job with 4 spec overrides
2026-07-29 01:20:35,386 - tao_automl.runner - INFO - Rec 2: job 8ff4b1b3-537c-44ee-89d8-9df8021b318b submitted (backend: tao-job-8ff4b1b3-537c-44ee-89d8-9df8021b318b)
JOB_STATUS phase=accuracy_evaluation seed=409976740 rec=1 job=58eeacef-686d-4cf2-b221-c50ed48b8554 status=Complete
JOB_STATUS phase=selection_time_latency seed=409976740 rec=1 job=68a81cc5-8e00-45e4-98e3-2bbc2852f1a7 status=Pending
JOB_STATUS phase=accuracy_evaluation seed=1415367367 rec=1 job=5ea79aba-962e-43a3-9190-c06aabdb65c3 status=Complete
JOB_STATUS phase=selection_time_latency seed=409976740 rec=1 job=68a81cc5-8e00-45e4-98e3-2bbc2852f1a7 status=Running
JOB_STATUS phase=selection_time_latency seed=1415367367 rec=1 job=2557d6c4-7138-4579-acf9-f7acab54d8e4 status=Pending
JOB_STATUS phase=selection_time_latency seed=1415367367 rec=1 job=2557d6c4-7138-4579-acf9-f7acab54d8e4 status=Running
JOB_STATUS phase=selection_time_latency seed=409976740 rec=1 job=68a81cc5-8e00-45e4-98e3-2bbc2852f1a7 status=Complete
2026-07-29 01:24:00,175 - tao_automl.runner - INFO - Rec 1: eval_fn returned metric={"latency_bootstrap_ci_width_ms": 0.07698175000000163, "latency_ci95_high": 65.2018615, "latency_ci95_low": 65.12487975, "latency_device_range_fraction": 0.0041562627200633405, "latency_iqr_ms": 0.1550615000000164, "latency_mad_ms": 0.07595625000000439, "latency_ms": 65.16587575, "latency_p95_ms": 65.382103, "latency_robust_cv": 0.0017280936526047762, "latency_round_drift_fraction": 0.001187028473257345, "latency_synchronized_median_ms": 65.3488255, "latency_synchronized_p95_ms": 65.64152804999999, "mAP50": 0.5137705727673568} (overriding log-extracted None)
2026-07-29 01:24:00,175 - tao_automl.runner - INFO - Rec 1: job 015ed9c7-3a6b-49a8-a4e9-1d6d1108cd51 succeeded, metric={"latency_bootstrap_ci_width_ms": 0.07698175000000163, "latency_ci95_high": 65.2018615, "latency_ci95_low": 65.12487975, "latency_device_range_fraction": 0.0041562627200633405, "latency_iqr_ms": 0.1550615000000164, "latency_mad_ms": 0.07595625000000439, "latency_ms": 65.16587575, "latency_p95_ms": 65.382103, "latency_robust_cv": 0.0017280936526047762, "latency_round_drift_fraction": 0.001187028473257345, "latency_synchronized_median_ms": 65.3488255, "latency_synchronized_p95_ms": 65.64152804999999, "mAP50": 0.5137705727673568}
2026-07-29 01:24:00,177 - tao_automl.controller.controller - INFO - Reported result for rec 1: score=1.000000 values={'mAP50': 0.5137705727673568, 'latency_ms': 65.16587575, 'latency_p95_ms': 65.382103, 'latency_mad_ms': 0.07595625000000439, 'latency_iqr_ms': 0.1550615000000164, 'latency_robust_cv': 0.0017280936526047762, 'latency_ci95_low': 65.12487975, 'latency_ci95_high': 65.2018615, 'latency_bootstrap_ci_width_ms': 0.07698175000000163, 'latency_round_drift_fraction': 0.001187028473257345, 'latency_device_range_fraction': 0.0041562627200633405, 'latency_synchronized_median_ms': 65.3488255, 'latency_synchronized_p95_ms': 65.64152804999999} status=success
2026-07-29 01:24:00,181 - tao_automl.runner - INFO - Recommendation 1: metric=0.513771, status=success
2026-07-29 01:24:00,258 - tao_automl.brain.bayesian - INFO - Recommendation param: model.dec_layers value: 6
2026-07-29 01:24:00,258 - tao_automl.brain.bayesian - INFO - Recommendation param: model.enc_layers value: 5
2026-07-29 01:24:00,258 - tao_automl.brain.bayesian - INFO - Recommendation param: train.optim.lr value: 0.00026059523074156926
2026-07-29 01:24:00,258 - tao_automl.brain.bayesian - INFO - Recommendation param: train.optim.weight_decay value: 4.630205284408943e-05
2026-07-29 01:24:00,261 - tao_automl.runner - INFO - Recommendation 2: launching job with 4 spec overrides
JOB_STATUS phase=selection_time_latency seed=1415367367 rec=1 job=2557d6c4-7138-4579-acf9-f7acab54d8e4 status=Complete
2026-07-29 01:24:13,183 - tao_automl.runner - INFO - Rec 2: job 94cfb422-477d-4306-a1f6-ab66c179fc1d submitted (backend: tao-job-94cfb422-477d-4306-a1f6-ab66c179fc1d)
2026-07-29 01:24:16,961 - tao_automl.runner - INFO - Rec 1: eval_fn returned metric={"latency_bootstrap_ci_width_ms": 0.08797880000001612, "latency_ci95_high": 79.28359975000001, "latency_ci95_low": 79.19562094999999, "latency_device_range_fraction": 0.00623042202654372, "latency_iqr_ms": 0.2232554999999934, "latency_mad_ms": 0.11234950000000055, "latency_ms": 79.2221615, "latency_p95_ms": 79.51663905, "latency_robust_cv": 0.0021025602627618386, "latency_round_drift_fraction": 0.001109885142429576, "latency_synchronized_median_ms": 79.4665575, "latency_synchronized_p95_ms": 79.63407500000001, "mAP50": 0.42952957079617127} (overriding log-extracted None)
2026-07-29 01:24:16,961 - tao_automl.runner - INFO - Rec 1: job c96acf13-49e1-4cdd-9de6-6505792b80ff succeeded, metric={"latency_bootstrap_ci_width_ms": 0.08797880000001612, "latency_ci95_high": 79.28359975000001, "latency_ci95_low": 79.19562094999999, "latency_device_range_fraction": 0.00623042202654372, "latency_iqr_ms": 0.2232554999999934, "latency_mad_ms": 0.11234950000000055, "latency_ms": 79.2221615, "latency_p95_ms": 79.51663905, "latency_robust_cv": 0.0021025602627618386, "latency_round_drift_fraction": 0.001109885142429576, "latency_synchronized_median_ms": 79.4665575, "latency_synchronized_p95_ms": 79.63407500000001, "mAP50": 0.42952957079617127}
2026-07-29 01:24:16,966 - tao_automl.controller.controller - INFO - Reported result for rec 1: score=-1.075085 values={'mAP50': 0.42952957079617127, 'latency_ms': 79.2221615, 'latency_p95_ms': 79.51663905, 'latency_mad_ms': 0.11234950000000055, 'latency_iqr_ms': 0.2232554999999934, 'latency_robust_cv': 0.0021025602627618386, 'latency_ci95_low': 79.19562094999999, 'latency_ci95_high': 79.28359975000001, 'latency_bootstrap_ci_width_ms': 0.08797880000001612, 'latency_round_drift_fraction': 0.001109885142429576, 'latency_device_range_fraction': 0.00623042202654372, 'latency_synchronized_median_ms': 79.4665575, 'latency_synchronized_p95_ms': 79.63407500000001} status=success
2026-07-29 01:24:16,970 - tao_automl.runner - INFO - Recommendation 1: metric=0.429530, status=success
2026-07-29 01:24:17,030 - tao_automl.brain.bayesian - INFO - Recommendation param: model.dec_layers value: 4
2026-07-29 01:24:17,030 - tao_automl.brain.bayesian - INFO - Recommendation param: model.enc_layers value: 4
2026-07-29 01:24:17,030 - tao_automl.brain.bayesian - INFO - Recommendation param: train.optim.lr value: 0.00037484234102223873
2026-07-29 01:24:17,030 - tao_automl.brain.bayesian - INFO - Recommendation param: train.optim.weight_decay value: 0.00024425267091716745
2026-07-29 01:24:17,033 - tao_automl.runner - INFO - Recommendation 2: launching job with 4 spec overrides
2026-07-29 01:24:30,119 - tao_automl.runner - INFO - Rec 2: job 2771eff0-73fb-4059-baca-4e50766da6d1 submitted (backend: tao-job-2771eff0-73fb-4059-baca-4e50766da6d1)
JOB_STATUS phase=accuracy_evaluation seed=1455024938 rec=2 job=02b89244-b1f0-42cf-8daf-9c2fe65b96db status=Running
JOB_STATUS phase=accuracy_evaluation seed=1455024938 rec=2 job=02b89244-b1f0-42cf-8daf-9c2fe65b96db status=Complete
JOB_STATUS phase=accuracy_evaluation seed=1415367367 rec=2 job=703d5c9d-92ea-4abb-b942-f94c14711ff5 status=Running
JOB_STATUS phase=selection_time_latency seed=1455024938 rec=2 job=da72957e-650a-466c-9c39-ab8b5ce7c103 status=Running
JOB_STATUS phase=accuracy_evaluation seed=409976740 rec=2 job=ca93bf09-7c3a-4bea-95d6-969bbc70a031 status=Pending
JOB_STATUS phase=accuracy_evaluation seed=409976740 rec=2 job=ca93bf09-7c3a-4bea-95d6-969bbc70a031 status=Running
JOB_STATUS phase=selection_time_latency seed=1455024938 rec=2 job=da72957e-650a-466c-9c39-ab8b5ce7c103 status=Complete
2026-07-29 01:34:24,154 - tao_automl.runner - INFO - Rec 2: eval_fn returned metric={"latency_bootstrap_ci_width_ms": 0.07173674999998525, "latency_ci95_high": 71.05957074999999, "latency_ci95_low": 70.987834, "latency_device_range_fraction": 0.006086537342521103, "latency_iqr_ms": 0.18935350000000994, "latency_mad_ms": 0.09495899999998869, "latency_ms": 71.01870500000001, "latency_p95_ms": 71.24057545, "latency_robust_cv": 0.0019823821541097267, "latency_round_drift_fraction": 0.00026595810216483123, "latency_synchronized_median_ms": 71.2034715, "latency_synchronized_p95_ms": 71.3921505, "mAP50": 0.5832937635331393} (overriding log-extracted None)
2026-07-29 01:34:24,154 - tao_automl.runner - INFO - Rec 2: job 8ff4b1b3-537c-44ee-89d8-9df8021b318b succeeded, metric={"latency_bootstrap_ci_width_ms": 0.07173674999998525, "latency_ci95_high": 71.05957074999999, "latency_ci95_low": 70.987834, "latency_device_range_fraction": 0.006086537342521103, "latency_iqr_ms": 0.18935350000000994, "latency_mad_ms": 0.09495899999998869, "latency_ms": 71.01870500000001, "latency_p95_ms": 71.24057545, "latency_robust_cv": 0.0019823821541097267, "latency_round_drift_fraction": 0.00026595810216483123, "latency_synchronized_median_ms": 71.2034715, "latency_synchronized_p95_ms": 71.3921505, "mAP50": 0.5832937635331393}
2026-07-29 01:34:24,155 - tao_automl.controller.controller - INFO - Reported result for rec 2: score=0.000000 values={'mAP50': 0.5832937635331393, 'latency_ms': 71.01870500000001, 'latency_p95_ms': 71.24057545, 'latency_mad_ms': 0.09495899999998869, 'latency_iqr_ms': 0.18935350000000994, 'latency_robust_cv': 0.0019823821541097267, 'latency_ci95_low': 70.987834, 'latency_ci95_high': 71.05957074999999, 'latency_bootstrap_ci_width_ms': 0.07173674999998525, 'latency_round_drift_fraction': 0.00026595810216483123, 'latency_device_range_fraction': 0.006086537342521103, 'latency_synchronized_median_ms': 71.2034715, 'latency_synchronized_p95_ms': 71.3921505} status=success
2026-07-29 01:34:24,160 - tao_automl.runner - INFO - Recommendation 2: metric=0.583294, status=success
/localhome/local-rarunachalam/.tao/venvs/dino-multiobjective-py314/lib/python3.14/site-packages/sklearn/gaussian_process/kernels.py:455: ConvergenceWarning: The optimal value found for dimension 2 of parameter k2__length_scale is close to the specified upper bound 100000.0. Increasing the bound and calling fit again may find a better value.
  warnings.warn(
2026-07-29 01:34:24,240 - tao_automl.brain.bayesian - INFO - Recommendation param: model.dec_layers value: 3
2026-07-29 01:34:24,241 - tao_automl.brain.bayesian - INFO - Recommendation param: model.enc_layers value: 5
2026-07-29 01:34:24,241 - tao_automl.brain.bayesian - INFO - Recommendation param: train.optim.lr value: 0.0002206873996116796
2026-07-29 01:34:24,241 - tao_automl.brain.bayesian - INFO - Recommendation param: train.optim.weight_decay value: 0.0009
2026-07-29 01:34:24,244 - tao_automl.runner - INFO - Recommendation 3: launching job with 4 spec overrides
JOB_STATUS phase=accuracy_evaluation seed=1415367367 rec=2 job=703d5c9d-92ea-4abb-b942-f94c14711ff5 status=Complete
2026-07-29 01:34:39,993 - tao_automl.runner - INFO - Rec 3: job c03cd12c-b6da-4c18-9cfe-476523e6e667 submitted (backend: tao-job-c03cd12c-b6da-4c18-9cfe-476523e6e667)
JOB_STATUS phase=accuracy_evaluation seed=409976740 rec=2 job=ca93bf09-7c3a-4bea-95d6-969bbc70a031 status=Complete
JOB_STATUS phase=selection_time_latency seed=1415367367 rec=2 job=1268eba1-a02a-4927-a54c-a44fcb266331 status=Running
JOB_STATUS phase=selection_time_latency seed=409976740 rec=2 job=220e0be4-ab01-44af-b6d4-30ccfb4d097e status=Running
JOB_STATUS phase=selection_time_latency seed=1415367367 rec=2 job=1268eba1-a02a-4927-a54c-a44fcb266331 status=Complete
2026-07-29 01:37:13,498 - tao_automl.runner - INFO - Rec 2: eval_fn returned metric={"latency_bootstrap_ci_width_ms": 0.05403575000000416, "latency_ci95_high": 61.67191775, "latency_ci95_low": 61.617881999999994, "latency_device_range_fraction": 0.004583241090298279, "latency_iqr_ms": 0.16918150000000054, "latency_mad_ms": 0.08115125000000845, "latency_ms": 61.645349749999994, "latency_p95_ms": 61.82588645, "latency_robust_cv": 0.0019517261843422752, "latency_round_drift_fraction": 0.0006262232294334586, "latency_synchronized_median_ms": 61.7556115, "latency_synchronized_p95_ms": 62.09195345, "mAP50": 0.5922767540210859} (overriding log-extracted None)
2026-07-29 01:37:13,498 - tao_automl.runner - INFO - Rec 2: job 2771eff0-73fb-4059-baca-4e50766da6d1 succeeded, metric={"latency_bootstrap_ci_width_ms": 0.05403575000000416, "latency_ci95_high": 61.67191775, "latency_ci95_low": 61.617881999999994, "latency_device_range_fraction": 0.004583241090298279, "latency_iqr_ms": 0.16918150000000054, "latency_mad_ms": 0.08115125000000845, "latency_ms": 61.645349749999994, "latency_p95_ms": 61.82588645, "latency_robust_cv": 0.0019517261843422752, "latency_round_drift_fraction": 0.0006262232294334586, "latency_synchronized_median_ms": 61.7556115, "latency_synchronized_p95_ms": 62.09195345, "mAP50": 0.5922767540210859}
2026-07-29 01:37:13,499 - tao_automl.controller.controller - INFO - Reported result for rec 2: score=0.000000 values={'mAP50': 0.5922767540210859, 'latency_ms': 61.645349749999994, 'latency_p95_ms': 61.82588645, 'latency_mad_ms': 0.08115125000000845, 'latency_iqr_ms': 0.16918150000000054, 'latency_robust_cv': 0.0019517261843422752, 'latency_ci95_low': 61.617881999999994, 'latency_ci95_high': 61.67191775, 'latency_bootstrap_ci_width_ms': 0.05403575000000416, 'latency_round_drift_fraction': 0.0006262232294334586, 'latency_device_range_fraction': 0.004583241090298279, 'latency_synchronized_median_ms': 61.7556115, 'latency_synchronized_p95_ms': 62.09195345} status=success
2026-07-29 01:37:13,504 - tao_automl.runner - INFO - Recommendation 2: metric=0.592277, status=success
/localhome/local-rarunachalam/.tao/venvs/dino-multiobjective-py314/lib/python3.14/site-packages/sklearn/gaussian_process/kernels.py:455: ConvergenceWarning: The optimal value found for dimension 0 of parameter k2__length_scale is close to the specified upper bound 100000.0. Increasing the bound and calling fit again may find a better value.
  warnings.warn(
/localhome/local-rarunachalam/.tao/venvs/dino-multiobjective-py314/lib/python3.14/site-packages/sklearn/gaussian_process/kernels.py:455: ConvergenceWarning: The optimal value found for dimension 1 of parameter k2__length_scale is close to the specified upper bound 100000.0. Increasing the bound and calling fit again may find a better value.
  warnings.warn(
/localhome/local-rarunachalam/.tao/venvs/dino-multiobjective-py314/lib/python3.14/site-packages/sklearn/gaussian_process/kernels.py:455: ConvergenceWarning: The optimal value found for dimension 3 of parameter k2__length_scale is close to the specified upper bound 100000.0. Increasing the bound and calling fit again may find a better value.
  warnings.warn(
2026-07-29 01:37:13,576 - tao_automl.brain.bayesian - INFO - Recommendation param: model.dec_layers value: 4
2026-07-29 01:37:13,576 - tao_automl.brain.bayesian - INFO - Recommendation param: model.enc_layers value: 3
2026-07-29 01:37:13,576 - tao_automl.brain.bayesian - INFO - Recommendation param: train.optim.lr value: 0.00045
2026-07-29 01:37:13,576 - tao_automl.brain.bayesian - INFO - Recommendation param: train.optim.weight_decay value: 4.5828194130191776e-05
2026-07-29 01:37:13,579 - tao_automl.runner - INFO - Recommendation 3: launching job with 4 spec overrides
JOB_STATUS phase=selection_time_latency seed=409976740 rec=2 job=220e0be4-ab01-44af-b6d4-30ccfb4d097e status=Complete
2026-07-29 01:37:30,793 - tao_automl.runner - INFO - Rec 2: eval_fn returned metric={"latency_bootstrap_ci_width_ms": 0.08190700000000106, "latency_ci95_high": 74.6770805, "latency_ci95_low": 74.5951735, "latency_device_range_fraction": 0.0040461143574252855, "latency_iqr_ms": 0.18270925000001625, "latency_mad_ms": 0.0912594999999925, "latency_ms": 74.6325915, "latency_p95_ms": 74.85949705, "latency_robust_cv": 0.0018128987883261278, "latency_round_drift_fraction": 0.0014441344971924334, "latency_synchronized_median_ms": 74.79816199999999, "latency_synchronized_p95_ms": 75.14109210000001, "mAP50": 0.5771153059216705} (overriding log-extracted None)
2026-07-29 01:37:30,793 - tao_automl.runner - INFO - Rec 2: job 94cfb422-477d-4306-a1f6-ab66c179fc1d succeeded, metric={"latency_bootstrap_ci_width_ms": 0.08190700000000106, "latency_ci95_high": 74.6770805, "latency_ci95_low": 74.5951735, "latency_device_range_fraction": 0.0040461143574252855, "latency_iqr_ms": 0.18270925000001625, "latency_mad_ms": 0.0912594999999925, "latency_ms": 74.6325915, "latency_p95_ms": 74.85949705, "latency_robust_cv": 0.0018128987883261278, "latency_round_drift_fraction": 0.0014441344971924334, "latency_synchronized_median_ms": 74.79816199999999, "latency_synchronized_p95_ms": 75.14109210000001, "mAP50": 0.5771153059216705}
2026-07-29 01:37:30,794 - tao_automl.controller.controller - INFO - Reported result for rec 2: score=0.000000 values={'mAP50': 0.5771153059216705, 'latency_ms': 74.6325915, 'latency_p95_ms': 74.85949705, 'latency_mad_ms': 0.0912594999999925, 'latency_iqr_ms': 0.18270925000001625, 'latency_robust_cv': 0.0018128987883261278, 'latency_ci95_low': 74.5951735, 'latency_ci95_high': 74.6770805, 'latency_bootstrap_ci_width_ms': 0.08190700000000106, 'latency_round_drift_fraction': 0.0014441344971924334, 'latency_device_range_fraction': 0.0040461143574252855, 'latency_synchronized_median_ms': 74.79816199999999, 'latency_synchronized_p95_ms': 75.14109210000001} status=success
2026-07-29 01:37:30,799 - tao_automl.runner - INFO - Recommendation 2: metric=0.577115, status=success
2026-07-29 01:37:30,944 - tao_automl.brain.bayesian - INFO - Recommendation param: model.dec_layers value: 3
2026-07-29 01:37:30,944 - tao_automl.brain.bayesian - INFO - Recommendation param: model.enc_layers value: 5
2026-07-29 01:37:30,944 - tao_automl.brain.bayesian - INFO - Recommendation param: train.optim.lr value: 0.0004590845894799724
2026-07-29 01:37:30,944 - tao_automl.brain.bayesian - INFO - Recommendation param: train.optim.weight_decay value: 1.1000000000000001e-05
2026-07-29 01:37:30,947 - tao_automl.runner - INFO - Recommendation 3: launching job with 4 spec overrides
2026-07-29 01:37:32,559 - tao_automl.runner - INFO - Rec 3: job b2cfaa1e-153c-4526-8a6a-8cbb95495656 submitted (backend: tao-job-b2cfaa1e-153c-4526-8a6a-8cbb95495656)
2026-07-29 01:37:49,593 - tao_automl.runner - INFO - Rec 3: job b0b22da0-1519-4fae-8804-fb8089f267f0 submitted (backend: tao-job-b0b22da0-1519-4fae-8804-fb8089f267f0)
JOB_STATUS phase=accuracy_evaluation seed=1455024938 rec=3 job=3cc39430-03f2-48f0-b48c-9b4f0da81470 status=Running
JOB_STATUS phase=accuracy_evaluation seed=1455024938 rec=3 job=3cc39430-03f2-48f0-b48c-9b4f0da81470 status=Complete
JOB_STATUS phase=accuracy_evaluation seed=1415367367 rec=3 job=1e485e70-e0fa-41d4-af74-0b82788a09ee status=Pending
JOB_STATUS phase=selection_time_latency seed=1455024938 rec=3 job=fc603210-ab77-494f-a972-8e7a72659f83 status=Pending
JOB_STATUS phase=accuracy_evaluation seed=409976740 rec=3 job=1738689d-a80d-4fe3-809f-d7a0f8710d4f status=Pending
JOB_STATUS phase=accuracy_evaluation seed=1415367367 rec=3 job=1e485e70-e0fa-41d4-af74-0b82788a09ee status=Running
JOB_STATUS phase=selection_time_latency seed=1455024938 rec=3 job=fc603210-ab77-494f-a972-8e7a72659f83 status=Running
JOB_STATUS phase=accuracy_evaluation seed=409976740 rec=3 job=1738689d-a80d-4fe3-809f-d7a0f8710d4f status=Running
JOB_STATUS phase=accuracy_evaluation seed=1415367367 rec=3 job=1e485e70-e0fa-41d4-af74-0b82788a09ee status=Complete
JOB_STATUS phase=selection_time_latency seed=1415367367 rec=3 job=7922aaff-eba8-466e-9b3f-cd12f4801759 status=Pending
JOB_STATUS phase=selection_time_latency seed=1415367367 rec=3 job=7922aaff-eba8-466e-9b3f-cd12f4801759 status=Running
JOB_STATUS phase=selection_time_latency seed=1455024938 rec=3 job=fc603210-ab77-494f-a972-8e7a72659f83 status=Complete
2026-07-29 01:49:15,974 - tao_automl.runner - INFO - Rec 3: eval_fn returned metric={"latency_bootstrap_ci_width_ms": 0.059048249999989366, "latency_ci95_high": 61.686809249999996, "latency_ci95_low": 61.62776100000001, "latency_device_range_fraction": 0.006676368263835578, "latency_iqr_ms": 0.13957625000000462, "latency_mad_ms": 0.06985424999999879, "latency_ms": 61.67042975, "latency_p95_ms": 61.85024955, "latency_robust_cv": 0.001679344727608262, "latency_round_drift_fraction": 5.3064329424333846e-05, "latency_synchronized_median_ms": 61.8212005, "latency_synchronized_p95_ms": 62.00492395, "mAP50": 0.5855061966438848} (overriding log-extracted None)
2026-07-29 01:49:15,974 - tao_automl.runner - INFO - Rec 3: job c03cd12c-b6da-4c18-9cfe-476523e6e667 succeeded, metric={"latency_bootstrap_ci_width_ms": 0.059048249999989366, "latency_ci95_high": 61.686809249999996, "latency_ci95_low": 61.62776100000001, "latency_device_range_fraction": 0.006676368263835578, "latency_iqr_ms": 0.13957625000000462, "latency_mad_ms": 0.06985424999999879, "latency_ms": 61.67042975, "latency_p95_ms": 61.85024955, "latency_robust_cv": 0.001679344727608262, "latency_round_drift_fraction": 5.3064329424333846e-05, "latency_synchronized_median_ms": 61.8212005, "latency_synchronized_p95_ms": 62.00492395, "mAP50": 0.5855061966438848}
2026-07-29 01:49:15,976 - tao_automl.controller.controller - INFO - Reported result for rec 3: score=1.000000 values={'mAP50': 0.5855061966438848, 'latency_ms': 61.67042975, 'latency_p95_ms': 61.85024955, 'latency_mad_ms': 0.06985424999999879, 'latency_iqr_ms': 0.13957625000000462, 'latency_robust_cv': 0.001679344727608262, 'latency_ci95_low': 61.62776100000001, 'latency_ci95_high': 61.686809249999996, 'latency_bootstrap_ci_width_ms': 0.059048249999989366, 'latency_round_drift_fraction': 5.3064329424333846e-05, 'latency_device_range_fraction': 0.006676368263835578, 'latency_synchronized_median_ms': 61.8212005, 'latency_synchronized_p95_ms': 62.00492395} status=success
2026-07-29 01:49:15,982 - tao_automl.runner - INFO - Recommendation 3: metric=0.585506, status=success
/localhome/local-rarunachalam/.tao/venvs/dino-multiobjective-py314/lib/python3.14/site-packages/sklearn/gaussian_process/kernels.py:455: ConvergenceWarning: The optimal value found for dimension 2 of parameter k2__length_scale is close to the specified upper bound 100000.0. Increasing the bound and calling fit again may find a better value.
  warnings.warn(
2026-07-29 01:49:16,181 - tao_automl.brain.bayesian - INFO - Recommendation param: model.dec_layers value: 3
2026-07-29 01:49:16,181 - tao_automl.brain.bayesian - INFO - Recommendation param: model.enc_layers value: 5
2026-07-29 01:49:16,181 - tao_automl.brain.bayesian - INFO - Recommendation param: train.optim.lr value: 0.0003708981060268316
2026-07-29 01:49:16,181 - tao_automl.brain.bayesian - INFO - Recommendation param: train.optim.weight_decay value: 0.0009
2026-07-29 01:49:16,185 - tao_automl.runner - INFO - Recommendation 4: launching job with 4 spec overrides
2026-07-29 01:49:32,947 - tao_automl.runner - INFO - Rec 4: job 3ffd56cd-409d-4d35-a677-6c006f78fea5 submitted (backend: tao-job-3ffd56cd-409d-4d35-a677-6c006f78fea5)
JOB_STATUS phase=accuracy_evaluation seed=409976740 rec=3 job=1738689d-a80d-4fe3-809f-d7a0f8710d4f status=Complete
JOB_STATUS phase=selection_time_latency seed=409976740 rec=3 job=eaea8563-a3c7-486f-9c6e-b49267cf9fa0 status=Running
JOB_STATUS phase=selection_time_latency seed=1415367367 rec=3 job=7922aaff-eba8-466e-9b3f-cd12f4801759 status=Complete
2026-07-29 01:51:05,963 - tao_automl.runner - INFO - Rec 3: eval_fn returned metric={"latency_bootstrap_ci_width_ms": 0.10800549999999731, "latency_ci95_high": 56.503154, "latency_ci95_low": 56.395148500000005, "latency_device_range_fraction": 0.0037456353471667127, "latency_iqr_ms": 0.1512339999999952, "latency_mad_ms": 0.07619924999999483, "latency_ms": 56.44943524999999, "latency_p95_ms": 56.62388995, "latency_robust_cv": 0.0020013133444057325, "latency_round_drift_fraction": 0.0004897480351674055, "latency_synchronized_median_ms": 56.5654505, "latency_synchronized_p95_ms": 56.692203449999994, "mAP50": 0.5765561328492543} (overriding log-extracted None)
2026-07-29 01:51:05,963 - tao_automl.runner - INFO - Rec 3: job b2cfaa1e-153c-4526-8a6a-8cbb95495656 succeeded, metric={"latency_bootstrap_ci_width_ms": 0.10800549999999731, "latency_ci95_high": 56.503154, "latency_ci95_low": 56.395148500000005, "latency_device_range_fraction": 0.0037456353471667127, "latency_iqr_ms": 0.1512339999999952, "latency_mad_ms": 0.07619924999999483, "latency_ms": 56.44943524999999, "latency_p95_ms": 56.62388995, "latency_robust_cv": 0.0020013133444057325, "latency_round_drift_fraction": 0.0004897480351674055, "latency_synchronized_median_ms": 56.5654505, "latency_synchronized_p95_ms": 56.692203449999994, "mAP50": 0.5765561328492543}
2026-07-29 01:51:05,968 - tao_automl.controller.controller - INFO - Reported result for rec 3: score=1.000000 values={'mAP50': 0.5765561328492543, 'latency_ms': 56.44943524999999, 'latency_p95_ms': 56.62388995, 'latency_mad_ms': 0.07619924999999483, 'latency_iqr_ms': 0.1512339999999952, 'latency_robust_cv': 0.0020013133444057325, 'latency_ci95_low': 56.395148500000005, 'latency_ci95_high': 56.503154, 'latency_bootstrap_ci_width_ms': 0.10800549999999731, 'latency_round_drift_fraction': 0.0004897480351674055, 'latency_device_range_fraction': 0.0037456353471667127, 'latency_synchronized_median_ms': 56.5654505, 'latency_synchronized_p95_ms': 56.692203449999994} status=success
2026-07-29 01:51:05,973 - tao_automl.runner - INFO - Recommendation 3: metric=0.576556, status=success
/localhome/local-rarunachalam/.tao/venvs/dino-multiobjective-py314/lib/python3.14/site-packages/sklearn/gaussian_process/kernels.py:455: ConvergenceWarning: The optimal value found for dimension 0 of parameter k2__length_scale is close to the specified upper bound 100000.0. Increasing the bound and calling fit again may find a better value.
  warnings.warn(
/localhome/local-rarunachalam/.tao/venvs/dino-multiobjective-py314/lib/python3.14/site-packages/sklearn/gaussian_process/kernels.py:455: ConvergenceWarning: The optimal value found for dimension 3 of parameter k2__length_scale is close to the specified upper bound 100000.0. Increasing the bound and calling fit again may find a better value.
  warnings.warn(
2026-07-29 01:51:06,069 - tao_automl.brain.bayesian - INFO - Recommendation param: model.dec_layers value: 6
2026-07-29 01:51:06,069 - tao_automl.brain.bayesian - INFO - Recommendation param: model.enc_layers value: 6
2026-07-29 01:51:06,069 - tao_automl.brain.bayesian - INFO - Recommendation param: train.optim.lr value: 0.00048374142275529614
2026-07-29 01:51:06,069 - tao_automl.brain.bayesian - INFO - Recommendation param: train.optim.weight_decay value: 1.878327566150566e-05
2026-07-29 01:51:06,073 - tao_automl.runner - INFO - Recommendation 4: launching job with 4 spec overrides
2026-07-29 01:51:27,492 - tao_automl.runner - INFO - Rec 4: job 2ab78c46-9341-4525-8232-e8ac9f2da2c1 submitted (backend: tao-job-2ab78c46-9341-4525-8232-e8ac9f2da2c1)
2026-07-29 01:53:04,921 - tao_sdk.platforms.slurm.handler - WARNING - SLURM did not report a stable ClusterName
2026-07-29 01:53:04,921 - tao_sdk.platforms.slurm.sdk - WARNING - Refusing SLURM operation for job 3ffd56cd-409d-4d35-a677-6c006f78fea5: backend identity is missing or does not match the current cluster
2026-07-29 01:53:07,589 - tao_sdk.platforms.slurm.handler - WARNING - SLURM did not report a stable ClusterName
2026-07-29 01:53:07,589 - tao_sdk.platforms.slurm.sdk - WARNING - Refusing SLURM operation for job 2ab78c46-9341-4525-8232-e8ac9f2da2c1: backend identity is missing or does not match the current cluster
JOB_STATUS phase=selection_time_latency seed=409976740 rec=3 job=eaea8563-a3c7-486f-9c6e-b49267cf9fa0 status=Complete
2026-07-29 01:53:37,178 - tao_automl.runner - INFO - Rec 3: eval_fn returned metric={"latency_bootstrap_ci_width_ms": 0.05754669374999821, "latency_ci95_high": 61.60303594375, "latency_ci95_low": 61.54548925, "latency_device_range_fraction": 0.004967096825568329, "latency_iqr_ms": 0.15997525000000223, "latency_mad_ms": 0.0764404999999968, "latency_ms": 61.555876749999996, "latency_p95_ms": 61.812141000000004, "latency_robust_cv": 0.0018411026092646022, "latency_round_drift_fraction": 5.815854129626003e-05, "latency_synchronized_median_ms": 61.782062499999995, "latency_synchronized_p95_ms": 61.92712155, "mAP50": 0.6126253695113452} (overriding log-extracted None)
2026-07-29 01:53:37,178 - tao_automl.runner - INFO - Rec 3: job b0b22da0-1519-4fae-8804-fb8089f267f0 succeeded, metric={"latency_bootstrap_ci_width_ms": 0.05754669374999821, "latency_ci95_high": 61.60303594375, "latency_ci95_low": 61.54548925, "latency_device_range_fraction": 0.004967096825568329, "latency_iqr_ms": 0.15997525000000223, "latency_mad_ms": 0.0764404999999968, "latency_ms": 61.555876749999996, "latency_p95_ms": 61.812141000000004, "latency_robust_cv": 0.0018411026092646022, "latency_round_drift_fraction": 5.815854129626003e-05, "latency_synchronized_median_ms": 61.782062499999995, "latency_synchronized_p95_ms": 61.92712155, "mAP50": 0.6126253695113452}
2026-07-29 01:53:37,180 - tao_automl.controller.controller - INFO - Reported result for rec 3: score=1.000000 values={'mAP50': 0.6126253695113452, 'latency_ms': 61.555876749999996, 'latency_p95_ms': 61.812141000000004, 'latency_mad_ms': 0.0764404999999968, 'latency_iqr_ms': 0.15997525000000223, 'latency_robust_cv': 0.0018411026092646022, 'latency_ci95_low': 61.54548925, 'latency_ci95_high': 61.60303594375, 'latency_bootstrap_ci_width_ms': 0.05754669374999821, 'latency_round_drift_fraction': 5.815854129626003e-05, 'latency_device_range_fraction': 0.004967096825568329, 'latency_synchronized_median_ms': 61.782062499999995, 'latency_synchronized_p95_ms': 61.92712155} status=success
2026-07-29 01:53:37,186 - tao_automl.runner - INFO - Recommendation 3: metric=0.612625, status=success
/localhome/local-rarunachalam/.tao/venvs/dino-multiobjective-py314/lib/python3.14/site-packages/sklearn/gaussian_process/kernels.py:455: ConvergenceWarning: The optimal value found for dimension 0 of parameter k2__length_scale is close to the specified upper bound 100000.0. Increasing the bound and calling fit again may find a better value.
  warnings.warn(
2026-07-29 01:53:37,333 - tao_automl.brain.bayesian - INFO - Recommendation param: model.dec_layers value: 3
2026-07-29 01:53:37,334 - tao_automl.brain.bayesian - INFO - Recommendation param: model.enc_layers value: 6
2026-07-29 01:53:37,334 - tao_automl.brain.bayesian - INFO - Recommendation param: train.optim.lr value: 0.00045
2026-07-29 01:53:37,334 - tao_automl.brain.bayesian - INFO - Recommendation param: train.optim.weight_decay value: 1.1000000000000001e-05
2026-07-29 01:53:37,338 - tao_automl.runner - INFO - Recommendation 4: launching job with 4 spec overrides
2026-07-29 01:53:51,516 - tao_automl.runner - INFO - Rec 4: job 743f702c-c303-4513-ab5c-10e5cc17b1eb submitted (backend: tao-job-743f702c-c303-4513-ab5c-10e5cc17b1eb)
JOB_STATUS phase=accuracy_evaluation seed=1455024938 rec=4 job=fd1cb3e7-99d8-42c1-90b3-2b0cee3672c4 status=Pending
JOB_STATUS phase=accuracy_evaluation seed=1455024938 rec=4 job=fd1cb3e7-99d8-42c1-90b3-2b0cee3672c4 status=Running
JOB_STATUS phase=accuracy_evaluation seed=1455024938 rec=4 job=fd1cb3e7-99d8-42c1-90b3-2b0cee3672c4 status=Complete
JOB_STATUS phase=selection_time_latency seed=1455024938 rec=4 job=23e5af28-5dc1-4cd0-b856-5c5e12502db9 status=Pending
JOB_STATUS phase=selection_time_latency seed=1455024938 rec=4 job=23e5af28-5dc1-4cd0-b856-5c5e12502db9 status=Running
JOB_STATUS phase=accuracy_evaluation seed=409976740 rec=4 job=da1732e0-71bc-498e-a3af-8f553aadad6a status=Running
JOB_STATUS phase=accuracy_evaluation seed=1415367367 rec=4 job=2aca80e4-6dcf-4203-9ca1-c88f274c41bc status=Running
JOB_STATUS phase=selection_time_latency seed=1455024938 rec=4 job=23e5af28-5dc1-4cd0-b856-5c5e12502db9 status=Complete
2026-07-29 02:02:02,289 - tao_automl.runner - INFO - Rec 4: eval_fn returned metric={"latency_bootstrap_ci_width_ms": 0.03169800000000578, "latency_ci95_high": 61.979393, "latency_ci95_low": 61.947694999999996, "latency_device_range_fraction": 0.0038998394896571603, "latency_iqr_ms": 0.1576170000000019, "latency_mad_ms": 0.059895999999998395, "latency_ms": 61.95254975, "latency_p95_ms": 62.23000005, "latency_robust_cv": 0.0014333842587325894, "latency_round_drift_fraction": 0.00017429064733533146, "latency_synchronized_median_ms": 62.194755, "latency_synchronized_p95_ms": 62.37664305, "mAP50": 0.5985999554378868} (overriding log-extracted None)
2026-07-29 02:02:02,289 - tao_automl.runner - INFO - Rec 4: job 3ffd56cd-409d-4d35-a677-6c006f78fea5 succeeded, metric={"latency_bootstrap_ci_width_ms": 0.03169800000000578, "latency_ci95_high": 61.979393, "latency_ci95_low": 61.947694999999996, "latency_device_range_fraction": 0.0038998394896571603, "latency_iqr_ms": 0.1576170000000019, "latency_mad_ms": 0.059895999999998395, "latency_ms": 61.95254975, "latency_p95_ms": 62.23000005, "latency_robust_cv": 0.0014333842587325894, "latency_round_drift_fraction": 0.00017429064733533146, "latency_synchronized_median_ms": 62.194755, "latency_synchronized_p95_ms": 62.37664305, "mAP50": 0.5985999554378868}
2026-07-29 02:02:02,291 - tao_automl.controller.controller - INFO - Reported result for rec 4: score=0.969821 values={'mAP50': 0.5985999554378868, 'latency_ms': 61.95254975, 'latency_p95_ms': 62.23000005, 'latency_mad_ms': 0.059895999999998395, 'latency_iqr_ms': 0.1576170000000019, 'latency_robust_cv': 0.0014333842587325894, 'latency_ci95_low': 61.947694999999996, 'latency_ci95_high': 61.979393, 'latency_bootstrap_ci_width_ms': 0.03169800000000578, 'latency_round_drift_fraction': 0.00017429064733533146, 'latency_device_range_fraction': 0.0038998394896571603, 'latency_synchronized_median_ms': 62.194755, 'latency_synchronized_p95_ms': 62.37664305} status=success
2026-07-29 02:02:02,297 - tao_automl.runner - INFO - Recommendation 4: metric=0.598600, status=success
2026-07-29 02:02:02,382 - tao_automl.brain.bayesian - INFO - Recommendation param: model.dec_layers value: 4
2026-07-29 02:02:02,382 - tao_automl.brain.bayesian - INFO - Recommendation param: model.enc_layers value: 3
2026-07-29 02:02:02,382 - tao_automl.brain.bayesian - INFO - Recommendation param: train.optim.lr value: 0.00023595146037430547
2026-07-29 02:02:02,382 - tao_automl.brain.bayesian - INFO - Recommendation param: train.optim.weight_decay value: 0.0009126891852038346
2026-07-29 02:02:02,387 - tao_automl.runner - INFO - Recommendation 5: launching job with 4 spec overrides
2026-07-29 02:02:18,862 - tao_automl.runner - INFO - Rec 5: job b0254d95-b85a-4310-8bdd-87d3083b0a85 submitted (backend: tao-job-b0254d95-b85a-4310-8bdd-87d3083b0a85)
JOB_STATUS phase=accuracy_evaluation seed=409976740 rec=4 job=da1732e0-71bc-498e-a3af-8f553aadad6a status=Complete
JOB_STATUS phase=accuracy_evaluation seed=1415367367 rec=4 job=2aca80e4-6dcf-4203-9ca1-c88f274c41bc status=Complete
JOB_STATUS phase=selection_time_latency seed=409976740 rec=4 job=ff8c131b-0f24-4e8a-b4f4-dd3192d63cb2 status=Running
JOB_STATUS phase=selection_time_latency seed=1415367367 rec=4 job=8fc07aca-e8cb-4c00-8557-513d85aed7b8 status=Running
JOB_STATUS phase=selection_time_latency seed=409976740 rec=4 job=ff8c131b-0f24-4e8a-b4f4-dd3192d63cb2 status=Complete
2026-07-29 02:06:06,417 - tao_automl.runner - INFO - Rec 4: eval_fn returned metric={"latency_bootstrap_ci_width_ms": 0.20365199999999106, "latency_ci95_high": 66.427472, "latency_ci95_low": 66.22382, "latency_device_range_fraction": 0.005733471344938273, "latency_iqr_ms": 0.2725535000000008, "latency_mad_ms": 0.1032949999999957, "latency_ms": 66.246603, "latency_p95_ms": 66.57705499999999, "latency_robust_cv": 0.0023117436980126154, "latency_round_drift_fraction": 0.0006450594908239802, "latency_synchronized_median_ms": 66.532342, "latency_synchronized_p95_ms": 66.69274895, "mAP50": 0.6327576355644742} (overriding log-extracted None)
2026-07-29 02:06:06,417 - tao_automl.runner - INFO - Rec 4: job 743f702c-c303-4513-ab5c-10e5cc17b1eb succeeded, metric={"latency_bootstrap_ci_width_ms": 0.20365199999999106, "latency_ci95_high": 66.427472, "latency_ci95_low": 66.22382, "latency_device_range_fraction": 0.005733471344938273, "latency_iqr_ms": 0.2725535000000008, "latency_mad_ms": 0.1032949999999957, "latency_ms": 66.246603, "latency_p95_ms": 66.57705499999999, "latency_robust_cv": 0.0023117436980126154, "latency_round_drift_fraction": 0.0006450594908239802, "latency_synchronized_median_ms": 66.532342, "latency_synchronized_p95_ms": 66.69274895, "mAP50": 0.6327576355644742}
2026-07-29 02:06:06,419 - tao_automl.controller.controller - INFO - Reported result for rec 4: score=0.641292 values={'mAP50': 0.6327576355644742, 'latency_ms': 66.246603, 'latency_p95_ms': 66.57705499999999, 'latency_mad_ms': 0.1032949999999957, 'latency_iqr_ms': 0.2725535000000008, 'latency_robust_cv': 0.0023117436980126154, 'latency_ci95_low': 66.22382, 'latency_ci95_high': 66.427472, 'latency_bootstrap_ci_width_ms': 0.20365199999999106, 'latency_round_drift_fraction': 0.0006450594908239802, 'latency_device_range_fraction': 0.005733471344938273, 'latency_synchronized_median_ms': 66.532342, 'latency_synchronized_p95_ms': 66.69274895} status=success
2026-07-29 02:06:06,425 - tao_automl.runner - INFO - Recommendation 4: metric=0.632758, status=success
2026-07-29 02:06:06,676 - tao_automl.brain.bayesian - INFO - Recommendation param: model.dec_layers value: 3
2026-07-29 02:06:06,676 - tao_automl.brain.bayesian - INFO - Recommendation param: model.enc_layers value: 3
2026-07-29 02:06:06,676 - tao_automl.brain.bayesian - INFO - Recommendation param: train.optim.lr value: 0.00016913371546861181
2026-07-29 02:06:06,676 - tao_automl.brain.bayesian - INFO - Recommendation param: train.optim.weight_decay value: 1.1000000000000001e-05
2026-07-29 02:06:06,681 - tao_automl.runner - INFO - Recommendation 5: launching job with 4 spec overrides
2026-07-29 02:06:25,313 - tao_automl.runner - INFO - Rec 5: job de1565d5-ab24-45f8-851c-fd81cdf11987 submitted (backend: tao-job-de1565d5-ab24-45f8-851c-fd81cdf11987)
JOB_STATUS phase=selection_time_latency seed=1415367367 rec=4 job=8fc07aca-e8cb-4c00-8557-513d85aed7b8 status=Complete
2026-07-29 02:06:43,196 - tao_automl.runner - INFO - Rec 4: eval_fn returned metric={"latency_bootstrap_ci_width_ms": 0.09095600000000559, "latency_ci95_high": 79.268338, "latency_ci95_low": 79.177382, "latency_device_range_fraction": 0.007264078364949301, "latency_iqr_ms": 0.2696794999999952, "latency_mad_ms": 0.12415624999999153, "latency_ms": 79.22429675000001, "latency_p95_ms": 79.49090195, "latency_robust_cv": 0.0023234545941234553, "latency_round_drift_fraction": 0.000988191163716435, "latency_synchronized_median_ms": 79.4332045, "latency_synchronized_p95_ms": 79.7630796, "mAP50": 0.5839175878613128} (overriding log-extracted None)
2026-07-29 02:06:43,196 - tao_automl.runner - INFO - Rec 4: job 2ab78c46-9341-4525-8232-e8ac9f2da2c1 succeeded, metric={"latency_bootstrap_ci_width_ms": 0.09095600000000559, "latency_ci95_high": 79.268338, "latency_ci95_low": 79.177382, "latency_device_range_fraction": 0.007264078364949301, "latency_iqr_ms": 0.2696794999999952, "latency_mad_ms": 0.12415624999999153, "latency_ms": 79.22429675000001, "latency_p95_ms": 79.49090195, "latency_robust_cv": 0.0023234545941234553, "latency_round_drift_fraction": 0.000988191163716435, "latency_synchronized_median_ms": 79.4332045, "latency_synchronized_p95_ms": 79.7630796, "mAP50": 0.5839175878613128}
2026-07-29 02:06:43,198 - tao_automl.controller.controller - INFO - Reported result for rec 4: score=0.000000 values={'mAP50': 0.5839175878613128, 'latency_ms': 79.22429675000001, 'latency_p95_ms': 79.49090195, 'latency_mad_ms': 0.12415624999999153, 'latency_iqr_ms': 0.2696794999999952, 'latency_robust_cv': 0.0023234545941234553, 'latency_ci95_low': 79.177382, 'latency_ci95_high': 79.268338, 'latency_bootstrap_ci_width_ms': 0.09095600000000559, 'latency_round_drift_fraction': 0.000988191163716435, 'latency_device_range_fraction': 0.007264078364949301, 'latency_synchronized_median_ms': 79.4332045, 'latency_synchronized_p95_ms': 79.7630796} status=success
2026-07-29 02:06:43,203 - tao_automl.runner - INFO - Recommendation 4: metric=0.583918, status=success
2026-07-29 02:06:43,371 - tao_automl.brain.bayesian - INFO - Recommendation param: model.dec_layers value: 4
2026-07-29 02:06:43,371 - tao_automl.brain.bayesian - INFO - Recommendation param: model.enc_layers value: 3
2026-07-29 02:06:43,371 - tao_automl.brain.bayesian - INFO - Recommendation param: train.optim.lr value: 0.00041052051653553954
2026-07-29 02:06:43,371 - tao_automl.brain.bayesian - INFO - Recommendation param: train.optim.weight_decay value: 0.0009269709933449863
2026-07-29 02:06:43,375 - tao_automl.runner - INFO - Recommendation 5: launching job with 4 spec overrides
2026-07-29 02:06:58,134 - tao_automl.runner - INFO - Rec 5: job c331245c-4027-4bcb-baec-3fe59577bcd0 submitted (backend: tao-job-c331245c-4027-4bcb-baec-3fe59577bcd0)
JOB_STATUS phase=accuracy_evaluation seed=1455024938 rec=5 job=a5de757e-f7e5-4518-bf9a-4554c23a65f1 status=Pending
JOB_STATUS phase=accuracy_evaluation seed=1455024938 rec=5 job=a5de757e-f7e5-4518-bf9a-4554c23a65f1 status=Running
JOB_STATUS phase=accuracy_evaluation seed=1455024938 rec=5 job=a5de757e-f7e5-4518-bf9a-4554c23a65f1 status=Complete
JOB_STATUS phase=selection_time_latency seed=1455024938 rec=5 job=c880abb7-7140-4e93-8ae9-86e72504fc59 status=Running
JOB_STATUS phase=accuracy_evaluation seed=409976740 rec=5 job=42a35459-2736-4aa0-8667-1f05f5722057 status=Running
JOB_STATUS phase=selection_time_latency seed=1455024938 rec=5 job=c880abb7-7140-4e93-8ae9-86e72504fc59 status=Complete
2026-07-29 02:13:31,219 - tao_automl.runner - INFO - Rec 5: eval_fn returned metric={"latency_bootstrap_ci_width_ms": 0.1981212499999927, "latency_ci95_high": 56.6951, "latency_ci95_low": 56.496978750000004, "latency_device_range_fraction": 0.00824596559589255, "latency_iqr_ms": 0.27332475000000045, "latency_mad_ms": 0.13085049999999399, "latency_ms": 56.597980500000006, "latency_p95_ms": 56.82435955, "latency_robust_cv": 0.0034276656090227644, "latency_round_drift_fraction": 0.0010026550328946502, "latency_synchronized_median_ms": 56.776171500000004, "latency_synchronized_p95_ms": 56.90913605, "mAP50": 0.5029777287925962} (overriding log-extracted None)
2026-07-29 02:13:31,219 - tao_automl.runner - INFO - Rec 5: job b0254d95-b85a-4310-8bdd-87d3083b0a85 succeeded, metric={"latency_bootstrap_ci_width_ms": 0.1981212499999927, "latency_ci95_high": 56.6951, "latency_ci95_low": 56.496978750000004, "latency_device_range_fraction": 0.00824596559589255, "latency_iqr_ms": 0.27332475000000045, "latency_mad_ms": 0.13085049999999399, "latency_ms": 56.597980500000006, "latency_p95_ms": 56.82435955, "latency_robust_cv": 0.0034276656090227644, "latency_round_drift_fraction": 0.0010026550328946502, "latency_synchronized_median_ms": 56.776171500000004, "latency_synchronized_p95_ms": 56.90913605, "mAP50": 0.5029777287925962}
2026-07-29 02:13:31,221 - tao_automl.controller.controller - INFO - Reported result for rec 5: score=-1.059743 values={'mAP50': 0.5029777287925962, 'latency_ms': 56.597980500000006, 'latency_p95_ms': 56.82435955, 'latency_mad_ms': 0.13085049999999399, 'latency_iqr_ms': 0.27332475000000045, 'latency_robust_cv': 0.0034276656090227644, 'latency_ci95_low': 56.496978750000004, 'latency_ci95_high': 56.6951, 'latency_bootstrap_ci_width_ms': 0.1981212499999927, 'latency_round_drift_fraction': 0.0010026550328946502, 'latency_device_range_fraction': 0.00824596559589255, 'latency_synchronized_median_ms': 56.776171500000004, 'latency_synchronized_p95_ms': 56.90913605} status=success
2026-07-29 02:13:31,227 - tao_automl.runner - INFO - Recommendation 5: metric=0.502978, status=success
2026-07-29 02:13:31,314 - tao_automl.brain.bayesian - INFO - Recommendation param: model.dec_layers value: 5
2026-07-29 02:13:31,314 - tao_automl.brain.bayesian - INFO - Recommendation param: model.enc_layers value: 3
2026-07-29 02:13:31,314 - tao_automl.brain.bayesian - INFO - Recommendation param: train.optim.lr value: 8.642141907148085e-05
2026-07-29 02:13:31,314 - tao_automl.brain.bayesian - INFO - Recommendation param: train.optim.weight_decay value: 0.00012353116430971478
2026-07-29 02:13:31,319 - tao_automl.runner - INFO - Recommendation 6: launching job with 4 spec overrides
2026-07-29 02:13:44,990 - tao_automl.runner - INFO - Rec 6: job 22c8b74c-7603-461b-8f64-49490c21c9f8 submitted (backend: tao-job-22c8b74c-7603-461b-8f64-49490c21c9f8)
JOB_STATUS phase=accuracy_evaluation seed=1415367367 rec=5 job=8f9d27ce-4142-4153-b102-73be3e83d155 status=Pending
JOB_STATUS phase=accuracy_evaluation seed=1415367367 rec=5 job=8f9d27ce-4142-4153-b102-73be3e83d155 status=Running
JOB_STATUS phase=accuracy_evaluation seed=409976740 rec=5 job=42a35459-2736-4aa0-8667-1f05f5722057 status=Complete
JOB_STATUS phase=selection_time_latency seed=409976740 rec=5 job=658771a9-e505-4b16-bf2b-6006447e18ea status=Pending
JOB_STATUS phase=selection_time_latency seed=409976740 rec=5 job=658771a9-e505-4b16-bf2b-6006447e18ea status=Running
JOB_STATUS phase=accuracy_evaluation seed=1415367367 rec=5 job=8f9d27ce-4142-4153-b102-73be3e83d155 status=Complete
JOB_STATUS phase=selection_time_latency seed=1415367367 rec=5 job=2152c9bf-4067-43d1-8002-10fe2eb602b6 status=Running
JOB_STATUS phase=selection_time_latency seed=409976740 rec=5 job=658771a9-e505-4b16-bf2b-6006447e18ea status=Complete
2026-07-29 02:17:46,886 - tao_automl.runner - INFO - Rec 5: eval_fn returned metric={"latency_bootstrap_ci_width_ms": 0.12338749999999266, "latency_ci95_high": 52.297288249999994, "latency_ci95_low": 52.17390075, "latency_device_range_fraction": 0.005659565792048086, "latency_iqr_ms": 0.1705137500000049, "latency_mad_ms": 0.08539700000000039, "latency_ms": 52.2667305, "latency_p95_ms": 52.44997805, "latency_robust_cv": 0.0024223744433373457, "latency_round_drift_fraction": 0.0007998587170091692, "latency_synchronized_median_ms": 52.4282185, "latency_synchronized_p95_ms": 52.545423500000005, "mAP50": 0.5064953539008366} (overriding log-extracted None)
2026-07-29 02:17:46,886 - tao_automl.runner - INFO - Rec 5: job de1565d5-ab24-45f8-851c-fd81cdf11987 succeeded, metric={"latency_bootstrap_ci_width_ms": 0.12338749999999266, "latency_ci95_high": 52.297288249999994, "latency_ci95_low": 52.17390075, "latency_device_range_fraction": 0.005659565792048086, "latency_iqr_ms": 0.1705137500000049, "latency_mad_ms": 0.08539700000000039, "latency_ms": 52.2667305, "latency_p95_ms": 52.44997805, "latency_robust_cv": 0.0024223744433373457, "latency_round_drift_fraction": 0.0007998587170091692, "latency_synchronized_median_ms": 52.4282185, "latency_synchronized_p95_ms": 52.545423500000005, "mAP50": 0.5064953539008366}
2026-07-29 02:17:46,888 - tao_automl.controller.controller - INFO - Reported result for rec 5: score=-1.099543 values={'mAP50': 0.5064953539008366, 'latency_ms': 52.2667305, 'latency_p95_ms': 52.44997805, 'latency_mad_ms': 0.08539700000000039, 'latency_iqr_ms': 0.1705137500000049, 'latency_robust_cv': 0.0024223744433373457, 'latency_ci95_low': 52.17390075, 'latency_ci95_high': 52.297288249999994, 'latency_bootstrap_ci_width_ms': 0.12338749999999266, 'latency_round_drift_fraction': 0.0007998587170091692, 'latency_device_range_fraction': 0.005659565792048086, 'latency_synchronized_median_ms': 52.4282185, 'latency_synchronized_p95_ms': 52.545423500000005} status=success
2026-07-29 02:17:46,894 - tao_automl.runner - INFO - Recommendation 5: metric=0.506495, status=success
2026-07-29 02:17:47,051 - tao_automl.brain.bayesian - INFO - Recommendation param: model.dec_layers value: 4
2026-07-29 02:17:47,052 - tao_automl.brain.bayesian - INFO - Recommendation param: model.enc_layers value: 5
2026-07-29 02:17:47,052 - tao_automl.brain.bayesian - INFO - Recommendation param: train.optim.lr value: 0.0003984963045389317
2026-07-29 02:17:47,052 - tao_automl.brain.bayesian - INFO - Recommendation param: train.optim.weight_decay value: 1.1000000000000001e-05
2026-07-29 02:17:47,057 - tao_automl.runner - INFO - Recommendation 6: launching job with 4 spec overrides
2026-07-29 02:18:00,977 - tao_automl.runner - INFO - Rec 6: job 04d76aa3-9704-42ed-8ce5-9bca233aa66e submitted (backend: tao-job-04d76aa3-9704-42ed-8ce5-9bca233aa66e)
JOB_STATUS phase=selection_time_latency seed=1415367367 rec=5 job=2152c9bf-4067-43d1-8002-10fe2eb602b6 status=Complete
2026-07-29 02:18:37,411 - tao_automl.runner - INFO - Rec 5: eval_fn returned metric={"latency_bootstrap_ci_width_ms": 0.11166212499999517, "latency_ci95_high": 56.79682425, "latency_ci95_low": 56.685162125000005, "latency_device_range_fraction": 0.005230379796510164, "latency_iqr_ms": 0.19347675000000208, "latency_mad_ms": 0.08662200000000198, "latency_ms": 56.774271, "latency_p95_ms": 56.94386445, "latency_robust_cv": 0.002262041853430455, "latency_round_drift_fraction": 0.0009149038655202513, "latency_synchronized_median_ms": 56.899099500000005, "latency_synchronized_p95_ms": 57.0676875, "mAP50": 0.5419440245553394} (overriding log-extracted None)
2026-07-29 02:18:37,412 - tao_automl.runner - INFO - Rec 5: job c331245c-4027-4bcb-baec-3fe59577bcd0 succeeded, metric={"latency_bootstrap_ci_width_ms": 0.11166212499999517, "latency_ci95_high": 56.79682425, "latency_ci95_low": 56.685162125000005, "latency_device_range_fraction": 0.005230379796510164, "latency_iqr_ms": 0.19347675000000208, "latency_mad_ms": 0.08662200000000198, "latency_ms": 56.774271, "latency_p95_ms": 56.94386445, "latency_robust_cv": 0.002262041853430455, "latency_round_drift_fraction": 0.0009149038655202513, "latency_synchronized_median_ms": 56.899099500000005, "latency_synchronized_p95_ms": 57.0676875, "mAP50": 0.5419440245553394}
2026-07-29 02:18:37,414 - tao_automl.controller.controller - INFO - Reported result for rec 5: score=0.985737 values={'mAP50': 0.5419440245553394, 'latency_ms': 56.774271, 'latency_p95_ms': 56.94386445, 'latency_mad_ms': 0.08662200000000198, 'latency_iqr_ms': 0.19347675000000208, 'latency_robust_cv': 0.002262041853430455, 'latency_ci95_low': 56.685162125000005, 'latency_ci95_high': 56.79682425, 'latency_bootstrap_ci_width_ms': 0.11166212499999517, 'latency_round_drift_fraction': 0.0009149038655202513, 'latency_device_range_fraction': 0.005230379796510164, 'latency_synchronized_median_ms': 56.899099500000005, 'latency_synchronized_p95_ms': 57.0676875} status=success
2026-07-29 02:18:37,420 - tao_automl.runner - INFO - Recommendation 5: metric=0.541944, status=success
2026-07-29 02:18:37,535 - tao_automl.brain.bayesian - INFO - Recommendation param: model.dec_layers value: 6
2026-07-29 02:18:37,536 - tao_automl.brain.bayesian - INFO - Recommendation param: model.enc_layers value: 3
2026-07-29 02:18:37,536 - tao_automl.brain.bayesian - INFO - Recommendation param: train.optim.lr value: 0.00031868772033703075
2026-07-29 02:18:37,536 - tao_automl.brain.bayesian - INFO - Recommendation param: train.optim.weight_decay value: 0.0003618020680954444
2026-07-29 02:18:37,541 - tao_automl.runner - INFO - Recommendation 6: launching job with 4 spec overrides
2026-07-29 02:18:58,385 - tao_automl.runner - INFO - Rec 6: job abe010c4-601c-426f-b082-c7c9bed2d14c submitted (backend: tao-job-abe010c4-601c-426f-b082-c7c9bed2d14c)
JOB_STATUS phase=accuracy_evaluation seed=1455024938 rec=6 job=333cefb0-12eb-4f39-81fc-88c9d318de08 status=Pending
JOB_STATUS phase=accuracy_evaluation seed=1455024938 rec=6 job=333cefb0-12eb-4f39-81fc-88c9d318de08 status=Running
JOB_STATUS phase=accuracy_evaluation seed=1455024938 rec=6 job=333cefb0-12eb-4f39-81fc-88c9d318de08 status=Complete
JOB_STATUS phase=selection_time_latency seed=1455024938 rec=6 job=670d453c-5291-45c3-a6ac-41130934c1f4 status=Running
JOB_STATUS phase=accuracy_evaluation seed=409976740 rec=6 job=f5efb540-f6b3-4cc1-a8f9-dbc3575a6fc8 status=Pending
JOB_STATUS phase=accuracy_evaluation seed=409976740 rec=6 job=f5efb540-f6b3-4cc1-a8f9-dbc3575a6fc8 status=Running
JOB_STATUS phase=selection_time_latency seed=1455024938 rec=6 job=670d453c-5291-45c3-a6ac-41130934c1f4 status=Complete
JOB_STATUS phase=accuracy_evaluation seed=1415367367 rec=6 job=8d3cbeec-08f4-4830-82ea-63b35d8d8cb4 status=Running
2026-07-29 02:26:27,985 - tao_automl.runner - INFO - Rec 6: eval_fn returned metric={"latency_bootstrap_ci_width_ms": 0.259165749999994, "latency_ci95_high": 60.835146249999994, "latency_ci95_low": 60.5759805, "latency_device_range_fraction": 0.008223657113045665, "latency_iqr_ms": 0.3248145000000022, "latency_mad_ms": 0.16241849999999758, "latency_ms": 60.74256175, "latency_p95_ms": 61.04318505, "latency_robust_cv": 0.003964298856723744, "latency_round_drift_fraction": 0.0018993601302960126, "latency_synchronized_median_ms": 61.015055000000004, "latency_synchronized_p95_ms": 61.174608500000005, "mAP50": 0.5062624283227491} (overriding log-extracted None)
2026-07-29 02:26:27,985 - tao_automl.runner - INFO - Rec 6: job 22c8b74c-7603-461b-8f64-49490c21c9f8 succeeded, metric={"latency_bootstrap_ci_width_ms": 0.259165749999994, "latency_ci95_high": 60.835146249999994, "latency_ci95_low": 60.5759805, "latency_device_range_fraction": 0.008223657113045665, "latency_iqr_ms": 0.3248145000000022, "latency_mad_ms": 0.16241849999999758, "latency_ms": 60.74256175, "latency_p95_ms": 61.04318505, "latency_robust_cv": 0.003964298856723744, "latency_round_drift_fraction": 0.0018993601302960126, "latency_synchronized_median_ms": 61.015055000000004, "latency_synchronized_p95_ms": 61.174608500000005, "mAP50": 0.5062624283227491}
2026-07-29 02:26:27,987 - tao_automl.controller.controller - INFO - Reported result for rec 6: score=-1.054256 values={'mAP50': 0.5062624283227491, 'latency_ms': 60.74256175, 'latency_p95_ms': 61.04318505, 'latency_mad_ms': 0.16241849999999758, 'latency_iqr_ms': 0.3248145000000022, 'latency_robust_cv': 0.003964298856723744, 'latency_ci95_low': 60.5759805, 'latency_ci95_high': 60.835146249999994, 'latency_bootstrap_ci_width_ms': 0.259165749999994, 'latency_round_drift_fraction': 0.0018993601302960126, 'latency_device_range_fraction': 0.008223657113045665, 'latency_synchronized_median_ms': 61.015055000000004, 'latency_synchronized_p95_ms': 61.174608500000005} status=success
2026-07-29 02:26:27,993 - tao_automl.runner - INFO - Recommendation 6: metric=0.506262, status=success
2026-07-29 02:26:28,123 - tao_automl.brain.bayesian - INFO - Recommendation param: model.dec_layers value: 3
2026-07-29 02:26:28,123 - tao_automl.brain.bayesian - INFO - Recommendation param: model.enc_layers value: 5
2026-07-29 02:26:28,123 - tao_automl.brain.bayesian - INFO - Recommendation param: train.optim.lr value: 0.0003665171736923159
2026-07-29 02:26:28,123 - tao_automl.brain.bayesian - INFO - Recommendation param: train.optim.weight_decay value: 0.0006641638755750829
2026-07-29 02:26:28,129 - tao_automl.runner - INFO - Recommendation 7: launching job with 4 spec overrides
2026-07-29 02:26:40,447 - tao_automl.runner - INFO - Rec 7: job d05ed34c-728b-43f4-b6d6-5e8beb64dc3a submitted (backend: tao-job-d05ed34c-728b-43f4-b6d6-5e8beb64dc3a)
JOB_STATUS phase=accuracy_evaluation seed=409976740 rec=6 job=f5efb540-f6b3-4cc1-a8f9-dbc3575a6fc8 status=Complete
JOB_STATUS phase=selection_time_latency seed=409976740 rec=6 job=55eee639-14e3-471b-b376-d703edb54c2b status=Running
JOB_STATUS phase=accuracy_evaluation seed=1415367367 rec=6 job=8d3cbeec-08f4-4830-82ea-63b35d8d8cb4 status=Complete
JOB_STATUS phase=selection_time_latency seed=1415367367 rec=6 job=9f78686e-5892-482d-b8f4-f0d77be28f98 status=Running
JOB_STATUS phase=selection_time_latency seed=409976740 rec=6 job=55eee639-14e3-471b-b376-d703edb54c2b status=Complete
2026-07-29 02:30:38,622 - tao_automl.runner - INFO - Rec 6: eval_fn returned metric={"latency_bootstrap_ci_width_ms": 0.13009875000000193, "latency_ci95_high": 66.050515, "latency_ci95_low": 65.92041625, "latency_device_range_fraction": 0.008531721356230412, "latency_iqr_ms": 0.23693199999999592, "latency_mad_ms": 0.11816149999999936, "latency_ms": 66.00953975, "latency_p95_ms": 66.395506, "latency_robust_cv": 0.0026539533613397, "latency_round_drift_fraction": 0.0009739577073783897, "latency_synchronized_median_ms": 66.3615025, "latency_synchronized_p95_ms": 66.63692999999999, "mAP50": 0.6173110494644113} (overriding log-extracted None)
2026-07-29 02:30:38,622 - tao_automl.runner - INFO - Rec 6: job 04d76aa3-9704-42ed-8ce5-9bca233aa66e succeeded, metric={"latency_bootstrap_ci_width_ms": 0.13009875000000193, "latency_ci95_high": 66.050515, "latency_ci95_low": 65.92041625, "latency_device_range_fraction": 0.008531721356230412, "latency_iqr_ms": 0.23693199999999592, "latency_mad_ms": 0.11816149999999936, "latency_ms": 66.00953975, "latency_p95_ms": 66.395506, "latency_robust_cv": 0.0026539533613397, "latency_round_drift_fraction": 0.0009739577073783897, "latency_synchronized_median_ms": 66.3615025, "latency_synchronized_p95_ms": 66.63692999999999, "mAP50": 0.6173110494644113}
2026-07-29 02:30:38,625 - tao_automl.controller.controller - INFO - Reported result for rec 6: score=0.659420 values={'mAP50': 0.6173110494644113, 'latency_ms': 66.00953975, 'latency_p95_ms': 66.395506, 'latency_mad_ms': 0.11816149999999936, 'latency_iqr_ms': 0.23693199999999592, 'latency_robust_cv': 0.0026539533613397, 'latency_ci95_low': 65.92041625, 'latency_ci95_high': 66.050515, 'latency_bootstrap_ci_width_ms': 0.13009875000000193, 'latency_round_drift_fraction': 0.0009739577073783897, 'latency_device_range_fraction': 0.008531721356230412, 'latency_synchronized_median_ms': 66.3615025, 'latency_synchronized_p95_ms': 66.63692999999999} status=success
2026-07-29 02:30:38,631 - tao_automl.runner - INFO - Recommendation 6: metric=0.617311, status=success
2026-07-29 02:30:38,785 - tao_automl.brain.bayesian - INFO - Recommendation param: model.dec_layers value: 3
2026-07-29 02:30:38,785 - tao_automl.brain.bayesian - INFO - Recommendation param: model.enc_layers value: 6
2026-07-29 02:30:38,785 - tao_automl.brain.bayesian - INFO - Recommendation param: train.optim.lr value: 0.00045
2026-07-29 02:30:38,785 - tao_automl.brain.bayesian - INFO - Recommendation param: train.optim.weight_decay value: 0.000575507660681569
2026-07-29 02:30:38,791 - tao_automl.runner - INFO - Recommendation 7: launching job with 4 spec overrides
2026-07-29 02:30:52,223 - tao_automl.runner - INFO - Rec 7: job 90b0a084-97ec-4de0-bdd1-d40f7062d29b submitted (backend: tao-job-90b0a084-97ec-4de0-bdd1-d40f7062d29b)
JOB_STATUS phase=selection_time_latency seed=1415367367 rec=6 job=9f78686e-5892-482d-b8f4-f0d77be28f98 status=Complete
2026-07-29 02:31:06,561 - tao_automl.runner - INFO - Rec 6: eval_fn returned metric={"latency_bootstrap_ci_width_ms": 0.11069924999999614, "latency_ci95_high": 64.78088774999999, "latency_ci95_low": 64.6701885, "latency_device_range_fraction": 0.00650665023169919, "latency_iqr_ms": 0.2446209999999951, "latency_mad_ms": 0.1113174999999984, "latency_ms": 64.736767, "latency_p95_ms": 64.9732195, "latency_robust_cv": 0.002549390912586006, "latency_round_drift_fraction": 0.0008453580945738099, "latency_synchronized_median_ms": 64.8974075, "latency_synchronized_p95_ms": 65.49857305, "mAP50": 0.400517406774385} (overriding log-extracted None)
2026-07-29 02:31:06,561 - tao_automl.runner - INFO - Rec 6: job abe010c4-601c-426f-b082-c7c9bed2d14c succeeded, metric={"latency_bootstrap_ci_width_ms": 0.11069924999999614, "latency_ci95_high": 64.78088774999999, "latency_ci95_low": 64.6701885, "latency_device_range_fraction": 0.00650665023169919, "latency_iqr_ms": 0.2446209999999951, "latency_mad_ms": 0.1113174999999984, "latency_ms": 64.736767, "latency_p95_ms": 64.9732195, "latency_robust_cv": 0.002549390912586006, "latency_round_drift_fraction": 0.0008453580945738099, "latency_synchronized_median_ms": 64.8974075, "latency_synchronized_p95_ms": 65.49857305, "mAP50": 0.400517406774385}
2026-07-29 02:31:06,568 - tao_automl.controller.controller - INFO - Reported result for rec 6: score=-1.223766 values={'mAP50': 0.400517406774385, 'latency_ms': 64.736767, 'latency_p95_ms': 64.9732195, 'latency_mad_ms': 0.1113174999999984, 'latency_iqr_ms': 0.2446209999999951, 'latency_robust_cv': 0.002549390912586006, 'latency_ci95_low': 64.6701885, 'latency_ci95_high': 64.78088774999999, 'latency_bootstrap_ci_width_ms': 0.11069924999999614, 'latency_round_drift_fraction': 0.0008453580945738099, 'latency_device_range_fraction': 0.00650665023169919, 'latency_synchronized_median_ms': 64.8974075, 'latency_synchronized_p95_ms': 65.49857305} status=success
2026-07-29 02:31:06,574 - tao_automl.runner - INFO - Recommendation 6: metric=0.400517, status=success
/localhome/local-rarunachalam/.tao/venvs/dino-multiobjective-py314/lib/python3.14/site-packages/sklearn/gaussian_process/kernels.py:455: ConvergenceWarning: The optimal value found for dimension 3 of parameter k2__length_scale is close to the specified upper bound 100000.0. Increasing the bound and calling fit again may find a better value.
  warnings.warn(
2026-07-29 02:31:06,748 - tao_automl.brain.bayesian - INFO - Recommendation param: model.dec_layers value: 3
2026-07-29 02:31:06,748 - tao_automl.brain.bayesian - INFO - Recommendation param: model.enc_layers value: 3
2026-07-29 02:31:06,748 - tao_automl.brain.bayesian - INFO - Recommendation param: train.optim.lr value: 0.0004471074657299929
2026-07-29 02:31:06,748 - tao_automl.brain.bayesian - INFO - Recommendation param: train.optim.weight_decay value: 0.0006440146537261173
2026-07-29 02:31:06,753 - tao_automl.runner - INFO - Recommendation 7: launching job with 4 spec overrides
2026-07-29 02:31:20,928 - tao_automl.runner - INFO - Rec 7: job 4030f5fc-7cce-44f3-b6a9-7d82ce91ce58 submitted (backend: tao-job-4030f5fc-7cce-44f3-b6a9-7d82ce91ce58)
JOB_STATUS phase=accuracy_evaluation seed=1455024938 rec=7 job=0000a592-aab8-409b-8c89-40c9a3565b7d status=Running
JOB_STATUS phase=accuracy_evaluation seed=1455024938 rec=7 job=0000a592-aab8-409b-8c89-40c9a3565b7d status=Complete
JOB_STATUS phase=selection_time_latency seed=1455024938 rec=7 job=ed0a2f89-0a15-44e7-af3c-796a696ff597 status=Running
JOB_STATUS phase=accuracy_evaluation seed=1415367367 rec=7 job=5140fd9b-70a5-4391-ad3d-3ab444554f67 status=Pending
JOB_STATUS phase=accuracy_evaluation seed=1415367367 rec=7 job=5140fd9b-70a5-4391-ad3d-3ab444554f67 status=Running
JOB_STATUS phase=accuracy_evaluation seed=409976740 rec=7 job=444744a6-2537-4fa5-9ae4-4e086a2f6943 status=Running
JOB_STATUS phase=selection_time_latency seed=1455024938 rec=7 job=ed0a2f89-0a15-44e7-af3c-796a696ff597 status=Complete
2026-07-29 02:38:31,263 - tao_automl.runner - INFO - Rec 7: eval_fn returned metric={"latency_bootstrap_ci_width_ms": 0.15555750000000046, "latency_ci95_high": 61.84232375, "latency_ci95_low": 61.68676625, "latency_device_range_fraction": 0.00849512091964684, "latency_iqr_ms": 0.2621097500000005, "latency_mad_ms": 0.12168949999999512, "latency_ms": 61.78111, "latency_p95_ms": 62.169568950000006, "latency_robust_cv": 0.0029202591649776567, "latency_round_drift_fraction": 0.00048821961923305103, "latency_synchronized_median_ms": 62.104153, "latency_synchronized_p95_ms": 62.353201999999996, "mAP50": 0.621505697997251} (overriding log-extracted None)
2026-07-29 02:38:31,263 - tao_automl.runner - INFO - Rec 7: job d05ed34c-728b-43f4-b6d6-5e8beb64dc3a succeeded, metric={"latency_bootstrap_ci_width_ms": 0.15555750000000046, "latency_ci95_high": 61.84232375, "latency_ci95_low": 61.68676625, "latency_device_range_fraction": 0.00849512091964684, "latency_iqr_ms": 0.2621097500000005, "latency_mad_ms": 0.12168949999999512, "latency_ms": 61.78111, "latency_p95_ms": 62.169568950000006, "latency_robust_cv": 0.0029202591649776567, "latency_round_drift_fraction": 0.00048821961923305103, "latency_synchronized_median_ms": 62.104153, "latency_synchronized_p95_ms": 62.353201999999996, "mAP50": 0.621505697997251}
2026-07-29 02:38:31,265 - tao_automl.controller.controller - INFO - Reported result for rec 7: score=0.988160 values={'mAP50': 0.621505697997251, 'latency_ms': 61.78111, 'latency_p95_ms': 62.169568950000006, 'latency_mad_ms': 0.12168949999999512, 'latency_iqr_ms': 0.2621097500000005, 'latency_robust_cv': 0.0029202591649776567, 'latency_ci95_low': 61.68676625, 'latency_ci95_high': 61.84232375, 'latency_bootstrap_ci_width_ms': 0.15555750000000046, 'latency_round_drift_fraction': 0.00048821961923305103, 'latency_device_range_fraction': 0.00849512091964684, 'latency_synchronized_median_ms': 62.104153, 'latency_synchronized_p95_ms': 62.353201999999996} status=success
2026-07-29 02:38:31,272 - tao_automl.runner - INFO - Recommendation 7: metric=0.621506, status=success
2026-07-29 02:38:31,554 - tao_automl.brain.bayesian - INFO - Recommendation param: model.dec_layers value: 3
2026-07-29 02:38:31,555 - tao_automl.brain.bayesian - INFO - Recommendation param: model.enc_layers value: 5
2026-07-29 02:38:31,555 - tao_automl.brain.bayesian - INFO - Recommendation param: train.optim.lr value: 0.0002823481089381581
2026-07-29 02:38:31,555 - tao_automl.brain.bayesian - INFO - Recommendation param: train.optim.weight_decay value: 0.0009
2026-07-29 02:38:31,561 - tao_automl.runner - INFO - Recommendation 8: launching job with 4 spec overrides
2026-07-29 02:38:44,832 - tao_automl.runner - INFO - Rec 8: job 910e8130-799a-40df-b3a9-10aaf9cde4fd submitted (backend: tao-job-910e8130-799a-40df-b3a9-10aaf9cde4fd)
JOB_STATUS phase=accuracy_evaluation seed=1415367367 rec=7 job=5140fd9b-70a5-4391-ad3d-3ab444554f67 status=Complete
JOB_STATUS phase=selection_time_latency seed=1415367367 rec=7 job=bfbe5922-b2a5-4d4f-abd6-116f07329d9d status=Running
JOB_STATUS phase=accuracy_evaluation seed=409976740 rec=7 job=444744a6-2537-4fa5-9ae4-4e086a2f6943 status=Complete
JOB_STATUS phase=selection_time_latency seed=409976740 rec=7 job=aa0b3e60-a16d-46cd-88c6-5341a0262781 status=Pending
JOB_STATUS phase=selection_time_latency seed=409976740 rec=7 job=aa0b3e60-a16d-46cd-88c6-5341a0262781 status=Running
JOB_STATUS phase=selection_time_latency seed=1415367367 rec=7 job=bfbe5922-b2a5-4d4f-abd6-116f07329d9d status=Complete
2026-07-29 02:42:23,947 - tao_automl.runner - INFO - Rec 7: eval_fn returned metric={"latency_bootstrap_ci_width_ms": 0.10384900000000385, "latency_ci95_high": 52.41198775, "latency_ci95_low": 52.30813875, "latency_device_range_fraction": 0.0050916111922055625, "latency_iqr_ms": 0.1705855000000014, "latency_mad_ms": 0.0856162499999975, "latency_ms": 52.36151975, "latency_p95_ms": 52.569593000000005, "latency_robust_cv": 0.0024241972512647767, "latency_round_drift_fraction": 0.001409756637172439, "latency_synchronized_median_ms": 52.5171025, "latency_synchronized_p95_ms": 58.677861050000004, "mAP50": 0.5199998373517425} (overriding log-extracted None)
2026-07-29 02:42:23,947 - tao_automl.runner - INFO - Rec 7: job 4030f5fc-7cce-44f3-b6a9-7d82ce91ce58 succeeded, metric={"latency_bootstrap_ci_width_ms": 0.10384900000000385, "latency_ci95_high": 52.41198775, "latency_ci95_low": 52.30813875, "latency_device_range_fraction": 0.0050916111922055625, "latency_iqr_ms": 0.1705855000000014, "latency_mad_ms": 0.0856162499999975, "latency_ms": 52.36151975, "latency_p95_ms": 52.569593000000005, "latency_robust_cv": 0.0024241972512647767, "latency_round_drift_fraction": 0.001409756637172439, "latency_synchronized_median_ms": 52.5171025, "latency_synchronized_p95_ms": 58.677861050000004, "mAP50": 0.5199998373517425}
2026-07-29 02:42:23,949 - tao_automl.controller.controller - INFO - Reported result for rec 7: score=-1.022032 values={'mAP50': 0.5199998373517425, 'latency_ms': 52.36151975, 'latency_p95_ms': 52.569593000000005, 'latency_mad_ms': 0.0856162499999975, 'latency_iqr_ms': 0.1705855000000014, 'latency_robust_cv': 0.0024241972512647767, 'latency_ci95_low': 52.30813875, 'latency_ci95_high': 52.41198775, 'latency_bootstrap_ci_width_ms': 0.10384900000000385, 'latency_round_drift_fraction': 0.001409756637172439, 'latency_device_range_fraction': 0.0050916111922055625, 'latency_synchronized_median_ms': 52.5171025, 'latency_synchronized_p95_ms': 58.677861050000004} status=success
2026-07-29 02:42:23,956 - tao_automl.runner - INFO - Recommendation 7: metric=0.520000, status=success
2026-07-29 02:42:24,043 - tao_automl.brain.bayesian - INFO - Recommendation param: model.dec_layers value: 5
2026-07-29 02:42:24,043 - tao_automl.brain.bayesian - INFO - Recommendation param: model.enc_layers value: 5
2026-07-29 02:42:24,043 - tao_automl.brain.bayesian - INFO - Recommendation param: train.optim.lr value: 0.00021652722609106253
2026-07-29 02:42:24,043 - tao_automl.brain.bayesian - INFO - Recommendation param: train.optim.weight_decay value: 0.00021173734668028808
2026-07-29 02:42:24,051 - tao_automl.runner - INFO - Recommendation 8: launching job with 4 spec overrides
2026-07-29 02:42:38,995 - tao_automl.runner - INFO - Rec 8: job b4011469-77a5-425b-8d75-7bc5d0453964 submitted (backend: tao-job-b4011469-77a5-425b-8d75-7bc5d0453964)
JOB_STATUS phase=selection_time_latency seed=409976740 rec=7 job=aa0b3e60-a16d-46cd-88c6-5341a0262781 status=Complete
2026-07-29 02:43:07,474 - tao_automl.runner - INFO - Rec 7: eval_fn returned metric={"latency_bootstrap_ci_width_ms": 0.08611750000000029, "latency_ci95_high": 66.47967075, "latency_ci95_low": 66.39355325, "latency_device_range_fraction": 0.006081235905872359, "latency_iqr_ms": 0.25041949999999247, "latency_mad_ms": 0.10780599999999652, "latency_ms": 66.443895, "latency_p95_ms": 66.74957805, "latency_robust_cv": 0.0024055359126672936, "latency_round_drift_fraction": 0.0014030634417205388, "latency_synchronized_median_ms": 66.71709949999999, "latency_synchronized_p95_ms": 66.99276565, "mAP50": 0.6226049218750763} (overriding log-extracted None)
2026-07-29 02:43:07,475 - tao_automl.runner - INFO - Rec 7: job 90b0a084-97ec-4de0-bdd1-d40f7062d29b succeeded, metric={"latency_bootstrap_ci_width_ms": 0.08611750000000029, "latency_ci95_high": 66.47967075, "latency_ci95_low": 66.39355325, "latency_device_range_fraction": 0.006081235905872359, "latency_iqr_ms": 0.25041949999999247, "latency_mad_ms": 0.10780599999999652, "latency_ms": 66.443895, "latency_p95_ms": 66.74957805, "latency_robust_cv": 0.0024055359126672936, "latency_round_drift_fraction": 0.0014030634417205388, "latency_synchronized_median_ms": 66.71709949999999, "latency_synchronized_p95_ms": 66.99276565, "mAP50": 0.6226049218750763}
2026-07-29 02:43:07,477 - tao_automl.controller.controller - INFO - Reported result for rec 7: score=0.626204 values={'mAP50': 0.6226049218750763, 'latency_ms': 66.443895, 'latency_p95_ms': 66.74957805, 'latency_mad_ms': 0.10780599999999652, 'latency_iqr_ms': 0.25041949999999247, 'latency_robust_cv': 0.0024055359126672936, 'latency_ci95_low': 66.39355325, 'latency_ci95_high': 66.47967075, 'latency_bootstrap_ci_width_ms': 0.08611750000000029, 'latency_round_drift_fraction': 0.0014030634417205388, 'latency_device_range_fraction': 0.006081235905872359, 'latency_synchronized_median_ms': 66.71709949999999, 'latency_synchronized_p95_ms': 66.99276565} status=success
2026-07-29 02:43:07,484 - tao_automl.runner - INFO - Recommendation 7: metric=0.622605, status=success
2026-07-29 02:43:07,645 - tao_automl.brain.bayesian - INFO - Recommendation param: model.dec_layers value: 4
2026-07-29 02:43:07,645 - tao_automl.brain.bayesian - INFO - Recommendation param: model.enc_layers value: 6
2026-07-29 02:43:07,645 - tao_automl.brain.bayesian - INFO - Recommendation param: train.optim.lr value: 0.00045
2026-07-29 02:43:07,645 - tao_automl.brain.bayesian - INFO - Recommendation param: train.optim.weight_decay value: 0.0009
2026-07-29 02:43:07,651 - tao_automl.runner - INFO - Recommendation 8: launching job with 4 spec overrides
2026-07-29 02:43:22,231 - tao_automl.runner - INFO - Rec 8: job 7dce5061-8512-41c1-9efd-8247078547bf submitted (backend: tao-job-7dce5061-8512-41c1-9efd-8247078547bf)
JOB_STATUS phase=accuracy_evaluation seed=1455024938 rec=8 job=8fd230aa-49f3-4bf5-a026-9de57d940b25 status=Pending
JOB_STATUS phase=accuracy_evaluation seed=1455024938 rec=8 job=8fd230aa-49f3-4bf5-a026-9de57d940b25 status=Running
JOB_STATUS phase=accuracy_evaluation seed=1455024938 rec=8 job=8fd230aa-49f3-4bf5-a026-9de57d940b25 status=Complete
JOB_STATUS phase=selection_time_latency seed=1455024938 rec=8 job=3798a5d7-e2af-4882-bdf1-33be991997a9 status=Pending
JOB_STATUS phase=selection_time_latency seed=1455024938 rec=8 job=3798a5d7-e2af-4882-bdf1-33be991997a9 status=Running
JOB_STATUS phase=accuracy_evaluation seed=1415367367 rec=8 job=614126b6-0b84-4d37-845e-a37b8a1813c4 status=Pending
JOB_STATUS phase=accuracy_evaluation seed=1415367367 rec=8 job=614126b6-0b84-4d37-845e-a37b8a1813c4 status=Running
JOB_STATUS phase=accuracy_evaluation seed=409976740 rec=8 job=81f769f5-af14-4fa2-8b0f-f2e6107c39a5 status=Pending
JOB_STATUS phase=accuracy_evaluation seed=409976740 rec=8 job=81f769f5-af14-4fa2-8b0f-f2e6107c39a5 status=Running
JOB_STATUS phase=selection_time_latency seed=1455024938 rec=8 job=3798a5d7-e2af-4882-bdf1-33be991997a9 status=Complete
2026-07-29 02:51:45,703 - tao_automl.runner - INFO - Rec 8: eval_fn returned metric={"latency_bootstrap_ci_width_ms": 0.09015300000000082, "latency_ci95_high": 61.7997095, "latency_ci95_low": 61.7095565, "latency_device_range_fraction": 0.008429634242522778, "latency_iqr_ms": 0.17324975000000364, "latency_mad_ms": 0.07434199999999791, "latency_ms": 61.736783, "latency_p95_ms": 62.20167745, "latency_robust_cv": 0.0017853124805676526, "latency_round_drift_fraction": 0.00022082459333832747, "latency_synchronized_median_ms": 62.185381500000005, "latency_synchronized_p95_ms": 62.3099575, "mAP50": 0.6116017241531267} (overriding log-extracted None)
2026-07-29 02:51:45,703 - tao_automl.runner - INFO - Rec 8: job 910e8130-799a-40df-b3a9-10aaf9cde4fd succeeded, metric={"latency_bootstrap_ci_width_ms": 0.09015300000000082, "latency_ci95_high": 61.7997095, "latency_ci95_low": 61.7095565, "latency_device_range_fraction": 0.008429634242522778, "latency_iqr_ms": 0.17324975000000364, "latency_mad_ms": 0.07434199999999791, "latency_ms": 61.736783, "latency_p95_ms": 62.20167745, "latency_robust_cv": 0.0017853124805676526, "latency_round_drift_fraction": 0.00022082459333832747, "latency_synchronized_median_ms": 62.185381500000005, "latency_synchronized_p95_ms": 62.3099575, "mAP50": 0.6116017241531267}
2026-07-29 02:51:45,706 - tao_automl.controller.controller - INFO - Reported result for rec 8: score=0.992902 values={'mAP50': 0.6116017241531267, 'latency_ms': 61.736783, 'latency_p95_ms': 62.20167745, 'latency_mad_ms': 0.07434199999999791, 'latency_iqr_ms': 0.17324975000000364, 'latency_robust_cv': 0.0017853124805676526, 'latency_ci95_low': 61.7095565, 'latency_ci95_high': 61.7997095, 'latency_bootstrap_ci_width_ms': 0.09015300000000082, 'latency_round_drift_fraction': 0.00022082459333832747, 'latency_device_range_fraction': 0.008429634242522778, 'latency_synchronized_median_ms': 62.185381500000005, 'latency_synchronized_p95_ms': 62.3099575} status=success
2026-07-29 02:51:45,713 - tao_automl.runner - INFO - Recommendation 8: metric=0.611602, status=success
2026-07-29 02:51:45,872 - tao_automl.brain.bayesian - INFO - Recommendation param: model.dec_layers value: 6
2026-07-29 02:51:45,872 - tao_automl.brain.bayesian - INFO - Recommendation param: model.enc_layers value: 6
2026-07-29 02:51:45,872 - tao_automl.brain.bayesian - INFO - Recommendation param: train.optim.lr value: 0.000372042095074573
2026-07-29 02:51:45,872 - tao_automl.brain.bayesian - INFO - Recommendation param: train.optim.weight_decay value: 0.00034439888351588105
2026-07-29 02:51:45,879 - tao_automl.runner - INFO - Recommendation 9: launching job with 4 spec overrides
2026-07-29 02:51:59,732 - tao_automl.runner - INFO - Rec 9: job aa58d80b-f71e-4677-a4e2-b5fac8355c7c submitted (backend: tao-job-aa58d80b-f71e-4677-a4e2-b5fac8355c7c)
JOB_STATUS phase=accuracy_evaluation seed=1415367367 rec=8 job=614126b6-0b84-4d37-845e-a37b8a1813c4 status=Complete
JOB_STATUS phase=accuracy_evaluation seed=409976740 rec=8 job=81f769f5-af14-4fa2-8b0f-f2e6107c39a5 status=Complete
JOB_STATUS phase=selection_time_latency seed=1415367367 rec=8 job=4aa3c5f5-c631-4896-943f-7419b8c322ac status=Pending
JOB_STATUS phase=selection_time_latency seed=409976740 rec=8 job=9ccd1e8b-9547-4640-ab8a-895cdd4c372b status=Pending
JOB_STATUS phase=selection_time_latency seed=1415367367 rec=8 job=4aa3c5f5-c631-4896-943f-7419b8c322ac status=Running
JOB_STATUS phase=selection_time_latency seed=409976740 rec=8 job=9ccd1e8b-9547-4640-ab8a-895cdd4c372b status=Running
JOB_STATUS phase=selection_time_latency seed=1415367367 rec=8 job=4aa3c5f5-c631-4896-943f-7419b8c322ac status=Complete
2026-07-29 02:55:32,736 - tao_automl.runner - INFO - Rec 8: eval_fn returned metric={"latency_bootstrap_ci_width_ms": 0.056978999999984126, "latency_ci95_high": 70.29478399999999, "latency_ci95_low": 70.23780500000001, "latency_device_range_fraction": 0.00619283435941387, "latency_iqr_ms": 0.21700475000000097, "latency_mad_ms": 0.10410624999999385, "latency_ms": 70.26491825, "latency_p95_ms": 70.487683, "latency_robust_cv": 0.0021966570245029906, "latency_round_drift_fraction": 0.0008248319565929081, "latency_synchronized_median_ms": 70.44099650000001, "latency_synchronized_p95_ms": 70.593074, "mAP50": 0.596650561606045} (overriding log-extracted None)
2026-07-29 02:55:32,736 - tao_automl.runner - INFO - Rec 8: job b4011469-77a5-425b-8d75-7bc5d0453964 succeeded, metric={"latency_bootstrap_ci_width_ms": 0.056978999999984126, "latency_ci95_high": 70.29478399999999, "latency_ci95_low": 70.23780500000001, "latency_device_range_fraction": 0.00619283435941387, "latency_iqr_ms": 0.21700475000000097, "latency_mad_ms": 0.10410624999999385, "latency_ms": 70.26491825, "latency_p95_ms": 70.487683, "latency_robust_cv": 0.0021966570245029906, "latency_round_drift_fraction": 0.0008248319565929081, "latency_synchronized_median_ms": 70.44099650000001, "latency_synchronized_p95_ms": 70.593074, "mAP50": 0.596650561606045}
2026-07-29 02:55:32,742 - tao_automl.controller.controller - INFO - Reported result for rec 8: score=0.393389 values={'mAP50': 0.596650561606045, 'latency_ms': 70.26491825, 'latency_p95_ms': 70.487683, 'latency_mad_ms': 0.10410624999999385, 'latency_iqr_ms': 0.21700475000000097, 'latency_robust_cv': 0.0021966570245029906, 'latency_ci95_low': 70.23780500000001, 'latency_ci95_high': 70.29478399999999, 'latency_bootstrap_ci_width_ms': 0.056978999999984126, 'latency_round_drift_fraction': 0.0008248319565929081, 'latency_device_range_fraction': 0.00619283435941387, 'latency_synchronized_median_ms': 70.44099650000001, 'latency_synchronized_p95_ms': 70.593074} status=success
2026-07-29 02:55:32,749 - tao_automl.runner - INFO - Recommendation 8: metric=0.596651, status=success
/localhome/local-rarunachalam/.tao/venvs/dino-multiobjective-py314/lib/python3.14/site-packages/sklearn/gaussian_process/kernels.py:445: ConvergenceWarning: The optimal value found for dimension 2 of parameter k2__length_scale is close to the specified lower bound 1e-05. Decreasing the bound and calling fit again may find a better value.
  warnings.warn(
2026-07-29 02:55:32,811 - tao_automl.brain.bayesian - INFO - Recommendation param: model.dec_layers value: 6
2026-07-29 02:55:32,811 - tao_automl.brain.bayesian - INFO - Recommendation param: model.enc_layers value: 5
2026-07-29 02:55:32,811 - tao_automl.brain.bayesian - INFO - Recommendation param: train.optim.lr value: 0.0003316326212352362
2026-07-29 02:55:32,811 - tao_automl.brain.bayesian - INFO - Recommendation param: train.optim.weight_decay value: 0.000624580625316072
2026-07-29 02:55:32,817 - tao_automl.runner - INFO - Recommendation 9: launching job with 4 spec overrides
2026-07-29 02:55:45,991 - tao_automl.runner - INFO - Rec 9: job f4566d3b-fb22-444a-806e-24cdd5496125 submitted (backend: tao-job-f4566d3b-fb22-444a-806e-24cdd5496125)
JOB_STATUS phase=selection_time_latency seed=409976740 rec=8 job=9ccd1e8b-9547-4640-ab8a-895cdd4c372b status=Complete
2026-07-29 02:57:07,350 - tao_automl.runner - INFO - Rec 8: eval_fn returned metric={"latency_bootstrap_ci_width_ms": 0.06716674999999839, "latency_ci95_high": 71.0007795, "latency_ci95_low": 70.93361275, "latency_device_range_fraction": 0.0063620918315981136, "latency_iqr_ms": 0.19045425000001615, "latency_mad_ms": 0.0851625000000027, "latency_ms": 70.9532355, "latency_p95_ms": 71.31523299999999, "latency_robust_cv": 0.001779509019007371, "latency_round_drift_fraction": 0.0009163570842376576, "latency_synchronized_median_ms": 71.276933, "latency_synchronized_p95_ms": 71.52541599999999, "mAP50": 0.6438795625551654} (overriding log-extracted None)
2026-07-29 02:57:07,350 - tao_automl.runner - INFO - Rec 8: job 7dce5061-8512-41c1-9efd-8247078547bf succeeded, metric={"latency_bootstrap_ci_width_ms": 0.06716674999999839, "latency_ci95_high": 71.0007795, "latency_ci95_low": 70.93361275, "latency_device_range_fraction": 0.0063620918315981136, "latency_iqr_ms": 0.19045425000001615, "latency_mad_ms": 0.0851625000000027, "latency_ms": 70.9532355, "latency_p95_ms": 71.31523299999999, "latency_robust_cv": 0.001779509019007371, "latency_round_drift_fraction": 0.0009163570842376576, "latency_synchronized_median_ms": 71.276933, "latency_synchronized_p95_ms": 71.52541599999999, "mAP50": 0.6438795625551654}
2026-07-29 02:57:07,356 - tao_automl.controller.controller - INFO - Reported result for rec 8: score=0.000000 values={'mAP50': 0.6438795625551654, 'latency_ms': 70.9532355, 'latency_p95_ms': 71.31523299999999, 'latency_mad_ms': 0.0851625000000027, 'latency_iqr_ms': 0.19045425000001615, 'latency_robust_cv': 0.001779509019007371, 'latency_ci95_low': 70.93361275, 'latency_ci95_high': 71.0007795, 'latency_bootstrap_ci_width_ms': 0.06716674999999839, 'latency_round_drift_fraction': 0.0009163570842376576, 'latency_device_range_fraction': 0.0063620918315981136, 'latency_synchronized_median_ms': 71.276933, 'latency_synchronized_p95_ms': 71.52541599999999} status=success
2026-07-29 02:57:07,364 - tao_automl.runner - INFO - Recommendation 8: metric=0.643880, status=success
2026-07-29 02:57:07,459 - tao_automl.brain.bayesian - INFO - Recommendation param: model.dec_layers value: 3
2026-07-29 02:57:07,459 - tao_automl.brain.bayesian - INFO - Recommendation param: model.enc_layers value: 4
2026-07-29 02:57:07,459 - tao_automl.brain.bayesian - INFO - Recommendation param: train.optim.lr value: 0.0002453602552557035
2026-07-29 02:57:07,459 - tao_automl.brain.bayesian - INFO - Recommendation param: train.optim.weight_decay value: 0.0006953699691644639
2026-07-29 02:57:07,465 - tao_automl.runner - INFO - Recommendation 9: launching job with 4 spec overrides
2026-07-29 02:57:22,175 - tao_automl.runner - INFO - Rec 9: job 426ee065-c54b-4853-b007-2366a1c8bfa1 submitted (backend: tao-job-426ee065-c54b-4853-b007-2366a1c8bfa1)
JOB_STATUS phase=accuracy_evaluation seed=1455024938 rec=9 job=9cbdc24c-40d0-4091-8632-2ca83d2b9206 status=Pending
JOB_STATUS phase=accuracy_evaluation seed=1455024938 rec=9 job=9cbdc24c-40d0-4091-8632-2ca83d2b9206 status=Running
JOB_STATUS phase=accuracy_evaluation seed=1455024938 rec=9 job=9cbdc24c-40d0-4091-8632-2ca83d2b9206 status=Complete
JOB_STATUS phase=selection_time_latency seed=1455024938 rec=9 job=2df2a5ad-3827-48b0-92b6-5a8770ed674c status=Running
JOB_STATUS phase=accuracy_evaluation seed=1415367367 rec=9 job=e730936e-a154-42af-8ae7-ed0cb26f51f0 status=Running
JOB_STATUS phase=accuracy_evaluation seed=409976740 rec=9 job=9e32d72d-b219-4c45-b997-7cf3d53693cf status=Pending
JOB_STATUS phase=accuracy_evaluation seed=409976740 rec=9 job=9e32d72d-b219-4c45-b997-7cf3d53693cf status=Running
JOB_STATUS phase=selection_time_latency seed=1455024938 rec=9 job=2df2a5ad-3827-48b0-92b6-5a8770ed674c status=Complete
2026-07-29 03:05:57,165 - tao_automl.runner - INFO - Rec 9: eval_fn returned metric={"latency_bootstrap_ci_width_ms": 0.11479225000000781, "latency_ci95_high": 79.53154725, "latency_ci95_low": 79.416755, "latency_device_range_fraction": 0.00856414420785839, "latency_iqr_ms": 0.2659115000000014, "latency_mad_ms": 0.1333385000000007, "latency_ms": 79.47600874999999, "latency_p95_ms": 79.9006355, "latency_robust_cv": 0.0024873878697387534, "latency_round_drift_fraction": 0.001561606476621174, "latency_synchronized_median_ms": 79.862229, "latency_synchronized_p95_ms": 80.15089505, "mAP50": 0.5691305926148187} (overriding log-extracted None)
2026-07-29 03:05:57,165 - tao_automl.runner - INFO - Rec 9: job aa58d80b-f71e-4677-a4e2-b5fac8355c7c succeeded, metric={"latency_bootstrap_ci_width_ms": 0.11479225000000781, "latency_ci95_high": 79.53154725, "latency_ci95_low": 79.416755, "latency_device_range_fraction": 0.00856414420785839, "latency_iqr_ms": 0.2659115000000014, "latency_mad_ms": 0.1333385000000007, "latency_ms": 79.47600874999999, "latency_p95_ms": 79.9006355, "latency_robust_cv": 0.0024873878697387534, "latency_round_drift_fraction": 0.001561606476621174, "latency_synchronized_median_ms": 79.862229, "latency_synchronized_p95_ms": 80.15089505, "mAP50": 0.5691305926148187}
2026-07-29 03:05:57,167 - tao_automl.controller.controller - INFO - Reported result for rec 9: score=0.000000 values={'mAP50': 0.5691305926148187, 'latency_ms': 79.47600874999999, 'latency_p95_ms': 79.9006355, 'latency_mad_ms': 0.1333385000000007, 'latency_iqr_ms': 0.2659115000000014, 'latency_robust_cv': 0.0024873878697387534, 'latency_ci95_low': 79.416755, 'latency_ci95_high': 79.53154725, 'latency_bootstrap_ci_width_ms': 0.11479225000000781, 'latency_round_drift_fraction': 0.001561606476621174, 'latency_device_range_fraction': 0.00856414420785839, 'latency_synchronized_median_ms': 79.862229, 'latency_synchronized_p95_ms': 80.15089505} status=success
2026-07-29 03:05:57,175 - tao_automl.runner - INFO - Recommendation 9: metric=0.569131, status=success
2026-07-29 03:05:57,423 - tao_automl.brain.bayesian - INFO - Recommendation param: model.dec_layers value: 3
2026-07-29 03:05:57,423 - tao_automl.brain.bayesian - INFO - Recommendation param: model.enc_layers value: 5
2026-07-29 03:05:57,423 - tao_automl.brain.bayesian - INFO - Recommendation param: train.optim.lr value: 1.1000000000000001e-05
2026-07-29 03:05:57,423 - tao_automl.brain.bayesian - INFO - Recommendation param: train.optim.weight_decay value: 0.0009
2026-07-29 03:05:57,431 - tao_automl.runner - INFO - Recommendation 10: launching job with 4 spec overrides
2026-07-29 03:06:10,415 - tao_automl.runner - INFO - Rec 10: job 908e64c9-a5fa-45a5-8581-b9ff3eead424 submitted (backend: tao-job-908e64c9-a5fa-45a5-8581-b9ff3eead424)
JOB_STATUS phase=accuracy_evaluation seed=1415367367 rec=9 job=e730936e-a154-42af-8ae7-ed0cb26f51f0 status=Complete
JOB_STATUS phase=accuracy_evaluation seed=409976740 rec=9 job=9e32d72d-b219-4c45-b997-7cf3d53693cf status=Complete
JOB_STATUS phase=selection_time_latency seed=1415367367 rec=9 job=9100d692-a70b-4d83-9822-c07d97286d84 status=Running
JOB_STATUS phase=selection_time_latency seed=409976740 rec=9 job=22686de9-c6d8-47d5-a1fc-e885623c3681 status=Running
JOB_STATUS phase=selection_time_latency seed=409976740 rec=9 job=22686de9-c6d8-47d5-a1fc-e885623c3681 status=Complete
JOB_STATUS phase=selection_time_latency seed=1415367367 rec=9 job=9100d692-a70b-4d83-9822-c07d97286d84 status=Complete
2026-07-29 03:08:48,925 - tao_automl.runner - INFO - Rec 9: eval_fn returned metric={"latency_bootstrap_ci_width_ms": 0.07599544375000278, "latency_ci95_high": 56.945478693750005, "latency_ci95_low": 56.86948325, "latency_device_range_fraction": 0.005365463964047097, "latency_iqr_ms": 0.18650650000000013, "latency_mad_ms": 0.08066149999999794, "latency_ms": 56.913251499999994, "latency_p95_ms": 57.08303, "latency_robust_cv": 0.0021012459620233953, "latency_round_drift_fraction": 0.0007667985723850944, "latency_synchronized_median_ms": 57.038869, "latency_synchronized_p95_ms": 57.20163995, "mAP50": 0.564706733309765} (overriding log-extracted None)
2026-07-29 03:08:48,926 - tao_automl.runner - INFO - Rec 9: job 426ee065-c54b-4853-b007-2366a1c8bfa1 succeeded, metric={"latency_bootstrap_ci_width_ms": 0.07599544375000278, "latency_ci95_high": 56.945478693750005, "latency_ci95_low": 56.86948325, "latency_device_range_fraction": 0.005365463964047097, "latency_iqr_ms": 0.18650650000000013, "latency_mad_ms": 0.08066149999999794, "latency_ms": 56.913251499999994, "latency_p95_ms": 57.08303, "latency_robust_cv": 0.0021012459620233953, "latency_round_drift_fraction": 0.0007667985723850944, "latency_synchronized_median_ms": 57.038869, "latency_synchronized_p95_ms": 57.20163995, "mAP50": 0.564706733309765}
2026-07-29 03:08:48,928 - tao_automl.controller.controller - INFO - Reported result for rec 9: score=-1.022962 values={'mAP50': 0.564706733309765, 'latency_ms': 56.913251499999994, 'latency_p95_ms': 57.08303, 'latency_mad_ms': 0.08066149999999794, 'latency_iqr_ms': 0.18650650000000013, 'latency_robust_cv': 0.0021012459620233953, 'latency_ci95_low': 56.86948325, 'latency_ci95_high': 56.945478693750005, 'latency_bootstrap_ci_width_ms': 0.07599544375000278, 'latency_round_drift_fraction': 0.0007667985723850944, 'latency_device_range_fraction': 0.005365463964047097, 'latency_synchronized_median_ms': 57.038869, 'latency_synchronized_p95_ms': 57.20163995} status=success
2026-07-29 03:08:48,936 - tao_automl.runner - INFO - Recommendation 9: metric=0.564707, status=success
2026-07-29 03:08:48,947 - tao_automl.runner - INFO - Rec 9: eval_fn returned metric={"latency_bootstrap_ci_width_ms": 0.12715775000000917, "latency_ci95_high": 75.1440805, "latency_ci95_low": 75.01692274999999, "latency_device_range_fraction": 0.006720042009005369, "latency_iqr_ms": 0.26702099999999973, "latency_mad_ms": 0.13486325000000932, "latency_ms": 75.06009624999999, "latency_p95_ms": 75.39033195, "latency_robust_cv": 0.0026638422336157587, "latency_round_drift_fraction": 0.000468960896116658, "latency_synchronized_median_ms": 75.343458, "latency_synchronized_p95_ms": 75.56637305000001, "mAP50": 0.5390599507201619} (overriding log-extracted None)
2026-07-29 03:08:48,947 - tao_automl.runner - INFO - Rec 9: job f4566d3b-fb22-444a-806e-24cdd5496125 succeeded, metric={"latency_bootstrap_ci_width_ms": 0.12715775000000917, "latency_ci95_high": 75.1440805, "latency_ci95_low": 75.01692274999999, "latency_device_range_fraction": 0.006720042009005369, "latency_iqr_ms": 0.26702099999999973, "latency_mad_ms": 0.13486325000000932, "latency_ms": 75.06009624999999, "latency_p95_ms": 75.39033195, "latency_robust_cv": 0.0026638422336157587, "latency_round_drift_fraction": 0.000468960896116658, "latency_synchronized_median_ms": 75.343458, "latency_synchronized_p95_ms": 75.56637305000001, "mAP50": 0.5390599507201619}
2026-07-29 03:08:48,954 - tao_automl.controller.controller - INFO - Reported result for rec 9: score=0.182842 values={'mAP50': 0.5390599507201619, 'latency_ms': 75.06009624999999, 'latency_p95_ms': 75.39033195, 'latency_mad_ms': 0.13486325000000932, 'latency_iqr_ms': 0.26702099999999973, 'latency_robust_cv': 0.0026638422336157587, 'latency_ci95_low': 75.01692274999999, 'latency_ci95_high': 75.1440805, 'latency_bootstrap_ci_width_ms': 0.12715775000000917, 'latency_round_drift_fraction': 0.000468960896116658, 'latency_device_range_fraction': 0.006720042009005369, 'latency_synchronized_median_ms': 75.343458, 'latency_synchronized_p95_ms': 75.56637305000001} status=success
2026-07-29 03:08:48,961 - tao_automl.runner - INFO - Recommendation 9: metric=0.539060, status=success
2026-07-29 03:08:49,033 - tao_automl.brain.bayesian - INFO - Recommendation param: model.dec_layers value: 5
2026-07-29 03:08:49,034 - tao_automl.brain.bayesian - INFO - Recommendation param: model.enc_layers value: 6
2026-07-29 03:08:49,034 - tao_automl.brain.bayesian - INFO - Recommendation param: train.optim.lr value: 0.0004191596676536869
2026-07-29 03:08:49,034 - tao_automl.brain.bayesian - INFO - Recommendation param: train.optim.weight_decay value: 0.0007156198708639346
2026-07-29 03:08:49,039 - tao_automl.brain.bayesian - INFO - Recommendation param: model.dec_layers value: 5
2026-07-29 03:08:49,039 - tao_automl.brain.bayesian - INFO - Recommendation param: model.enc_layers value: 5
2026-07-29 03:08:49,039 - tao_automl.brain.bayesian - INFO - Recommendation param: train.optim.lr value: 0.000292221627008612
2026-07-29 03:08:49,039 - tao_automl.brain.bayesian - INFO - Recommendation param: train.optim.weight_decay value: 0.0009093417991204061
2026-07-29 03:08:49,041 - tao_automl.runner - INFO - Recommendation 10: launching job with 4 spec overrides
2026-07-29 03:08:49,049 - tao_automl.runner - INFO - Recommendation 10: launching job with 4 spec overrides
2026-07-29 03:09:02,400 - tao_automl.runner - INFO - Rec 10: job 5b50baa2-b503-45e6-9d50-65796daff9a9 submitted (backend: tao-job-5b50baa2-b503-45e6-9d50-65796daff9a9)
2026-07-29 03:09:02,448 - tao_automl.runner - INFO - Rec 10: job 3775b0b7-2806-4012-be26-4f9b234ab0f2 submitted (backend: tao-job-3775b0b7-2806-4012-be26-4f9b234ab0f2)
JOB_STATUS phase=accuracy_evaluation seed=1455024938 rec=10 job=847ab1d1-5436-430c-96f7-a331abf7710f status=Running
JOB_STATUS phase=accuracy_evaluation seed=1455024938 rec=10 job=847ab1d1-5436-430c-96f7-a331abf7710f status=Complete
JOB_STATUS phase=selection_time_latency seed=1455024938 rec=10 job=2f744fb9-9c15-4da4-833d-5056720861e2 status=Pending
JOB_STATUS phase=accuracy_evaluation seed=1415367367 rec=10 job=3cbe86a2-210e-413d-a341-3c4ac2c3d227 status=Pending
JOB_STATUS phase=selection_time_latency seed=1455024938 rec=10 job=2f744fb9-9c15-4da4-833d-5056720861e2 status=Running
JOB_STATUS phase=accuracy_evaluation seed=1415367367 rec=10 job=3cbe86a2-210e-413d-a341-3c4ac2c3d227 status=Running
JOB_STATUS phase=selection_time_latency seed=1455024938 rec=10 job=2f744fb9-9c15-4da4-833d-5056720861e2 status=Complete
2026-07-29 03:19:01,737 - tao_automl.runner - INFO - Rec 10: eval_fn returned metric={"latency_bootstrap_ci_width_ms": 0.04405824999999197, "latency_ci95_high": 62.104558749999995, "latency_ci95_low": 62.0605005, "latency_device_range_fraction": 0.0049448246878601625, "latency_iqr_ms": 0.1710080000000005, "latency_mad_ms": 0.08255700000000132, "latency_ms": 62.071057999999994, "latency_p95_ms": 63.2360495, "latency_robust_cv": 0.0019719175432776088, "latency_round_drift_fraction": 0.00018040211268846105, "latency_synchronized_median_ms": 62.1865955, "latency_synchronized_p95_ms": 63.819207999999996, "mAP50": 0.35295111804953316} (overriding log-extracted None)
2026-07-29 03:19:01,737 - tao_automl.runner - INFO - Rec 10: job 908e64c9-a5fa-45a5-8581-b9ff3eead424 succeeded, metric={"latency_bootstrap_ci_width_ms": 0.04405824999999197, "latency_ci95_high": 62.104558749999995, "latency_ci95_low": 62.0605005, "latency_device_range_fraction": 0.0049448246878601625, "latency_iqr_ms": 0.1710080000000005, "latency_mad_ms": 0.08255700000000132, "latency_ms": 62.071057999999994, "latency_p95_ms": 63.2360495, "latency_robust_cv": 0.0019719175432776088, "latency_round_drift_fraction": 0.00018040211268846105, "latency_synchronized_median_ms": 62.1865955, "latency_synchronized_p95_ms": 63.819207999999996, "mAP50": 0.35295111804953316}
2026-07-29 03:19:01,740 - tao_automl.controller.controller - INFO - Reported result for rec 10: score=-1.332103 values={'mAP50': 0.35295111804953316, 'latency_ms': 62.071057999999994, 'latency_p95_ms': 63.2360495, 'latency_mad_ms': 0.08255700000000132, 'latency_iqr_ms': 0.1710080000000005, 'latency_robust_cv': 0.0019719175432776088, 'latency_ci95_low': 62.0605005, 'latency_ci95_high': 62.104558749999995, 'latency_bootstrap_ci_width_ms': 0.04405824999999197, 'latency_round_drift_fraction': 0.00018040211268846105, 'latency_device_range_fraction': 0.0049448246878601625, 'latency_synchronized_median_ms': 62.1865955, 'latency_synchronized_p95_ms': 63.819207999999996} status=success
2026-07-29 03:19:01,748 - tao_automl.runner - INFO - Recommendation 10: metric=0.352951, status=success
2026-07-29 03:19:02,028 - tao_automl.brain.bayesian - INFO - Recommendation param: model.dec_layers value: 3
2026-07-29 03:19:02,028 - tao_automl.brain.bayesian - INFO - Recommendation param: model.enc_layers value: 4
2026-07-29 03:19:02,028 - tao_automl.brain.bayesian - INFO - Recommendation param: train.optim.lr value: 0.00027466777645756624
2026-07-29 03:19:02,028 - tao_automl.brain.bayesian - INFO - Recommendation param: train.optim.weight_decay value: 0.0006912722708600127
2026-07-29 03:19:02,036 - tao_automl.runner - INFO - Recommendation 11: launching job with 4 spec overrides
JOB_STATUS phase=accuracy_evaluation seed=1415367367 rec=10 job=3cbe86a2-210e-413d-a341-3c4ac2c3d227 status=Complete
2026-07-29 03:19:15,944 - tao_automl.runner - INFO - Rec 11: job 4ff7e135-2dc9-4457-8086-617785916cf2 submitted (backend: tao-job-4ff7e135-2dc9-4457-8086-617785916cf2)
JOB_STATUS phase=selection_time_latency seed=1415367367 rec=10 job=1bc68624-a49f-4d19-8ce2-de19627adff9 status=Pending
JOB_STATUS phase=accuracy_evaluation seed=409976740 rec=10 job=0890730b-ddad-4c7c-a2ca-47a27aecafcf status=Pending
JOB_STATUS phase=selection_time_latency seed=1415367367 rec=10 job=1bc68624-a49f-4d19-8ce2-de19627adff9 status=Running
JOB_STATUS phase=accuracy_evaluation seed=409976740 rec=10 job=0890730b-ddad-4c7c-a2ca-47a27aecafcf status=Running
JOB_STATUS phase=selection_time_latency seed=1415367367 rec=10 job=1bc68624-a49f-4d19-8ce2-de19627adff9 status=Complete
2026-07-29 03:29:28,960 - tao_automl.runner - INFO - Rec 10: eval_fn returned metric={"latency_bootstrap_ci_width_ms": 0.08561400000000674, "latency_ci95_high": 70.4569375, "latency_ci95_low": 70.37132349999999, "latency_device_range_fraction": 0.006638517977770752, "latency_iqr_ms": 0.20253649999999368, "latency_mad_ms": 0.09310700000000338, "latency_ms": 70.42234450000001, "latency_p95_ms": 70.6255805, "latency_robust_cv": 0.0019601795308022583, "latency_round_drift_fraction": 0.0007123165290245618, "latency_synchronized_median_ms": 70.55583, "latency_synchronized_p95_ms": 70.8634615, "mAP50": 0.5530661576544442} (overriding log-extracted None)
2026-07-29 03:29:28,960 - tao_automl.runner - INFO - Rec 10: job 5b50baa2-b503-45e6-9d50-65796daff9a9 succeeded, metric={"latency_bootstrap_ci_width_ms": 0.08561400000000674, "latency_ci95_high": 70.4569375, "latency_ci95_low": 70.37132349999999, "latency_device_range_fraction": 0.006638517977770752, "latency_iqr_ms": 0.20253649999999368, "latency_mad_ms": 0.09310700000000338, "latency_ms": 70.42234450000001, "latency_p95_ms": 70.6255805, "latency_robust_cv": 0.0019601795308022583, "latency_round_drift_fraction": 0.0007123165290245618, "latency_synchronized_median_ms": 70.55583, "latency_synchronized_p95_ms": 70.8634615, "mAP50": 0.5530661576544442}
2026-07-29 03:29:28,967 - tao_automl.controller.controller - INFO - Reported result for rec 10: score=0.386477 values={'mAP50': 0.5530661576544442, 'latency_ms': 70.42234450000001, 'latency_p95_ms': 70.6255805, 'latency_mad_ms': 0.09310700000000338, 'latency_iqr_ms': 0.20253649999999368, 'latency_robust_cv': 0.0019601795308022583, 'latency_ci95_low': 70.37132349999999, 'latency_ci95_high': 70.4569375, 'latency_bootstrap_ci_width_ms': 0.08561400000000674, 'latency_round_drift_fraction': 0.0007123165290245618, 'latency_device_range_fraction': 0.006638517977770752, 'latency_synchronized_median_ms': 70.55583, 'latency_synchronized_p95_ms': 70.8634615} status=success
2026-07-29 03:29:28,975 - tao_automl.runner - INFO - Recommendation 10: metric=0.553066, status=success
/localhome/local-rarunachalam/.tao/venvs/dino-multiobjective-py314/lib/python3.14/site-packages/sklearn/gaussian_process/kernels.py:445: ConvergenceWarning: The optimal value found for dimension 0 of parameter k2__length_scale is close to the specified lower bound 1e-05. Decreasing the bound and calling fit again may find a better value.
  warnings.warn(
/localhome/local-rarunachalam/.tao/venvs/dino-multiobjective-py314/lib/python3.14/site-packages/sklearn/gaussian_process/kernels.py:445: ConvergenceWarning: The optimal value found for dimension 1 of parameter k2__length_scale is close to the specified lower bound 1e-05. Decreasing the bound and calling fit again may find a better value.
  warnings.warn(
2026-07-29 03:29:29,042 - tao_automl.brain.bayesian - INFO - Recommendation param: model.dec_layers value: 5
2026-07-29 03:29:29,042 - tao_automl.brain.bayesian - INFO - Recommendation param: model.enc_layers value: 3
2026-07-29 03:29:29,042 - tao_automl.brain.bayesian - INFO - Recommendation param: train.optim.lr value: 0.0001040065677519363
2026-07-29 03:29:29,042 - tao_automl.brain.bayesian - INFO - Recommendation param: train.optim.weight_decay value: 0.000300275673875297
2026-07-29 03:29:29,049 - tao_automl.runner - INFO - Recommendation 11: launching job with 4 spec overrides
2026-07-29 03:29:43,423 - tao_automl.runner - INFO - Rec 11: job 35c7ccdb-c277-42a3-a365-8d1f8b13c718 submitted (backend: tao-job-35c7ccdb-c277-42a3-a365-8d1f8b13c718)
JOB_STATUS phase=accuracy_evaluation seed=409976740 rec=10 job=0890730b-ddad-4c7c-a2ca-47a27aecafcf status=Complete
JOB_STATUS phase=selection_time_latency seed=409976740 rec=10 job=d35d9239-9965-4e72-ab54-c7fde34ab0b2 status=Running
JOB_STATUS phase=selection_time_latency seed=409976740 rec=10 job=d35d9239-9965-4e72-ab54-c7fde34ab0b2 status=Complete
2026-07-29 03:32:13,583 - tao_automl.runner - INFO - Rec 10: eval_fn returned metric={"latency_bootstrap_ci_width_ms": 0.06980449999997518, "latency_ci95_high": 75.08526649999999, "latency_ci95_low": 75.01546200000001, "latency_device_range_fraction": 0.0047834895551208435, "latency_iqr_ms": 0.21159749999999633, "latency_mad_ms": 0.09231725000000068, "latency_ms": 75.03800225, "latency_p95_ms": 75.3447115, "latency_robust_cv": 0.0018240031816678728, "latency_round_drift_fraction": 0.0008320650620733176, "latency_synchronized_median_ms": 75.304059, "latency_synchronized_p95_ms": 75.47490900000001, "mAP50": 0.6225436670502469} (overriding log-extracted None)
2026-07-29 03:32:13,583 - tao_automl.runner - INFO - Rec 10: job 3775b0b7-2806-4012-be26-4f9b234ab0f2 succeeded, metric={"latency_bootstrap_ci_width_ms": 0.06980449999997518, "latency_ci95_high": 75.08526649999999, "latency_ci95_low": 75.01546200000001, "latency_device_range_fraction": 0.0047834895551208435, "latency_iqr_ms": 0.21159749999999633, "latency_mad_ms": 0.09231725000000068, "latency_ms": 75.03800225, "latency_p95_ms": 75.3447115, "latency_robust_cv": 0.0018240031816678728, "latency_round_drift_fraction": 0.0008320650620733176, "latency_synchronized_median_ms": 75.304059, "latency_synchronized_p95_ms": 75.47490900000001, "mAP50": 0.6225436670502469}
2026-07-29 03:32:13,590 - tao_automl.controller.controller - INFO - Reported result for rec 10: score=0.000000 values={'mAP50': 0.6225436670502469, 'latency_ms': 75.03800225, 'latency_p95_ms': 75.3447115, 'latency_mad_ms': 0.09231725000000068, 'latency_iqr_ms': 0.21159749999999633, 'latency_robust_cv': 0.0018240031816678728, 'latency_ci95_low': 75.01546200000001, 'latency_ci95_high': 75.08526649999999, 'latency_bootstrap_ci_width_ms': 0.06980449999997518, 'latency_round_drift_fraction': 0.0008320650620733176, 'latency_device_range_fraction': 0.0047834895551208435, 'latency_synchronized_median_ms': 75.304059, 'latency_synchronized_p95_ms': 75.47490900000001} status=success
2026-07-29 03:32:13,598 - tao_automl.runner - INFO - Recommendation 10: metric=0.622544, status=success
2026-07-29 03:32:13,792 - tao_automl.brain.bayesian - INFO - Recommendation param: model.dec_layers value: 3
2026-07-29 03:32:13,792 - tao_automl.brain.bayesian - INFO - Recommendation param: model.enc_layers value: 6
2026-07-29 03:32:13,792 - tao_automl.brain.bayesian - INFO - Recommendation param: train.optim.lr value: 0.0004284554215533492
2026-07-29 03:32:13,792 - tao_automl.brain.bayesian - INFO - Recommendation param: train.optim.weight_decay value: 1.1000000000000001e-05
2026-07-29 03:32:13,800 - tao_automl.runner - INFO - Recommendation 11: launching job with 4 spec overrides
2026-07-29 03:32:27,471 - tao_automl.runner - INFO - Rec 11: job 46cfa5c7-177a-43f6-823d-3002e7a68862 submitted (backend: tao-job-46cfa5c7-177a-43f6-823d-3002e7a68862)
JOB_STATUS phase=accuracy_evaluation seed=1455024938 rec=11 job=fc3317e7-d961-479e-8a84-5e02c9d74f62 status=Running
JOB_STATUS phase=accuracy_evaluation seed=1455024938 rec=11 job=fc3317e7-d961-479e-8a84-5e02c9d74f62 status=Complete
JOB_STATUS phase=selection_time_latency seed=1455024938 rec=11 job=abb97fda-43c3-4ee4-af07-527cc77607e5 status=Pending
JOB_STATUS phase=accuracy_evaluation seed=1415367367 rec=11 job=2d50c28f-e85f-4799-9369-55816a99971e status=Running
JOB_STATUS phase=selection_time_latency seed=1455024938 rec=11 job=abb97fda-43c3-4ee4-af07-527cc77607e5 status=Running
JOB_STATUS phase=selection_time_latency seed=1455024938 rec=11 job=abb97fda-43c3-4ee4-af07-527cc77607e5 status=Complete
2026-07-29 03:38:48,721 - tao_automl.runner - INFO - Rec 11: eval_fn returned metric={"latency_bootstrap_ci_width_ms": 0.05786349999999629, "latency_ci95_high": 57.15352625, "latency_ci95_low": 57.09566275, "latency_device_range_fraction": 0.007686761073151499, "latency_iqr_ms": 0.14868949999999614, "latency_mad_ms": 0.07408699999999868, "latency_ms": 57.132516, "latency_p95_ms": 57.421986, "latency_robust_cv": 0.0019225721863885365, "latency_round_drift_fraction": 0.000780400604097231, "latency_synchronized_median_ms": 57.405782, "latency_synchronized_p95_ms": 57.524436449999996, "mAP50": 0.5707197025555181} (overriding log-extracted None)
2026-07-29 03:38:48,721 - tao_automl.runner - INFO - Rec 11: job 4ff7e135-2dc9-4457-8086-617785916cf2 succeeded, metric={"latency_bootstrap_ci_width_ms": 0.05786349999999629, "latency_ci95_high": 57.15352625, "latency_ci95_low": 57.09566275, "latency_device_range_fraction": 0.007686761073151499, "latency_iqr_ms": 0.14868949999999614, "latency_mad_ms": 0.07408699999999868, "latency_ms": 57.132516, "latency_p95_ms": 57.421986, "latency_robust_cv": 0.0019225721863885365, "latency_round_drift_fraction": 0.000780400604097231, "latency_synchronized_median_ms": 57.405782, "latency_synchronized_p95_ms": 57.524436449999996, "mAP50": 0.5707197025555181}
2026-07-29 03:38:48,724 - tao_automl.controller.controller - INFO - Reported result for rec 11: score=1.000000 values={'mAP50': 0.5707197025555181, 'latency_ms': 57.132516, 'latency_p95_ms': 57.421986, 'latency_mad_ms': 0.07408699999999868, 'latency_iqr_ms': 0.14868949999999614, 'latency_robust_cv': 0.0019225721863885365, 'latency_ci95_low': 57.09566275, 'latency_ci95_high': 57.15352625, 'latency_bootstrap_ci_width_ms': 0.05786349999999629, 'latency_round_drift_fraction': 0.000780400604097231, 'latency_device_range_fraction': 0.007686761073151499, 'latency_synchronized_median_ms': 57.405782, 'latency_synchronized_p95_ms': 57.524436449999996} status=success
2026-07-29 03:38:48,733 - tao_automl.runner - INFO - Recommendation 11: metric=0.570720, status=success
2026-07-29 03:38:48,977 - tao_automl.brain.bayesian - INFO - Recommendation param: model.dec_layers value: 3
2026-07-29 03:38:48,977 - tao_automl.brain.bayesian - INFO - Recommendation param: model.enc_layers value: 3
2026-07-29 03:38:48,977 - tao_automl.brain.bayesian - INFO - Recommendation param: train.optim.lr value: 4.969843684861486e-05
2026-07-29 03:38:48,978 - tao_automl.brain.bayesian - INFO - Recommendation param: train.optim.weight_decay value: 4.7845045436716245e-05
2026-07-29 03:38:48,986 - tao_automl.runner - INFO - Recommendation 12: launching job with 4 spec overrides
JOB_STATUS phase=accuracy_evaluation seed=1415367367 rec=11 job=2d50c28f-e85f-4799-9369-55816a99971e status=Complete
2026-07-29 03:39:01,626 - tao_automl.runner - INFO - Rec 12: job 94fb6ff5-bb64-4150-8f91-7886a060cfaf submitted (backend: tao-job-94fb6ff5-bb64-4150-8f91-7886a060cfaf)
JOB_STATUS phase=selection_time_latency seed=1415367367 rec=11 job=9f2d49fd-cf25-430a-b67a-4b1343d7f6d0 status=Running
JOB_STATUS phase=accuracy_evaluation seed=409976740 rec=11 job=5ae49eb4-ed1f-458e-a606-f225e246c442 status=Pending
JOB_STATUS phase=accuracy_evaluation seed=409976740 rec=11 job=5ae49eb4-ed1f-458e-a606-f225e246c442 status=Running
JOB_STATUS phase=selection_time_latency seed=1415367367 rec=11 job=9f2d49fd-cf25-430a-b67a-4b1343d7f6d0 status=Complete
2026-07-29 03:41:29,629 - tao_automl.runner - INFO - Rec 11: eval_fn returned metric={"latency_bootstrap_ci_width_ms": 0.10288024999999834, "latency_ci95_high": 60.6211675, "latency_ci95_low": 60.51828725, "latency_device_range_fraction": 0.004952447380942917, "latency_iqr_ms": 0.1544532500000031, "latency_mad_ms": 0.07691725000000105, "latency_ms": 60.580653749999996, "latency_p95_ms": 60.7647099, "latency_robust_cv": 0.0018824081252177235, "latency_round_drift_fraction": 0.0004173485830037133, "latency_synchronized_median_ms": 60.731603, "latency_synchronized_p95_ms": 60.889419, "mAP50": 0.5030883505201132} (overriding log-extracted None)
2026-07-29 03:41:29,629 - tao_automl.runner - INFO - Rec 11: job 35c7ccdb-c277-42a3-a365-8d1f8b13c718 succeeded, metric={"latency_bootstrap_ci_width_ms": 0.10288024999999834, "latency_ci95_high": 60.6211675, "latency_ci95_low": 60.51828725, "latency_device_range_fraction": 0.004952447380942917, "latency_iqr_ms": 0.1544532500000031, "latency_mad_ms": 0.07691725000000105, "latency_ms": 60.580653749999996, "latency_p95_ms": 60.7647099, "latency_robust_cv": 0.0018824081252177235, "latency_round_drift_fraction": 0.0004173485830037133, "latency_synchronized_median_ms": 60.731603, "latency_synchronized_p95_ms": 60.889419, "mAP50": 0.5030883505201132}
2026-07-29 03:41:29,636 - tao_automl.controller.controller - INFO - Reported result for rec 11: score=-1.056812 values={'mAP50': 0.5030883505201132, 'latency_ms': 60.580653749999996, 'latency_p95_ms': 60.7647099, 'latency_mad_ms': 0.07691725000000105, 'latency_iqr_ms': 0.1544532500000031, 'latency_robust_cv': 0.0018824081252177235, 'latency_ci95_low': 60.51828725, 'latency_ci95_high': 60.6211675, 'latency_bootstrap_ci_width_ms': 0.10288024999999834, 'latency_round_drift_fraction': 0.0004173485830037133, 'latency_device_range_fraction': 0.004952447380942917, 'latency_synchronized_median_ms': 60.731603, 'latency_synchronized_p95_ms': 60.889419} status=success
2026-07-29 03:41:29,644 - tao_automl.runner - INFO - Recommendation 11: metric=0.503088, status=success
2026-07-29 03:41:29,714 - tao_automl.brain.bayesian - INFO - Recommendation param: model.dec_layers value: 6
2026-07-29 03:41:29,714 - tao_automl.brain.bayesian - INFO - Recommendation param: model.enc_layers value: 3
2026-07-29 03:41:29,714 - tao_automl.brain.bayesian - INFO - Recommendation param: train.optim.lr value: 0.00047276267014021285
2026-07-29 03:41:29,714 - tao_automl.brain.bayesian - INFO - Recommendation param: train.optim.weight_decay value: 0.0006877889839412211
2026-07-29 03:41:29,722 - tao_automl.runner - INFO - Recommendation 12: launching job with 4 spec overrides
2026-07-29 03:41:43,489 - tao_automl.runner - INFO - Rec 12: job f6c34f1e-2764-432c-ab35-9d5ef6bc8a73 submitted (backend: tao-job-f6c34f1e-2764-432c-ab35-9d5ef6bc8a73)
JOB_STATUS phase=accuracy_evaluation seed=409976740 rec=11 job=5ae49eb4-ed1f-458e-a606-f225e246c442 status=Complete
JOB_STATUS phase=selection_time_latency seed=409976740 rec=11 job=1e1d38a2-1e88-4057-acfe-14db86a305fd status=Pending
JOB_STATUS phase=selection_time_latency seed=409976740 rec=11 job=1e1d38a2-1e88-4057-acfe-14db86a305fd status=Running
JOB_STATUS phase=selection_time_latency seed=409976740 rec=11 job=1e1d38a2-1e88-4057-acfe-14db86a305fd status=Complete
2026-07-29 03:44:54,873 - tao_automl.runner - INFO - Rec 11: eval_fn returned metric={"latency_bootstrap_ci_width_ms": 0.10595775000000174, "latency_ci95_high": 66.582493, "latency_ci95_low": 66.47653525, "latency_device_range_fraction": 0.008202593339650443, "latency_iqr_ms": 0.24572600000001898, "latency_mad_ms": 0.11098750000001445, "latency_ms": 66.56035200000001, "latency_p95_ms": 66.84265355, "latency_robust_cv": 0.0024721934688689954, "latency_round_drift_fraction": 0.00048186719325057784, "latency_synchronized_median_ms": 66.819038, "latency_synchronized_p95_ms": 66.98734795, "mAP50": 0.6290887102753411} (overriding log-extracted None)
2026-07-29 03:44:54,873 - tao_automl.runner - INFO - Rec 11: job 46cfa5c7-177a-43f6-823d-3002e7a68862 succeeded, metric={"latency_bootstrap_ci_width_ms": 0.10595775000000174, "latency_ci95_high": 66.582493, "latency_ci95_low": 66.47653525, "latency_device_range_fraction": 0.008202593339650443, "latency_iqr_ms": 0.24572600000001898, "latency_mad_ms": 0.11098750000001445, "latency_ms": 66.56035200000001, "latency_p95_ms": 66.84265355, "latency_robust_cv": 0.0024721934688689954, "latency_round_drift_fraction": 0.00048186719325057784, "latency_synchronized_median_ms": 66.819038, "latency_synchronized_p95_ms": 66.98734795, "mAP50": 0.6290887102753411}
2026-07-29 03:44:54,876 - tao_automl.controller.controller - INFO - Reported result for rec 11: score=0.628807 values={'mAP50': 0.6290887102753411, 'latency_ms': 66.56035200000001, 'latency_p95_ms': 66.84265355, 'latency_mad_ms': 0.11098750000001445, 'latency_iqr_ms': 0.24572600000001898, 'latency_robust_cv': 0.0024721934688689954, 'latency_ci95_low': 66.47653525, 'latency_ci95_high': 66.582493, 'latency_bootstrap_ci_width_ms': 0.10595775000000174, 'latency_round_drift_fraction': 0.00048186719325057784, 'latency_device_range_fraction': 0.008202593339650443, 'latency_synchronized_median_ms': 66.819038, 'latency_synchronized_p95_ms': 66.98734795} status=success
2026-07-29 03:44:54,886 - tao_automl.runner - INFO - Recommendation 11: metric=0.629089, status=success
2026-07-29 03:44:55,144 - tao_automl.brain.bayesian - INFO - Recommendation param: model.dec_layers value: 3
2026-07-29 03:44:55,144 - tao_automl.brain.bayesian - INFO - Recommendation param: model.enc_layers value: 5
2026-07-29 03:44:55,144 - tao_automl.brain.bayesian - INFO - Recommendation param: train.optim.lr value: 0.00043394929865338093
2026-07-29 03:44:55,144 - tao_automl.brain.bayesian - INFO - Recommendation param: train.optim.weight_decay value: 1.1000000000000001e-05
2026-07-29 03:44:55,153 - tao_automl.runner - INFO - Recommendation 12: launching job with 4 spec overrides
2026-07-29 03:45:10,057 - tao_automl.runner - INFO - Rec 12: job 7f8243ec-04b2-430d-9f74-aabb7e8a77a3 submitted (backend: tao-job-7f8243ec-04b2-430d-9f74-aabb7e8a77a3)
2026-07-29 03:45:20,843 - tao_sdk.platforms.slurm.handler - WARNING - SLURM did not report a stable ClusterName
2026-07-29 03:45:20,843 - tao_sdk.platforms.slurm.sdk - WARNING - Refusing SLURM operation for job 94fb6ff5-bb64-4150-8f91-7886a060cfaf: backend identity is missing or does not match the current cluster
2026-07-29 03:45:20,991 - tao_sdk.platforms.slurm.handler - WARNING - SLURM did not report a stable ClusterName
2026-07-29 03:45:20,991 - tao_sdk.platforms.slurm.sdk - WARNING - Refusing SLURM operation for job 7f8243ec-04b2-430d-9f74-aabb7e8a77a3: backend identity is missing or does not match the current cluster
JOB_STATUS phase=accuracy_evaluation seed=1455024938 rec=12 job=4648cab9-8fe9-40bd-89fe-db7efbbdbdc8 status=Pending
JOB_STATUS phase=accuracy_evaluation seed=1455024938 rec=12 job=4648cab9-8fe9-40bd-89fe-db7efbbdbdc8 status=Running
JOB_STATUS phase=accuracy_evaluation seed=1455024938 rec=12 job=4648cab9-8fe9-40bd-89fe-db7efbbdbdc8 status=Complete
JOB_STATUS phase=selection_time_latency seed=1455024938 rec=12 job=d35abf94-9428-45f8-9683-69fc31d09f53 status=Running
JOB_STATUS phase=accuracy_evaluation seed=1415367367 rec=12 job=8a40fa32-ce1f-4794-917e-c3eeab655bd1 status=Running
JOB_STATUS phase=selection_time_latency seed=1455024938 rec=12 job=d35abf94-9428-45f8-9683-69fc31d09f53 status=Complete
2026-07-29 03:50:38,141 - tao_automl.runner - INFO - Rec 12: eval_fn returned metric={"latency_bootstrap_ci_width_ms": 0.08866625000000283, "latency_ci95_high": 52.5655765, "latency_ci95_low": 52.476910249999996, "latency_device_range_fraction": 0.007583180545878559, "latency_iqr_ms": 0.16286875000000123, "latency_mad_ms": 0.08150849999999821, "latency_ms": 52.5176735, "latency_p95_ms": 52.71698055, "latency_robust_cv": 0.002301025427183048, "latency_round_drift_fraction": 0.001280349937816565, "latency_synchronized_median_ms": 52.685869, "latency_synchronized_p95_ms": 53.222559, "mAP50": 0.4176091782047215} (overriding log-extracted None)
2026-07-29 03:50:38,141 - tao_automl.runner - INFO - Rec 12: job 94fb6ff5-bb64-4150-8f91-7886a060cfaf succeeded, metric={"latency_bootstrap_ci_width_ms": 0.08866625000000283, "latency_ci95_high": 52.5655765, "latency_ci95_low": 52.476910249999996, "latency_device_range_fraction": 0.007583180545878559, "latency_iqr_ms": 0.16286875000000123, "latency_mad_ms": 0.08150849999999821, "latency_ms": 52.5176735, "latency_p95_ms": 52.71698055, "latency_robust_cv": 0.002301025427183048, "latency_round_drift_fraction": 0.001280349937816565, "latency_synchronized_median_ms": 52.685869, "latency_synchronized_p95_ms": 53.222559, "mAP50": 0.4176091782047215}
2026-07-29 03:50:38,145 - tao_automl.controller.controller - INFO - Reported result for rec 12: score=-1.228069 values={'mAP50': 0.4176091782047215, 'latency_ms': 52.5176735, 'latency_p95_ms': 52.71698055, 'latency_mad_ms': 0.08150849999999821, 'latency_iqr_ms': 0.16286875000000123, 'latency_robust_cv': 0.002301025427183048, 'latency_ci95_low': 52.476910249999996, 'latency_ci95_high': 52.5655765, 'latency_bootstrap_ci_width_ms': 0.08866625000000283, 'latency_round_drift_fraction': 0.001280349937816565, 'latency_device_range_fraction': 0.007583180545878559, 'latency_synchronized_median_ms': 52.685869, 'latency_synchronized_p95_ms': 53.222559} status=success
2026-07-29 03:50:38,153 - tao_automl.runner - INFO - Recommendation 12: metric=0.417609, status=success
2026-07-29 03:50:38,473 - tao_automl.brain.bayesian - INFO - Recommendation param: model.dec_layers value: 6
2026-07-29 03:50:38,473 - tao_automl.brain.bayesian - INFO - Recommendation param: model.enc_layers value: 5
2026-07-29 03:50:38,473 - tao_automl.brain.bayesian - INFO - Recommendation param: train.optim.lr value: 0.00029089038748420697
2026-07-29 03:50:38,473 - tao_automl.brain.bayesian - INFO - Recommendation param: train.optim.weight_decay value: 0.0007969602964281179
2026-07-29 03:50:38,482 - tao_automl.runner - INFO - Recommendation 13: launching job with 4 spec overrides
2026-07-29 03:50:53,497 - tao_automl.runner - INFO - Rec 13: job c707761f-d34a-4df8-9502-ea1093daf985 submitted (backend: tao-job-c707761f-d34a-4df8-9502-ea1093daf985)
JOB_STATUS phase=accuracy_evaluation seed=1415367367 rec=12 job=8a40fa32-ce1f-4794-917e-c3eeab655bd1 status=Complete
JOB_STATUS phase=selection_time_latency seed=1415367367 rec=12 job=d196d625-6829-4768-ab1a-16d6282ae6c6 status=Running
JOB_STATUS phase=accuracy_evaluation seed=409976740 rec=12 job=78a4baae-4901-4115-aca8-5239bc9dcb67 status=Pending
JOB_STATUS phase=accuracy_evaluation seed=409976740 rec=12 job=78a4baae-4901-4115-aca8-5239bc9dcb67 status=Running
JOB_STATUS phase=selection_time_latency seed=1415367367 rec=12 job=d196d625-6829-4768-ab1a-16d6282ae6c6 status=Complete
2026-07-29 03:53:38,771 - tao_automl.runner - INFO - Rec 12: eval_fn returned metric={"latency_bootstrap_ci_width_ms": 0.18153499999998246, "latency_ci95_high": 65.46289974999999, "latency_ci95_low": 65.28136475000001, "latency_device_range_fraction": 0.011008394449920772, "latency_iqr_ms": 0.286771750000014, "latency_mad_ms": 0.14724849999999634, "latency_ms": 65.396185, "latency_p95_ms": 65.76767305, "latency_robust_cv": 0.0033382777007557028, "latency_round_drift_fraction": 0.0007455213174897247, "latency_synchronized_median_ms": 65.729543, "latency_synchronized_p95_ms": 65.9378595, "mAP50": 0.5518312328998364} (overriding log-extracted None)
2026-07-29 03:53:38,771 - tao_automl.runner - INFO - Rec 12: job f6c34f1e-2764-432c-ab35-9d5ef6bc8a73 succeeded, metric={"latency_bootstrap_ci_width_ms": 0.18153499999998246, "latency_ci95_high": 65.46289974999999, "latency_ci95_low": 65.28136475000001, "latency_device_range_fraction": 0.011008394449920772, "latency_iqr_ms": 0.286771750000014, "latency_mad_ms": 0.14724849999999634, "latency_ms": 65.396185, "latency_p95_ms": 65.76767305, "latency_robust_cv": 0.0033382777007557028, "latency_round_drift_fraction": 0.0007455213174897247, "latency_synchronized_median_ms": 65.729543, "latency_synchronized_p95_ms": 65.9378595, "mAP50": 0.5518312328998364}
2026-07-29 03:53:38,779 - tao_automl.controller.controller - INFO - Reported result for rec 12: score=0.607166 values={'mAP50': 0.5518312328998364, 'latency_ms': 65.396185, 'latency_p95_ms': 65.76767305, 'latency_mad_ms': 0.14724849999999634, 'latency_iqr_ms': 0.286771750000014, 'latency_robust_cv': 0.0033382777007557028, 'latency_ci95_low': 65.28136475000001, 'latency_ci95_high': 65.46289974999999, 'latency_bootstrap_ci_width_ms': 0.18153499999998246, 'latency_round_drift_fraction': 0.0007455213174897247, 'latency_device_range_fraction': 0.011008394449920772, 'latency_synchronized_median_ms': 65.729543, 'latency_synchronized_p95_ms': 65.9378595} status=success
2026-07-29 03:53:38,788 - tao_automl.runner - INFO - Recommendation 12: metric=0.551831, status=success
2026-07-29 03:53:38,860 - tao_automl.brain.bayesian - INFO - Recommendation param: model.dec_layers value: 6
2026-07-29 03:53:38,861 - tao_automl.brain.bayesian - INFO - Recommendation param: model.enc_layers value: 5
2026-07-29 03:53:38,861 - tao_automl.brain.bayesian - INFO - Recommendation param: train.optim.lr value: 0.0002128556235282042
2026-07-29 03:53:38,861 - tao_automl.brain.bayesian - INFO - Recommendation param: train.optim.weight_decay value: 0.0007830941204579075
2026-07-29 03:53:38,869 - tao_automl.runner - INFO - Recommendation 13: launching job with 4 spec overrides
2026-07-29 03:53:53,965 - tao_automl.runner - INFO - Rec 13: job 8edf44c5-e676-45aa-84ff-14c4c5e6178b submitted (backend: tao-job-8edf44c5-e676-45aa-84ff-14c4c5e6178b)
JOB_STATUS phase=accuracy_evaluation seed=409976740 rec=12 job=78a4baae-4901-4115-aca8-5239bc9dcb67 status=Complete
JOB_STATUS phase=selection_time_latency seed=409976740 rec=12 job=443453a5-96de-47a8-ae7d-b188910c64ad status=Running
JOB_STATUS phase=selection_time_latency seed=409976740 rec=12 job=443453a5-96de-47a8-ae7d-b188910c64ad status=Complete
2026-07-29 03:57:43,261 - tao_automl.runner - INFO - Rec 12: eval_fn returned metric={"latency_bootstrap_ci_width_ms": 0.052293500000004656, "latency_ci95_high": 61.910605000000004, "latency_ci95_low": 61.8583115, "latency_device_range_fraction": 0.002938959039742065, "latency_iqr_ms": 0.1236762500000026, "latency_mad_ms": 0.060826500000001005, "latency_ms": 61.87871199999999, "latency_p95_ms": 62.043442049999996, "latency_robust_cv": 0.0014573892375135651, "latency_round_drift_fraction": 0.0001265863452362274, "latency_synchronized_median_ms": 61.99698, "latency_synchronized_p95_ms": 62.14543, "mAP50": 0.6043332869479282} (overriding log-extracted None)
2026-07-29 03:57:43,261 - tao_automl.runner - INFO - Rec 12: job 7f8243ec-04b2-430d-9f74-aabb7e8a77a3 succeeded, metric={"latency_bootstrap_ci_width_ms": 0.052293500000004656, "latency_ci95_high": 61.910605000000004, "latency_ci95_low": 61.8583115, "latency_device_range_fraction": 0.002938959039742065, "latency_iqr_ms": 0.1236762500000026, "latency_mad_ms": 0.060826500000001005, "latency_ms": 61.87871199999999, "latency_p95_ms": 62.043442049999996, "latency_robust_cv": 0.0014573892375135651, "latency_round_drift_fraction": 0.0001265863452362274, "latency_synchronized_median_ms": 61.99698, "latency_synchronized_p95_ms": 62.14543, "mAP50": 0.6043332869479282}
2026-07-29 03:57:43,264 - tao_automl.controller.controller - INFO - Reported result for rec 12: score=0.976055 values={'mAP50': 0.6043332869479282, 'latency_ms': 61.87871199999999, 'latency_p95_ms': 62.043442049999996, 'latency_mad_ms': 0.060826500000001005, 'latency_iqr_ms': 0.1236762500000026, 'latency_robust_cv': 0.0014573892375135651, 'latency_ci95_low': 61.8583115, 'latency_ci95_high': 61.910605000000004, 'latency_bootstrap_ci_width_ms': 0.052293500000004656, 'latency_round_drift_fraction': 0.0001265863452362274, 'latency_device_range_fraction': 0.002938959039742065, 'latency_synchronized_median_ms': 61.99698, 'latency_synchronized_p95_ms': 62.14543} status=success
2026-07-29 03:57:43,275 - tao_automl.runner - INFO - Recommendation 12: metric=0.604333, status=success
2026-07-29 03:57:43,375 - tao_automl.brain.bayesian - INFO - Recommendation param: model.dec_layers value: 4
2026-07-29 03:57:43,375 - tao_automl.brain.bayesian - INFO - Recommendation param: model.enc_layers value: 3
2026-07-29 03:57:43,375 - tao_automl.brain.bayesian - INFO - Recommendation param: train.optim.lr value: 0.00041468716627257547
2026-07-29 03:57:43,375 - tao_automl.brain.bayesian - INFO - Recommendation param: train.optim.weight_decay value: 0.00017804338068171886
2026-07-29 03:57:43,384 - tao_automl.runner - INFO - Recommendation 13: launching job with 4 spec overrides
2026-07-29 03:57:59,454 - tao_automl.runner - INFO - Rec 13: job 4e0fd2fa-1373-40c5-95bd-61fd4a21431d submitted (backend: tao-job-4e0fd2fa-1373-40c5-95bd-61fd4a21431d)
JOB_STATUS phase=accuracy_evaluation seed=1455024938 rec=13 job=e1f65b3e-c757-48eb-878f-71989a1800d6 status=Pending
JOB_STATUS phase=accuracy_evaluation seed=1415367367 rec=13 job=14c34965-2fa5-4bd7-8c35-f48f15daf4a1 status=Pending
JOB_STATUS phase=accuracy_evaluation seed=1455024938 rec=13 job=e1f65b3e-c757-48eb-878f-71989a1800d6 status=Running
JOB_STATUS phase=accuracy_evaluation seed=1415367367 rec=13 job=14c34965-2fa5-4bd7-8c35-f48f15daf4a1 status=Running
JOB_STATUS phase=accuracy_evaluation seed=1415367367 rec=13 job=14c34965-2fa5-4bd7-8c35-f48f15daf4a1 status=Complete
JOB_STATUS phase=accuracy_evaluation seed=1455024938 rec=13 job=e1f65b3e-c757-48eb-878f-71989a1800d6 status=Complete
JOB_STATUS phase=selection_time_latency seed=1455024938 rec=13 job=704e63ac-0125-404f-9917-b582e08f43c0 status=Running
JOB_STATUS phase=selection_time_latency seed=1415367367 rec=13 job=117e6f38-1f6f-4d97-8b97-193e5a0c993d status=Running
JOB_STATUS phase=selection_time_latency seed=1455024938 rec=13 job=704e63ac-0125-404f-9917-b582e08f43c0 status=Complete
2026-07-29 04:08:06,227 - tao_automl.runner - INFO - Rec 13: eval_fn returned metric={"latency_bootstrap_ci_width_ms": 0.1368969999999905, "latency_ci95_high": 74.84347125, "latency_ci95_low": 74.70657425, "latency_device_range_fraction": 0.008455068075359357, "latency_iqr_ms": 0.2622080000000011, "latency_mad_ms": 0.12872099999999875, "latency_ms": 74.78875325, "latency_p95_ms": 75.03572145, "latency_robust_cv": 0.0025517440297749333, "latency_round_drift_fraction": 0.001006755651458858, "latency_synchronized_median_ms": 74.99452099999999, "latency_synchronized_p95_ms": 75.190668, "mAP50": 0.5346588025067828} (overriding log-extracted None)
2026-07-29 04:08:06,227 - tao_automl.runner - INFO - Rec 13: job c707761f-d34a-4df8-9502-ea1093daf985 succeeded, metric={"latency_bootstrap_ci_width_ms": 0.1368969999999905, "latency_ci95_high": 74.84347125, "latency_ci95_low": 74.70657425, "latency_device_range_fraction": 0.008455068075359357, "latency_iqr_ms": 0.2622080000000011, "latency_mad_ms": 0.12872099999999875, "latency_ms": 74.78875325, "latency_p95_ms": 75.03572145, "latency_robust_cv": 0.0025517440297749333, "latency_round_drift_fraction": 0.001006755651458858, "latency_synchronized_median_ms": 74.99452099999999, "latency_synchronized_p95_ms": 75.190668, "mAP50": 0.5346588025067828}
2026-07-29 04:08:06,230 - tao_automl.controller.controller - INFO - Reported result for rec 13: score=-1.039736 values={'mAP50': 0.5346588025067828, 'latency_ms': 74.78875325, 'latency_p95_ms': 75.03572145, 'latency_mad_ms': 0.12872099999999875, 'latency_iqr_ms': 0.2622080000000011, 'latency_robust_cv': 0.0025517440297749333, 'latency_ci95_low': 74.70657425, 'latency_ci95_high': 74.84347125, 'latency_bootstrap_ci_width_ms': 0.1368969999999905, 'latency_round_drift_fraction': 0.001006755651458858, 'latency_device_range_fraction': 0.008455068075359357, 'latency_synchronized_median_ms': 74.99452099999999, 'latency_synchronized_p95_ms': 75.190668} status=success
2026-07-29 04:08:06,240 - tao_automl.runner - INFO - Recommendation 13: metric=0.534659, status=success
2026-07-29 04:08:06,552 - tao_automl.brain.bayesian - INFO - Recommendation param: model.dec_layers value: 4
2026-07-29 04:08:06,553 - tao_automl.brain.bayesian - INFO - Recommendation param: model.enc_layers value: 6
2026-07-29 04:08:06,553 - tao_automl.brain.bayesian - INFO - Recommendation param: train.optim.lr value: 0.00015022417170695648
2026-07-29 04:08:06,553 - tao_automl.brain.bayesian - INFO - Recommendation param: train.optim.weight_decay value: 0.00047174613584201585
2026-07-29 04:08:06,562 - tao_automl.runner - INFO - Recommendation 14: launching job with 4 spec overrides
JOB_STATUS phase=accuracy_evaluation seed=409976740 rec=13 job=be80d3f5-855f-4351-91c6-bf44ef59c5a5 status=Running
JOB_STATUS phase=selection_time_latency seed=1415367367 rec=13 job=117e6f38-1f6f-4d97-8b97-193e5a0c993d status=Complete
2026-07-29 04:08:20,872 - tao_automl.runner - INFO - Rec 13: eval_fn returned metric={"latency_bootstrap_ci_width_ms": 0.07471824999998944, "latency_ci95_high": 74.72129525, "latency_ci95_low": 74.64657700000001, "latency_device_range_fraction": 0.008006560741478616, "latency_iqr_ms": 0.2427940000000035, "latency_mad_ms": 0.12039725000000345, "latency_ms": 74.68637525, "latency_p95_ms": 75.083612, "latency_robust_cv": 0.0023900070428174262, "latency_round_drift_fraction": 0.001186946745015643, "latency_synchronized_median_ms": 75.062383, "latency_synchronized_p95_ms": 75.218344, "mAP50": 0.5840332801304675} (overriding log-extracted None)
2026-07-29 04:08:20,872 - tao_automl.runner - INFO - Rec 13: job 8edf44c5-e676-45aa-84ff-14c4c5e6178b succeeded, metric={"latency_bootstrap_ci_width_ms": 0.07471824999998944, "latency_ci95_high": 74.72129525, "latency_ci95_low": 74.64657700000001, "latency_device_range_fraction": 0.008006560741478616, "latency_iqr_ms": 0.2427940000000035, "latency_mad_ms": 0.12039725000000345, "latency_ms": 74.68637525, "latency_p95_ms": 75.083612, "latency_robust_cv": 0.0023900070428174262, "latency_round_drift_fraction": 0.001186946745015643, "latency_synchronized_median_ms": 75.062383, "latency_synchronized_p95_ms": 75.218344, "mAP50": 0.5840332801304675}
2026-07-29 04:08:20,879 - tao_automl.controller.controller - INFO - Reported result for rec 13: score=0.199251 values={'mAP50': 0.5840332801304675, 'latency_ms': 74.68637525, 'latency_p95_ms': 75.083612, 'latency_mad_ms': 0.12039725000000345, 'latency_iqr_ms': 0.2427940000000035, 'latency_robust_cv': 0.0023900070428174262, 'latency_ci95_low': 74.64657700000001, 'latency_ci95_high': 74.72129525, 'latency_bootstrap_ci_width_ms': 0.07471824999998944, 'latency_round_drift_fraction': 0.001186946745015643, 'latency_device_range_fraction': 0.008006560741478616, 'latency_synchronized_median_ms': 75.062383, 'latency_synchronized_p95_ms': 75.218344} status=success
2026-07-29 04:08:20,888 - tao_automl.runner - INFO - Recommendation 13: metric=0.584033, status=success
2026-07-29 04:08:20,957 - tao_automl.brain.bayesian - INFO - Recommendation param: model.dec_layers value: 4
2026-07-29 04:08:20,957 - tao_automl.brain.bayesian - INFO - Recommendation param: model.enc_layers value: 6
2026-07-29 04:08:20,957 - tao_automl.brain.bayesian - INFO - Recommendation param: train.optim.lr value: 0.00032521970795678723
2026-07-29 04:08:20,957 - tao_automl.brain.bayesian - INFO - Recommendation param: train.optim.weight_decay value: 5.21368677526211e-05
2026-07-29 04:08:20,966 - tao_automl.runner - INFO - Recommendation 14: launching job with 4 spec overrides
2026-07-29 04:08:21,226 - tao_automl.runner - INFO - Rec 14: job de1beef2-4d8f-4406-83c5-14bd35cc9bc7 submitted (backend: tao-job-de1beef2-4d8f-4406-83c5-14bd35cc9bc7)
2026-07-29 04:08:33,460 - tao_automl.runner - INFO - Rec 14: job 6e7acc28-f45a-44ab-8d36-2c793f0bfa5e submitted (backend: tao-job-6e7acc28-f45a-44ab-8d36-2c793f0bfa5e)
JOB_STATUS phase=accuracy_evaluation seed=409976740 rec=13 job=be80d3f5-855f-4351-91c6-bf44ef59c5a5 status=Complete
JOB_STATUS phase=selection_time_latency seed=409976740 rec=13 job=84e7099b-f3f3-4fd2-832a-0d9abe70199b status=Pending
JOB_STATUS phase=selection_time_latency seed=409976740 rec=13 job=84e7099b-f3f3-4fd2-832a-0d9abe70199b status=Running
JOB_STATUS phase=selection_time_latency seed=409976740 rec=13 job=84e7099b-f3f3-4fd2-832a-0d9abe70199b status=Complete
2026-07-29 04:12:45,682 - tao_automl.runner - INFO - Rec 13: eval_fn returned metric={"latency_bootstrap_ci_width_ms": 0.09772775000000422, "latency_ci95_high": 56.4449975, "latency_ci95_low": 56.347269749999995, "latency_device_range_fraction": 0.00621393585522764, "latency_iqr_ms": 0.19535499999999928, "latency_mad_ms": 0.09751199999999827, "latency_ms": 56.390105750000004, "latency_p95_ms": 56.6969615, "latency_robust_cv": 0.002563770528130237, "latency_round_drift_fraction": 0.001199665244465505, "latency_synchronized_median_ms": 56.594881, "latency_synchronized_p95_ms": 57.05698005, "mAP50": 0.5460981046885051} (overriding log-extracted None)
2026-07-29 04:12:45,683 - tao_automl.runner - INFO - Rec 13: job 4e0fd2fa-1373-40c5-95bd-61fd4a21431d succeeded, metric={"latency_bootstrap_ci_width_ms": 0.09772775000000422, "latency_ci95_high": 56.4449975, "latency_ci95_low": 56.347269749999995, "latency_device_range_fraction": 0.00621393585522764, "latency_iqr_ms": 0.19535499999999928, "latency_mad_ms": 0.09751199999999827, "latency_ms": 56.390105750000004, "latency_p95_ms": 56.6969615, "latency_robust_cv": 0.002563770528130237, "latency_round_drift_fraction": 0.001199665244465505, "latency_synchronized_median_ms": 56.594881, "latency_synchronized_p95_ms": 57.05698005, "mAP50": 0.5460981046885051}
2026-07-29 04:12:45,686 - tao_automl.controller.controller - INFO - Reported result for rec 13: score=-1.051863 values={'mAP50': 0.5460981046885051, 'latency_ms': 56.390105750000004, 'latency_p95_ms': 56.6969615, 'latency_mad_ms': 0.09751199999999827, 'latency_iqr_ms': 0.19535499999999928, 'latency_robust_cv': 0.002563770528130237, 'latency_ci95_low': 56.347269749999995, 'latency_ci95_high': 56.4449975, 'latency_bootstrap_ci_width_ms': 0.09772775000000422, 'latency_round_drift_fraction': 0.001199665244465505, 'latency_device_range_fraction': 0.00621393585522764, 'latency_synchronized_median_ms': 56.594881, 'latency_synchronized_p95_ms': 57.05698005} status=success
2026-07-29 04:12:45,695 - tao_automl.runner - INFO - Recommendation 13: metric=0.546098, status=success
2026-07-29 04:12:45,798 - tao_automl.brain.bayesian - INFO - Recommendation param: model.dec_layers value: 6
2026-07-29 04:12:45,798 - tao_automl.brain.bayesian - INFO - Recommendation param: model.enc_layers value: 4
2026-07-29 04:12:45,798 - tao_automl.brain.bayesian - INFO - Recommendation param: train.optim.lr value: 0.0004398655809728539
2026-07-29 04:12:45,798 - tao_automl.brain.bayesian - INFO - Recommendation param: train.optim.weight_decay value: 0.00027304690686851956
2026-07-29 04:12:45,807 - tao_automl.runner - INFO - Recommendation 14: launching job with 4 spec overrides
2026-07-29 04:13:00,639 - tao_automl.runner - INFO - Rec 14: job 3446b2b5-183e-45a7-a202-d1ed5ea415a7 submitted (backend: tao-job-3446b2b5-183e-45a7-a202-d1ed5ea415a7)
JOB_STATUS phase=accuracy_evaluation seed=1455024938 rec=14 job=55fae4eb-ddf6-412f-b894-bf617881d6a8 status=Pending
JOB_STATUS phase=accuracy_evaluation seed=1415367367 rec=14 job=13000ee2-a60e-408a-a201-32b043bf2f8a status=Pending
JOB_STATUS phase=accuracy_evaluation seed=1415367367 rec=14 job=13000ee2-a60e-408a-a201-32b043bf2f8a status=Running
JOB_STATUS phase=accuracy_evaluation seed=1455024938 rec=14 job=55fae4eb-ddf6-412f-b894-bf617881d6a8 status=Running
JOB_STATUS phase=accuracy_evaluation seed=1455024938 rec=14 job=55fae4eb-ddf6-412f-b894-bf617881d6a8 status=Complete
JOB_STATUS phase=accuracy_evaluation seed=1415367367 rec=14 job=13000ee2-a60e-408a-a201-32b043bf2f8a status=Complete
JOB_STATUS phase=selection_time_latency seed=1455024938 rec=14 job=e24a78a6-d735-494b-ae37-a76cf7114e44 status=Pending
JOB_STATUS phase=selection_time_latency seed=1455024938 rec=14 job=e24a78a6-d735-494b-ae37-a76cf7114e44 status=Running
JOB_STATUS phase=selection_time_latency seed=1415367367 rec=14 job=1344d958-9a3f-4b40-b4df-0e9104eb4e3d status=Running
JOB_STATUS phase=selection_time_latency seed=1455024938 rec=14 job=e24a78a6-d735-494b-ae37-a76cf7114e44 status=Complete
2026-07-29 04:20:51,072 - tao_automl.runner - INFO - Rec 14: eval_fn returned metric={"latency_bootstrap_ci_width_ms": 0.16318299999998942, "latency_ci95_high": 70.98203875, "latency_ci95_low": 70.81885575000001, "latency_device_range_fraction": 0.006803579971030614, "latency_iqr_ms": 0.27826249999998254, "latency_mad_ms": 0.13998975000000513, "latency_ms": 70.94132825, "latency_p95_ms": 71.237596, "latency_robust_cv": 0.0029256402222777324, "latency_round_drift_fraction": 0.0008354685690565687, "latency_synchronized_median_ms": 71.1978105, "latency_synchronized_p95_ms": 71.47353505000001, "mAP50": 0.6034339648044247} (overriding log-extracted None)
2026-07-29 04:20:51,072 - tao_automl.runner - INFO - Rec 14: job de1beef2-4d8f-4406-83c5-14bd35cc9bc7 succeeded, metric={"latency_bootstrap_ci_width_ms": 0.16318299999998942, "latency_ci95_high": 70.98203875, "latency_ci95_low": 70.81885575000001, "latency_device_range_fraction": 0.006803579971030614, "latency_iqr_ms": 0.27826249999998254, "latency_mad_ms": 0.13998975000000513, "latency_ms": 70.94132825, "latency_p95_ms": 71.237596, "latency_robust_cv": 0.0029256402222777324, "latency_round_drift_fraction": 0.0008354685690565687, "latency_synchronized_median_ms": 71.1978105, "latency_synchronized_p95_ms": 71.47353505000001, "mAP50": 0.6034339648044247}
2026-07-29 04:20:51,076 - tao_automl.controller.controller - INFO - Reported result for rec 14: score=0.381976 values={'mAP50': 0.6034339648044247, 'latency_ms': 70.94132825, 'latency_p95_ms': 71.237596, 'latency_mad_ms': 0.13998975000000513, 'latency_iqr_ms': 0.27826249999998254, 'latency_robust_cv': 0.0029256402222777324, 'latency_ci95_low': 70.81885575000001, 'latency_ci95_high': 70.98203875, 'latency_bootstrap_ci_width_ms': 0.16318299999998942, 'latency_round_drift_fraction': 0.0008354685690565687, 'latency_device_range_fraction': 0.006803579971030614, 'latency_synchronized_median_ms': 71.1978105, 'latency_synchronized_p95_ms': 71.47353505000001} status=success
2026-07-29 04:20:51,085 - tao_automl.runner - INFO - Recommendation 14: metric=0.603434, status=success
2026-07-29 04:20:51,340 - tao_automl.brain.bayesian - INFO - Recommendation param: model.dec_layers value: 3
2026-07-29 04:20:51,340 - tao_automl.brain.bayesian - INFO - Recommendation param: model.enc_layers value: 5
2026-07-29 04:20:51,340 - tao_automl.brain.bayesian - INFO - Recommendation param: train.optim.lr value: 0.00037640328330991744
2026-07-29 04:20:51,340 - tao_automl.brain.bayesian - INFO - Recommendation param: train.optim.weight_decay value: 0.00036075042297128654
2026-07-29 04:20:51,350 - tao_automl.runner - INFO - Recommendation 15: launching job with 4 spec overrides
2026-07-29 04:22:20,589 - tao_sdk.platforms.slurm.handler - WARNING - SLURM did not report a stable ClusterName
2026-07-29 04:22:20,590 - tao_sdk.platforms.slurm.sdk - WARNING - Refusing SLURM operation for job 03795172-4658-4c04-8b50-971fd83e974f: backend identity is missing or does not match the current cluster
JOB_STATUS phase=accuracy_evaluation seed=409976740 rec=14 job=03795172-4658-4c04-8b50-971fd83e974f status=Unknown
2026-07-29 04:22:22,301 - tao_sdk.platforms.slurm.handler - WARNING - SLURM did not report a stable ClusterName
2026-07-29 04:22:22,301 - tao_automl.runner - ERROR - Failed to create job for rec 15: SLURM cluster did not provide a stable identity; refusing to launch an unrecoverable job
2026-07-29 04:22:22,308 - tao_automl.controller.controller - INFO - Reported result for rec 15: score=0.000000 values={'mAP50': 0.0} status=failure
2026-07-29 04:22:22,323 - tao_automl.runner - INFO - Recommendation 15: metric=0.000000, status=failure
2026-07-29 04:22:22,324 - tao_automl.brain.bayesian - WARNING - Skipping unusable Bayesian observation for recommendation 15 (status=failure, result=0.0)
2026-07-29 04:22:22,741 - tao_automl.brain.bayesian - INFO - Recommendation param: model.dec_layers value: 4
2026-07-29 04:22:22,741 - tao_automl.brain.bayesian - INFO - Recommendation param: model.enc_layers value: 4
2026-07-29 04:22:22,741 - tao_automl.brain.bayesian - INFO - Recommendation param: train.optim.lr value: 0.0003166398901931195
2026-07-29 04:22:22,741 - tao_automl.brain.bayesian - INFO - Recommendation param: train.optim.weight_decay value: 0.00048458989731432127
2026-07-29 04:22:22,751 - tao_automl.runner - INFO - Recommendation 16: launching job with 4 spec overrides
2026-07-29 04:22:26,338 - tao_sdk.platforms.slurm.handler - WARNING - SLURM did not report a stable ClusterName
2026-07-29 04:22:26,338 - tao_sdk.platforms.slurm.sdk - WARNING - Refusing SLURM operation for job 1344d958-9a3f-4b40-b4df-0e9104eb4e3d: backend identity is missing or does not match the current cluster
JOB_STATUS phase=selection_time_latency seed=1415367367 rec=14 job=1344d958-9a3f-4b40-b4df-0e9104eb4e3d status=Unknown
JOB_STATUS phase=accuracy_evaluation seed=409976740 rec=14 job=03795172-4658-4c04-8b50-971fd83e974f status=Pending
JOB_STATUS phase=selection_time_latency seed=1415367367 rec=14 job=1344d958-9a3f-4b40-b4df-0e9104eb4e3d status=Running
JOB_STATUS phase=accuracy_evaluation seed=409976740 rec=14 job=03795172-4658-4c04-8b50-971fd83e974f status=Running
2026-07-29 04:23:34,384 - tao_automl.runner - INFO - Rec 16: job 3fa0a593-bb1d-4b09-992f-03b730677f43 submitted (backend: tao-job-3fa0a593-bb1d-4b09-992f-03b730677f43)
JOB_STATUS phase=accuracy_evaluation seed=409976740 rec=14 job=03795172-4658-4c04-8b50-971fd83e974f status=Complete
JOB_STATUS phase=selection_time_latency seed=409976740 rec=14 job=0059fb01-458d-466f-950b-f41aae166517 status=Pending
JOB_STATUS phase=selection_time_latency seed=409976740 rec=14 job=0059fb01-458d-466f-950b-f41aae166517 status=Running
JOB_STATUS phase=selection_time_latency seed=1415367367 rec=14 job=1344d958-9a3f-4b40-b4df-0e9104eb4e3d status=Complete
2026-07-29 04:26:12,928 - tao_automl.runner - INFO - Rec 14: eval_fn returned metric={"latency_bootstrap_ci_width_ms": 0.09291174999999896, "latency_ci95_high": 70.69868675000001, "latency_ci95_low": 70.60577500000001, "latency_device_range_fraction": 0.006717218475286535, "latency_iqr_ms": 0.23332775000000083, "latency_mad_ms": 0.10224550000000221, "latency_ms": 70.6380925, "latency_p95_ms": 71.0437815, "latency_robust_cv": 0.002145997618777762, "latency_round_drift_fraction": 0.0008729921465530368, "latency_synchronized_median_ms": 70.9842685, "latency_synchronized_p95_ms": 74.77954774999999, "mAP50": 0.6438164039375374} (overriding log-extracted None)
2026-07-29 04:26:12,928 - tao_automl.runner - INFO - Rec 14: job 6e7acc28-f45a-44ab-8d36-2c793f0bfa5e succeeded, metric={"latency_bootstrap_ci_width_ms": 0.09291174999999896, "latency_ci95_high": 70.69868675000001, "latency_ci95_low": 70.60577500000001, "latency_device_range_fraction": 0.006717218475286535, "latency_iqr_ms": 0.23332775000000083, "latency_mad_ms": 0.10224550000000221, "latency_ms": 70.6380925, "latency_p95_ms": 71.0437815, "latency_robust_cv": 0.002145997618777762, "latency_round_drift_fraction": 0.0008729921465530368, "latency_synchronized_median_ms": 70.9842685, "latency_synchronized_p95_ms": 74.77954774999999, "mAP50": 0.6438164039375374}
2026-07-29 04:26:12,932 - tao_automl.controller.controller - INFO - Reported result for rec 14: score=0.488437 values={'mAP50': 0.6438164039375374, 'latency_ms': 70.6380925, 'latency_p95_ms': 71.0437815, 'latency_mad_ms': 0.10224550000000221, 'latency_iqr_ms': 0.23332775000000083, 'latency_robust_cv': 0.002145997618777762, 'latency_ci95_low': 70.60577500000001, 'latency_ci95_high': 70.69868675000001, 'latency_bootstrap_ci_width_ms': 0.09291174999999896, 'latency_round_drift_fraction': 0.0008729921465530368, 'latency_device_range_fraction': 0.006717218475286535, 'latency_synchronized_median_ms': 70.9842685, 'latency_synchronized_p95_ms': 74.77954774999999} status=success
2026-07-29 04:26:12,941 - tao_automl.runner - INFO - Recommendation 14: metric=0.643816, status=success
2026-07-29 04:26:13,009 - tao_automl.brain.bayesian - INFO - Recommendation param: model.dec_layers value: 5
2026-07-29 04:26:13,009 - tao_automl.brain.bayesian - INFO - Recommendation param: model.enc_layers value: 3
2026-07-29 04:26:13,009 - tao_automl.brain.bayesian - INFO - Recommendation param: train.optim.lr value: 0.0004980531438712032
2026-07-29 04:26:13,009 - tao_automl.brain.bayesian - INFO - Recommendation param: train.optim.weight_decay value: 0.000772029347193853
2026-07-29 04:26:13,023 - tao_automl.runner - INFO - Recommendation 15: launching job with 4 spec overrides
2026-07-29 04:26:25,170 - tao_automl.runner - INFO - Rec 15: job f26f82dd-3d85-438f-88a0-d0199affebad submitted (backend: tao-job-f26f82dd-3d85-438f-88a0-d0199affebad)
JOB_STATUS phase=selection_time_latency seed=409976740 rec=14 job=0059fb01-458d-466f-950b-f41aae166517 status=Complete
2026-07-29 04:27:42,652 - tao_automl.runner - INFO - Rec 14: eval_fn returned metric={"latency_bootstrap_ci_width_ms": 0.07226124999999683, "latency_ci95_high": 69.97879, "latency_ci95_low": 69.90652875, "latency_device_range_fraction": 0.0032372565008312376, "latency_iqr_ms": 0.1666872499999954, "latency_mad_ms": 0.08353225000000464, "latency_ms": 69.94919924999999, "latency_p95_ms": 70.16593375000001, "latency_robust_cv": 0.0017704979496245897, "latency_round_drift_fraction": 0.000261679192846513, "latency_synchronized_median_ms": 70.09985499999999, "latency_synchronized_p95_ms": 70.37617225, "mAP50": 0.5801246240298064} (overriding log-extracted None)
2026-07-29 04:27:42,652 - tao_automl.runner - INFO - Rec 14: job 3446b2b5-183e-45a7-a202-d1ed5ea415a7 succeeded, metric={"latency_bootstrap_ci_width_ms": 0.07226124999999683, "latency_ci95_high": 69.97879, "latency_ci95_low": 69.90652875, "latency_device_range_fraction": 0.0032372565008312376, "latency_iqr_ms": 0.1666872499999954, "latency_mad_ms": 0.08353225000000464, "latency_ms": 69.94919924999999, "latency_p95_ms": 70.16593375000001, "latency_robust_cv": 0.0017704979496245897, "latency_round_drift_fraction": 0.000261679192846513, "latency_synchronized_median_ms": 70.09985499999999, "latency_synchronized_p95_ms": 70.37617225, "mAP50": 0.5801246240298064}
2026-07-29 04:27:42,655 - tao_automl.controller.controller - INFO - Reported result for rec 14: score=0.377448 values={'mAP50': 0.5801246240298064, 'latency_ms': 69.94919924999999, 'latency_p95_ms': 70.16593375000001, 'latency_mad_ms': 0.08353225000000464, 'latency_iqr_ms': 0.1666872499999954, 'latency_robust_cv': 0.0017704979496245897, 'latency_ci95_low': 69.90652875, 'latency_ci95_high': 69.97879, 'latency_bootstrap_ci_width_ms': 0.07226124999999683, 'latency_round_drift_fraction': 0.000261679192846513, 'latency_device_range_fraction': 0.0032372565008312376, 'latency_synchronized_median_ms': 70.09985499999999, 'latency_synchronized_p95_ms': 70.37617225} status=success
2026-07-29 04:27:42,664 - tao_automl.runner - INFO - Recommendation 14: metric=0.580125, status=success
2026-07-29 04:27:42,766 - tao_automl.brain.bayesian - INFO - Recommendation param: model.dec_layers value: 3
2026-07-29 04:27:42,766 - tao_automl.brain.bayesian - INFO - Recommendation param: model.enc_layers value: 6
2026-07-29 04:27:42,766 - tao_automl.brain.bayesian - INFO - Recommendation param: train.optim.lr value: 0.000119535274183935
2026-07-29 04:27:42,766 - tao_automl.brain.bayesian - INFO - Recommendation param: train.optim.weight_decay value: 3.467622640296023e-05
2026-07-29 04:27:42,776 - tao_automl.runner - INFO - Recommendation 15: launching job with 4 spec overrides
2026-07-29 04:27:56,361 - tao_automl.runner - INFO - Rec 15: job b976dab7-9142-42c1-8632-7f51f97425df submitted (backend: tao-job-b976dab7-9142-42c1-8632-7f51f97425df)
JOB_STATUS phase=accuracy_evaluation seed=1455024938 rec=16 job=0fa91233-c99f-4c42-82ad-908c49568406 status=Pending
JOB_STATUS phase=accuracy_evaluation seed=1455024938 rec=16 job=0fa91233-c99f-4c42-82ad-908c49568406 status=Running
JOB_STATUS phase=accuracy_evaluation seed=1455024938 rec=16 job=0fa91233-c99f-4c42-82ad-908c49568406 status=Complete
JOB_STATUS phase=selection_time_latency seed=1455024938 rec=16 job=40d5cc87-312a-42a3-a922-c26e6545d7bd status=Pending
JOB_STATUS phase=selection_time_latency seed=1455024938 rec=16 job=40d5cc87-312a-42a3-a922-c26e6545d7bd status=Running
JOB_STATUS phase=accuracy_evaluation seed=1415367367 rec=15 job=b7ccd6cc-d61f-490a-ae98-3fce48a21f42 status=Running
JOB_STATUS phase=accuracy_evaluation seed=409976740 rec=15 job=0ad11cfd-4ab1-4293-9fba-b0edbd87587b status=Running
JOB_STATUS phase=selection_time_latency seed=1455024938 rec=16 job=40d5cc87-312a-42a3-a922-c26e6545d7bd status=Complete
2026-07-29 04:35:17,207 - tao_automl.runner - INFO - Rec 16: eval_fn returned metric={"latency_bootstrap_ci_width_ms": 0.04642156874999159, "latency_ci95_high": 61.288489068749996, "latency_ci95_low": 61.242067500000005, "latency_device_range_fraction": 0.00396360784523136, "latency_iqr_ms": 0.13707875000000058, "latency_mad_ms": 0.06655699999999953, "latency_ms": 61.2727115, "latency_p95_ms": 61.47020945, "latency_robust_cv": 0.0016104625661947293, "latency_round_drift_fraction": 0.00028977826450511673, "latency_synchronized_median_ms": 61.42976, "latency_synchronized_p95_ms": 61.597476, "mAP50": 0.5905930755759942} (overriding log-extracted None)
2026-07-29 04:35:17,207 - tao_automl.runner - INFO - Rec 16: job 3fa0a593-bb1d-4b09-992f-03b730677f43 succeeded, metric={"latency_bootstrap_ci_width_ms": 0.04642156874999159, "latency_ci95_high": 61.288489068749996, "latency_ci95_low": 61.242067500000005, "latency_device_range_fraction": 0.00396360784523136, "latency_iqr_ms": 0.13707875000000058, "latency_mad_ms": 0.06655699999999953, "latency_ms": 61.2727115, "latency_p95_ms": 61.47020945, "latency_robust_cv": 0.0016104625661947293, "latency_round_drift_fraction": 0.00028977826450511673, "latency_synchronized_median_ms": 61.42976, "latency_synchronized_p95_ms": 61.597476, "mAP50": 0.5905930755759942}
2026-07-29 04:35:17,211 - tao_automl.controller.controller - INFO - Reported result for rec 16: score=0.814702 values={'mAP50': 0.5905930755759942, 'latency_ms': 61.2727115, 'latency_p95_ms': 61.47020945, 'latency_mad_ms': 0.06655699999999953, 'latency_iqr_ms': 0.13707875000000058, 'latency_robust_cv': 0.0016104625661947293, 'latency_ci95_low': 61.242067500000005, 'latency_ci95_high': 61.288489068749996, 'latency_bootstrap_ci_width_ms': 0.04642156874999159, 'latency_round_drift_fraction': 0.00028977826450511673, 'latency_device_range_fraction': 0.00396360784523136, 'latency_synchronized_median_ms': 61.42976, 'latency_synchronized_p95_ms': 61.597476} status=success
2026-07-29 04:35:17,223 - tao_automl.runner - INFO - Recommendation 16: metric=0.590593, status=success
2026-07-29 04:35:17,533 - tao_automl.brain.bayesian - INFO - Recommendation param: model.dec_layers value: 3
2026-07-29 04:35:17,533 - tao_automl.brain.bayesian - INFO - Recommendation param: model.enc_layers value: 3
2026-07-29 04:35:17,533 - tao_automl.brain.bayesian - INFO - Recommendation param: train.optim.lr value: 0.0003441031368114752
2026-07-29 04:35:17,533 - tao_automl.brain.bayesian - INFO - Recommendation param: train.optim.weight_decay value: 0.00036006275834724575
2026-07-29 04:35:17,544 - tao_automl.runner - INFO - Recommendation 17: launching job with 4 spec overrides
2026-07-29 04:35:29,449 - tao_automl.runner - INFO - Rec 17: job 16fda03c-e1fe-479f-9a99-9cd128f1fc6e submitted (backend: tao-job-16fda03c-e1fe-479f-9a99-9cd128f1fc6e)
JOB_STATUS phase=accuracy_evaluation seed=1415367367 rec=15 job=b7ccd6cc-d61f-490a-ae98-3fce48a21f42 status=Complete
JOB_STATUS phase=selection_time_latency seed=1415367367 rec=15 job=094c35ab-d492-4da9-9c06-3054a7f5948c status=Pending
JOB_STATUS phase=selection_time_latency seed=1415367367 rec=15 job=094c35ab-d492-4da9-9c06-3054a7f5948c status=Running
JOB_STATUS phase=accuracy_evaluation seed=409976740 rec=15 job=0ad11cfd-4ab1-4293-9fba-b0edbd87587b status=Complete
JOB_STATUS phase=selection_time_latency seed=409976740 rec=15 job=d0e98960-e0c8-4afb-b3a9-e116b7be2c7d status=Running
JOB_STATUS phase=selection_time_latency seed=1415367367 rec=15 job=094c35ab-d492-4da9-9c06-3054a7f5948c status=Complete
2026-07-29 04:38:47,131 - tao_automl.runner - INFO - Rec 15: eval_fn returned metric={"latency_bootstrap_ci_width_ms": 0.14135424999999913, "latency_ci95_high": 60.86909, "latency_ci95_low": 60.72773575, "latency_device_range_fraction": 0.007837611482504043, "latency_iqr_ms": 0.2848054999999974, "latency_mad_ms": 0.14516650000000197, "latency_ms": 60.755946, "latency_p95_ms": 61.124575, "latency_robust_cv": 0.0035424327505328107, "latency_round_drift_fraction": 0.0007103872598741147, "latency_synchronized_median_ms": 61.078033000000005, "latency_synchronized_p95_ms": 61.23989295, "mAP50": 0.4967726466950213} (overriding log-extracted None)
2026-07-29 04:38:47,131 - tao_automl.runner - INFO - Rec 15: job f26f82dd-3d85-438f-88a0-d0199affebad succeeded, metric={"latency_bootstrap_ci_width_ms": 0.14135424999999913, "latency_ci95_high": 60.86909, "latency_ci95_low": 60.72773575, "latency_device_range_fraction": 0.007837611482504043, "latency_iqr_ms": 0.2848054999999974, "latency_mad_ms": 0.14516650000000197, "latency_ms": 60.755946, "latency_p95_ms": 61.124575, "latency_robust_cv": 0.0035424327505328107, "latency_round_drift_fraction": 0.0007103872598741147, "latency_synchronized_median_ms": 61.078033000000005, "latency_synchronized_p95_ms": 61.23989295, "mAP50": 0.4967726466950213}
2026-07-29 04:38:47,139 - tao_automl.controller.controller - INFO - Reported result for rec 15: score=-1.128394 values={'mAP50': 0.4967726466950213, 'latency_ms': 60.755946, 'latency_p95_ms': 61.124575, 'latency_mad_ms': 0.14516650000000197, 'latency_iqr_ms': 0.2848054999999974, 'latency_robust_cv': 0.0035424327505328107, 'latency_ci95_low': 60.72773575, 'latency_ci95_high': 60.86909, 'latency_bootstrap_ci_width_ms': 0.14135424999999913, 'latency_round_drift_fraction': 0.0007103872598741147, 'latency_device_range_fraction': 0.007837611482504043, 'latency_synchronized_median_ms': 61.078033000000005, 'latency_synchronized_p95_ms': 61.23989295} status=success
2026-07-29 04:38:47,149 - tao_automl.runner - INFO - Recommendation 15: metric=0.496773, status=success
/localhome/local-rarunachalam/.tao/venvs/dino-multiobjective-py314/lib/python3.14/site-packages/sklearn/gaussian_process/kernels.py:455: ConvergenceWarning: The optimal value found for dimension 0 of parameter k2__length_scale is close to the specified upper bound 100000.0. Increasing the bound and calling fit again may find a better value.
  warnings.warn(
2026-07-29 04:38:47,295 - tao_automl.brain.bayesian - INFO - Recommendation param: model.dec_layers value: 5
2026-07-29 04:38:47,295 - tao_automl.brain.bayesian - INFO - Recommendation param: model.enc_layers value: 4
2026-07-29 04:38:47,295 - tao_automl.brain.bayesian - INFO - Recommendation param: train.optim.lr value: 0.00031814767773767784
2026-07-29 04:38:47,295 - tao_automl.brain.bayesian - INFO - Recommendation param: train.optim.weight_decay value: 0.0007356735400410549
2026-07-29 04:38:47,305 - tao_automl.runner - INFO - Recommendation 16: launching job with 4 spec overrides
2026-07-29 04:39:01,498 - tao_automl.runner - INFO - Rec 16: job aefb2b94-a5fb-401e-a80e-4347c5967fbf submitted (backend: tao-job-aefb2b94-a5fb-401e-a80e-4347c5967fbf)
JOB_STATUS phase=selection_time_latency seed=409976740 rec=15 job=d0e98960-e0c8-4afb-b3a9-e116b7be2c7d status=Complete
2026-07-29 04:39:44,379 - tao_automl.runner - INFO - Rec 15: eval_fn returned metric={"latency_bootstrap_ci_width_ms": 0.08318224999999302, "latency_ci95_high": 66.758546, "latency_ci95_low": 66.67536375, "latency_device_range_fraction": 0.004230843003213859, "latency_iqr_ms": 0.1662924999999973, "latency_mad_ms": 0.08315675000001477, "latency_ms": 66.73197275000001, "latency_p95_ms": 66.93709145, "latency_robust_cv": 0.001847513155528912, "latency_round_drift_fraction": 0.0010888745979713615, "latency_synchronized_median_ms": 66.91015250000001, "latency_synchronized_p95_ms": 67.04312505, "mAP50": 0.5828259262603085} (overriding log-extracted None)
2026-07-29 04:39:44,379 - tao_automl.runner - INFO - Rec 15: job b976dab7-9142-42c1-8632-7f51f97425df succeeded, metric={"latency_bootstrap_ci_width_ms": 0.08318224999999302, "latency_ci95_high": 66.758546, "latency_ci95_low": 66.67536375, "latency_device_range_fraction": 0.004230843003213859, "latency_iqr_ms": 0.1662924999999973, "latency_mad_ms": 0.08315675000001477, "latency_ms": 66.73197275000001, "latency_p95_ms": 66.93709145, "latency_robust_cv": 0.001847513155528912, "latency_round_drift_fraction": 0.0010888745979713615, "latency_synchronized_median_ms": 66.91015250000001, "latency_synchronized_p95_ms": 67.04312505, "mAP50": 0.5828259262603085}
2026-07-29 04:39:44,386 - tao_automl.controller.controller - INFO - Reported result for rec 15: score=0.616077 values={'mAP50': 0.5828259262603085, 'latency_ms': 66.73197275000001, 'latency_p95_ms': 66.93709145, 'latency_mad_ms': 0.08315675000001477, 'latency_iqr_ms': 0.1662924999999973, 'latency_robust_cv': 0.001847513155528912, 'latency_ci95_low': 66.67536375, 'latency_ci95_high': 66.758546, 'latency_bootstrap_ci_width_ms': 0.08318224999999302, 'latency_round_drift_fraction': 0.0010888745979713615, 'latency_device_range_fraction': 0.004230843003213859, 'latency_synchronized_median_ms': 66.91015250000001, 'latency_synchronized_p95_ms': 67.04312505} status=success
2026-07-29 04:39:44,398 - tao_automl.runner - INFO - Recommendation 15: metric=0.582826, status=success
2026-07-29 04:39:44,560 - tao_automl.brain.bayesian - INFO - Recommendation param: model.dec_layers value: 6
2026-07-29 04:39:44,560 - tao_automl.brain.bayesian - INFO - Recommendation param: model.enc_layers value: 3
2026-07-29 04:39:44,561 - tao_automl.brain.bayesian - INFO - Recommendation param: train.optim.lr value: 1.1000000000000001e-05
2026-07-29 04:39:44,561 - tao_automl.brain.bayesian - INFO - Recommendation param: train.optim.weight_decay value: 0.0009
2026-07-29 04:39:44,571 - tao_automl.runner - INFO - Recommendation 16: launching job with 4 spec overrides
2026-07-29 04:39:58,781 - tao_automl.runner - INFO - Rec 16: job fc9d68a8-dc04-4016-98a2-739bb03be19b submitted (backend: tao-job-fc9d68a8-dc04-4016-98a2-739bb03be19b)
JOB_STATUS phase=accuracy_evaluation seed=1455024938 rec=17 job=33c73c42-c0bd-4fd5-8b90-b8a28525c0ec status=Pending
JOB_STATUS phase=accuracy_evaluation seed=1455024938 rec=17 job=33c73c42-c0bd-4fd5-8b90-b8a28525c0ec status=Running
JOB_STATUS phase=accuracy_evaluation seed=1455024938 rec=17 job=33c73c42-c0bd-4fd5-8b90-b8a28525c0ec status=Complete
JOB_STATUS phase=selection_time_latency seed=1455024938 rec=17 job=5ccf9ff1-19b1-4479-836d-dfeb6f34549f status=Pending
JOB_STATUS phase=selection_time_latency seed=1455024938 rec=17 job=5ccf9ff1-19b1-4479-836d-dfeb6f34549f status=Running
JOB_STATUS phase=accuracy_evaluation seed=1415367367 rec=16 job=1bcece5c-e013-44ef-ab3d-b305f374d765 status=Running
JOB_STATUS phase=selection_time_latency seed=1455024938 rec=17 job=5ccf9ff1-19b1-4479-836d-dfeb6f34549f status=Complete
2026-07-29 04:47:20,065 - tao_automl.runner - INFO - Rec 17: eval_fn returned metric={"latency_bootstrap_ci_width_ms": 0.08799649999999559, "latency_ci95_high": 52.28245475, "latency_ci95_low": 52.194458250000004, "latency_device_range_fraction": 0.00560558543526681, "latency_iqr_ms": 0.19374824999999873, "latency_mad_ms": 0.09686699999999959, "latency_ms": 52.23281375, "latency_p95_ms": 52.461251049999994, "latency_robust_cv": 0.002749517092595828, "latency_round_drift_fraction": 0.000688140221050121, "latency_synchronized_median_ms": 52.42287, "latency_synchronized_p95_ms": 52.58469555, "mAP50": 0.5780320693410467} (overriding log-extracted None)
2026-07-29 04:47:20,066 - tao_automl.runner - INFO - Rec 17: job 16fda03c-e1fe-479f-9a99-9cd128f1fc6e succeeded, metric={"latency_bootstrap_ci_width_ms": 0.08799649999999559, "latency_ci95_high": 52.28245475, "latency_ci95_low": 52.194458250000004, "latency_device_range_fraction": 0.00560558543526681, "latency_iqr_ms": 0.19374824999999873, "latency_mad_ms": 0.09686699999999959, "latency_ms": 52.23281375, "latency_p95_ms": 52.461251049999994, "latency_robust_cv": 0.002749517092595828, "latency_round_drift_fraction": 0.000688140221050121, "latency_synchronized_median_ms": 52.42287, "latency_synchronized_p95_ms": 52.58469555, "mAP50": 0.5780320693410467}
2026-07-29 04:47:20,069 - tao_automl.controller.controller - INFO - Reported result for rec 17: score=1.000000 values={'mAP50': 0.5780320693410467, 'latency_ms': 52.23281375, 'latency_p95_ms': 52.461251049999994, 'latency_mad_ms': 0.09686699999999959, 'latency_iqr_ms': 0.19374824999999873, 'latency_robust_cv': 0.002749517092595828, 'latency_ci95_low': 52.194458250000004, 'latency_ci95_high': 52.28245475, 'latency_bootstrap_ci_width_ms': 0.08799649999999559, 'latency_round_drift_fraction': 0.000688140221050121, 'latency_device_range_fraction': 0.00560558543526681, 'latency_synchronized_median_ms': 52.42287, 'latency_synchronized_p95_ms': 52.58469555} status=success
2026-07-29 04:47:20,080 - tao_automl.runner - INFO - Recommendation 17: metric=0.578032, status=success
2026-07-29 04:47:20,408 - tao_automl.brain.bayesian - INFO - Recommendation param: model.dec_layers value: 4
2026-07-29 04:47:20,408 - tao_automl.brain.bayesian - INFO - Recommendation param: model.enc_layers value: 3
2026-07-29 04:47:20,408 - tao_automl.brain.bayesian - INFO - Recommendation param: train.optim.lr value: 0.00027938480406360344
2026-07-29 04:47:20,408 - tao_automl.brain.bayesian - INFO - Recommendation param: train.optim.weight_decay value: 0.00019622718322712465
2026-07-29 04:47:20,419 - tao_automl.runner - INFO - Recommendation 18: launching job with 4 spec overrides
JOB_STATUS phase=accuracy_evaluation seed=409976740 rec=16 job=64bd330a-604f-416f-89e3-3dfb99c0a6e4 status=Running
2026-07-29 04:47:31,730 - tao_automl.runner - INFO - Rec 18: job 61afb857-cbad-4beb-8779-5cd7e00d2d89 submitted (backend: tao-job-61afb857-cbad-4beb-8779-5cd7e00d2d89)
JOB_STATUS phase=accuracy_evaluation seed=1415367367 rec=16 job=1bcece5c-e013-44ef-ab3d-b305f374d765 status=Complete
JOB_STATUS phase=selection_time_latency seed=1415367367 rec=16 job=162d85bd-a29d-4d28-b5fe-271de9497f79 status=Pending
JOB_STATUS phase=selection_time_latency seed=1415367367 rec=16 job=162d85bd-a29d-4d28-b5fe-271de9497f79 status=Running
JOB_STATUS phase=accuracy_evaluation seed=409976740 rec=16 job=64bd330a-604f-416f-89e3-3dfb99c0a6e4 status=Complete
JOB_STATUS phase=selection_time_latency seed=409976740 rec=16 job=12b6a3eb-92d6-471d-9b14-6c987fe5f09d status=Running
JOB_STATUS phase=selection_time_latency seed=1415367367 rec=16 job=162d85bd-a29d-4d28-b5fe-271de9497f79 status=Complete
2026-07-29 04:51:14,381 - tao_automl.runner - INFO - Rec 16: eval_fn returned metric={"latency_bootstrap_ci_width_ms": 0.1342412500000023, "latency_ci95_high": 65.656295, "latency_ci95_low": 65.52205375, "latency_device_range_fraction": 0.008057907408012507, "latency_iqr_ms": 0.2150032499999952, "latency_mad_ms": 0.10870550000000634, "latency_ms": 65.61039650000001, "latency_p95_ms": 65.9836005, "latency_robust_cv": 0.0024564212822583593, "latency_round_drift_fraction": 0.0006448444493090372, "latency_synchronized_median_ms": 65.96054699999999, "latency_synchronized_p95_ms": 66.10850195, "mAP50": 0.5730630428879423} (overriding log-extracted None)
2026-07-29 04:51:14,381 - tao_automl.runner - INFO - Rec 16: job aefb2b94-a5fb-401e-a80e-4347c5967fbf succeeded, metric={"latency_bootstrap_ci_width_ms": 0.1342412500000023, "latency_ci95_high": 65.656295, "latency_ci95_low": 65.52205375, "latency_device_range_fraction": 0.008057907408012507, "latency_iqr_ms": 0.2150032499999952, "latency_mad_ms": 0.10870550000000634, "latency_ms": 65.61039650000001, "latency_p95_ms": 65.9836005, "latency_robust_cv": 0.0024564212822583593, "latency_round_drift_fraction": 0.0006448444493090372, "latency_synchronized_median_ms": 65.96054699999999, "latency_synchronized_p95_ms": 66.10850195, "mAP50": 0.5730630428879423}
2026-07-29 04:51:14,390 - tao_automl.controller.controller - INFO - Reported result for rec 16: score=-1.009897 values={'mAP50': 0.5730630428879423, 'latency_ms': 65.61039650000001, 'latency_p95_ms': 65.9836005, 'latency_mad_ms': 0.10870550000000634, 'latency_iqr_ms': 0.2150032499999952, 'latency_robust_cv': 0.0024564212822583593, 'latency_ci95_low': 65.52205375, 'latency_ci95_high': 65.656295, 'latency_bootstrap_ci_width_ms': 0.1342412500000023, 'latency_round_drift_fraction': 0.0006448444493090372, 'latency_device_range_fraction': 0.008057907408012507, 'latency_synchronized_median_ms': 65.96054699999999, 'latency_synchronized_p95_ms': 66.10850195} status=success
2026-07-29 04:51:14,400 - tao_automl.runner - INFO - Recommendation 16: metric=0.573063, status=success
2026-07-29 04:51:14,469 - tao_automl.brain.bayesian - INFO - Recommendation param: model.dec_layers value: 4
2026-07-29 04:51:14,469 - tao_automl.brain.bayesian - INFO - Recommendation param: model.enc_layers value: 4
2026-07-29 04:51:14,469 - tao_automl.brain.bayesian - INFO - Recommendation param: train.optim.lr value: 0.00011104617368111144
2026-07-29 04:51:14,469 - tao_automl.brain.bayesian - INFO - Recommendation param: train.optim.weight_decay value: 0.0005371708065376989
2026-07-29 04:51:14,480 - tao_automl.runner - INFO - Recommendation 17: launching job with 4 spec overrides
2026-07-29 04:51:26,831 - tao_automl.runner - INFO - Rec 17: job 5557235f-3c72-4626-8e9e-4ac34a63425e submitted (backend: tao-job-5557235f-3c72-4626-8e9e-4ac34a63425e)
JOB_STATUS phase=selection_time_latency seed=409976740 rec=16 job=12b6a3eb-92d6-471d-9b14-6c987fe5f09d status=Complete
2026-07-29 04:52:06,335 - tao_automl.runner - INFO - Rec 16: eval_fn returned metric={"latency_bootstrap_ci_width_ms": 0.06584124999999119, "latency_ci95_high": 65.23732174999999, "latency_ci95_low": 65.1714805, "latency_device_range_fraction": 0.0042813827013495525, "latency_iqr_ms": 0.1869382499999972, "latency_mad_ms": 0.08665200000000084, "latency_ms": 65.212694, "latency_p95_ms": 65.39162995000001, "latency_robust_cv": 0.0019700191376850838, "latency_round_drift_fraction": 0.0006051122500780085, "latency_synchronized_median_ms": 65.332516, "latency_synchronized_p95_ms": 65.54947849999999, "mAP50": 0.2967017400106151} (overriding log-extracted None)
2026-07-29 04:52:06,335 - tao_automl.runner - INFO - Rec 16: job fc9d68a8-dc04-4016-98a2-739bb03be19b succeeded, metric={"latency_bootstrap_ci_width_ms": 0.06584124999999119, "latency_ci95_high": 65.23732174999999, "latency_ci95_low": 65.1714805, "latency_device_range_fraction": 0.0042813827013495525, "latency_iqr_ms": 0.1869382499999972, "latency_mad_ms": 0.08665200000000084, "latency_ms": 65.212694, "latency_p95_ms": 65.39162995000001, "latency_robust_cv": 0.0019700191376850838, "latency_round_drift_fraction": 0.0006051122500780085, "latency_synchronized_median_ms": 65.332516, "latency_synchronized_p95_ms": 65.54947849999999, "mAP50": 0.2967017400106151}
2026-07-29 04:52:06,339 - tao_automl.controller.controller - INFO - Reported result for rec 16: score=-1.439197 values={'mAP50': 0.2967017400106151, 'latency_ms': 65.212694, 'latency_p95_ms': 65.39162995000001, 'latency_mad_ms': 0.08665200000000084, 'latency_iqr_ms': 0.1869382499999972, 'latency_robust_cv': 0.0019700191376850838, 'latency_ci95_low': 65.1714805, 'latency_ci95_high': 65.23732174999999, 'latency_bootstrap_ci_width_ms': 0.06584124999999119, 'latency_round_drift_fraction': 0.0006051122500780085, 'latency_device_range_fraction': 0.0042813827013495525, 'latency_synchronized_median_ms': 65.332516, 'latency_synchronized_p95_ms': 65.54947849999999} status=success
2026-07-29 04:52:06,349 - tao_automl.runner - INFO - Recommendation 16: metric=0.296702, status=success
2026-07-29 04:52:06,517 - tao_automl.brain.bayesian - INFO - Recommendation param: model.dec_layers value: 3
2026-07-29 04:52:06,517 - tao_automl.brain.bayesian - INFO - Recommendation param: model.enc_layers value: 5
2026-07-29 04:52:06,517 - tao_automl.brain.bayesian - INFO - Recommendation param: train.optim.lr value: 0.00045
2026-07-29 04:52:06,517 - tao_automl.brain.bayesian - INFO - Recommendation param: train.optim.weight_decay value: 1.1000000000000001e-05
2026-07-29 04:52:06,528 - tao_automl.runner - INFO - Recommendation 17: launching job with 4 spec overrides
2026-07-29 04:52:19,024 - tao_automl.runner - INFO - Rec 17: job 326f2ca8-2bd7-401a-ab22-659736ed4a2c submitted (backend: tao-job-326f2ca8-2bd7-401a-ab22-659736ed4a2c)
JOB_STATUS phase=accuracy_evaluation seed=1455024938 rec=18 job=e3c4c538-fd7e-4640-8b16-36f25f317c96 status=Pending
JOB_STATUS phase=accuracy_evaluation seed=1455024938 rec=18 job=e3c4c538-fd7e-4640-8b16-36f25f317c96 status=Running
JOB_STATUS phase=accuracy_evaluation seed=1455024938 rec=18 job=e3c4c538-fd7e-4640-8b16-36f25f317c96 status=Complete
JOB_STATUS phase=selection_time_latency seed=1455024938 rec=18 job=eadb2dd0-6fd3-46cd-89d1-69d08412ba99 status=Pending
JOB_STATUS phase=selection_time_latency seed=1455024938 rec=18 job=eadb2dd0-6fd3-46cd-89d1-69d08412ba99 status=Running
JOB_STATUS phase=accuracy_evaluation seed=1415367367 rec=17 job=3a7cc281-c54d-49c6-9959-b666e20bb984 status=Running
JOB_STATUS phase=selection_time_latency seed=1455024938 rec=18 job=eadb2dd0-6fd3-46cd-89d1-69d08412ba99 status=Complete
2026-07-29 04:59:17,226 - tao_automl.runner - INFO - Rec 18: eval_fn returned metric={"latency_bootstrap_ci_width_ms": 0.12800349999999838, "latency_ci95_high": 56.799586, "latency_ci95_low": 56.6715825, "latency_device_range_fraction": 0.006854791216151177, "latency_iqr_ms": 0.20783350000000667, "latency_mad_ms": 0.10164250000000052, "latency_ms": 56.747972000000004, "latency_p95_ms": 56.95509145, "latency_robust_cv": 0.002655516403299853, "latency_round_drift_fraction": 0.0010654389552458789, "latency_synchronized_median_ms": 56.926844, "latency_synchronized_p95_ms": 57.0777465, "mAP50": 0.5133580377505067} (overriding log-extracted None)
2026-07-29 04:59:17,226 - tao_automl.runner - INFO - Rec 18: job 61afb857-cbad-4beb-8779-5cd7e00d2d89 succeeded, metric={"latency_bootstrap_ci_width_ms": 0.12800349999999838, "latency_ci95_high": 56.799586, "latency_ci95_low": 56.6715825, "latency_device_range_fraction": 0.006854791216151177, "latency_iqr_ms": 0.20783350000000667, "latency_mad_ms": 0.10164250000000052, "latency_ms": 56.747972000000004, "latency_p95_ms": 56.95509145, "latency_robust_cv": 0.002655516403299853, "latency_round_drift_fraction": 0.0010654389552458789, "latency_synchronized_median_ms": 56.926844, "latency_synchronized_p95_ms": 57.0777465, "mAP50": 0.5133580377505067}
2026-07-29 04:59:17,230 - tao_automl.controller.controller - INFO - Reported result for rec 18: score=-1.074009 values={'mAP50': 0.5133580377505067, 'latency_ms': 56.747972000000004, 'latency_p95_ms': 56.95509145, 'latency_mad_ms': 0.10164250000000052, 'latency_iqr_ms': 0.20783350000000667, 'latency_robust_cv': 0.002655516403299853, 'latency_ci95_low': 56.6715825, 'latency_ci95_high': 56.799586, 'latency_bootstrap_ci_width_ms': 0.12800349999999838, 'latency_round_drift_fraction': 0.0010654389552458789, 'latency_device_range_fraction': 0.006854791216151177, 'latency_synchronized_median_ms': 56.926844, 'latency_synchronized_p95_ms': 57.0777465} status=success
2026-07-29 04:59:17,241 - tao_automl.runner - INFO - Recommendation 18: metric=0.513358, status=success
2026-07-29 04:59:17,502 - tao_automl.brain.bayesian - INFO - Recommendation param: model.dec_layers value: 4
2026-07-29 04:59:17,502 - tao_automl.brain.bayesian - INFO - Recommendation param: model.enc_layers value: 3
2026-07-29 04:59:17,502 - tao_automl.brain.bayesian - INFO - Recommendation param: train.optim.lr value: 0.00017367199598950994
2026-07-29 04:59:17,502 - tao_automl.brain.bayesian - INFO - Recommendation param: train.optim.weight_decay value: 0.00015729043479177328
2026-07-29 04:59:17,514 - tao_automl.runner - INFO - Recommendation 19: launching job with 4 spec overrides
JOB_STATUS phase=accuracy_evaluation seed=409976740 rec=17 job=4ae886d5-1eb7-4d9a-bcba-5984efbd8399 status=Pending
2026-07-29 04:59:28,896 - tao_automl.runner - INFO - Rec 19: job 682281f3-36f4-40b5-8db0-2ce1bc5ea182 submitted (backend: tao-job-682281f3-36f4-40b5-8db0-2ce1bc5ea182)
JOB_STATUS phase=accuracy_evaluation seed=409976740 rec=17 job=4ae886d5-1eb7-4d9a-bcba-5984efbd8399 status=Running
JOB_STATUS phase=accuracy_evaluation seed=1415367367 rec=17 job=3a7cc281-c54d-49c6-9959-b666e20bb984 status=Complete
JOB_STATUS phase=selection_time_latency seed=1415367367 rec=17 job=7f399bbe-e3b1-46d7-9b48-356e62973d53 status=Pending
JOB_STATUS phase=accuracy_evaluation seed=409976740 rec=17 job=4ae886d5-1eb7-4d9a-bcba-5984efbd8399 status=Complete
JOB_STATUS phase=selection_time_latency seed=1415367367 rec=17 job=7f399bbe-e3b1-46d7-9b48-356e62973d53 status=Running
JOB_STATUS phase=selection_time_latency seed=409976740 rec=17 job=532f3f10-6576-4f16-8563-0b30221e2d13 status=Running
JOB_STATUS phase=selection_time_latency seed=1415367367 rec=17 job=7f399bbe-e3b1-46d7-9b48-356e62973d53 status=Complete
2026-07-29 05:03:32,570 - tao_automl.runner - INFO - Rec 17: eval_fn returned metric={"latency_bootstrap_ci_width_ms": 0.041788749999994934, "latency_ci95_high": 61.748020249999996, "latency_ci95_low": 61.7062315, "latency_device_range_fraction": 0.005580474018815021, "latency_iqr_ms": 0.18594975000000602, "latency_mad_ms": 0.09245050000000177, "latency_ms": 61.7307775, "latency_p95_ms": 61.93671365, "latency_robust_cv": 0.002220401505553735, "latency_round_drift_fraction": 0.00010140403626048807, "latency_synchronized_median_ms": 61.8745335, "latency_synchronized_p95_ms": 62.082184999999996, "mAP50": 0.5164743744142821} (overriding log-extracted None)
2026-07-29 05:03:32,570 - tao_automl.runner - INFO - Rec 17: job 5557235f-3c72-4626-8e9e-4ac34a63425e succeeded, metric={"latency_bootstrap_ci_width_ms": 0.041788749999994934, "latency_ci95_high": 61.748020249999996, "latency_ci95_low": 61.7062315, "latency_device_range_fraction": 0.005580474018815021, "latency_iqr_ms": 0.18594975000000602, "latency_mad_ms": 0.09245050000000177, "latency_ms": 61.7307775, "latency_p95_ms": 61.93671365, "latency_robust_cv": 0.002220401505553735, "latency_round_drift_fraction": 0.00010140403626048807, "latency_synchronized_median_ms": 61.8745335, "latency_synchronized_p95_ms": 62.082184999999996, "mAP50": 0.5164743744142821}
2026-07-29 05:03:32,574 - tao_automl.controller.controller - INFO - Reported result for rec 17: score=-1.097792 values={'mAP50': 0.5164743744142821, 'latency_ms': 61.7307775, 'latency_p95_ms': 61.93671365, 'latency_mad_ms': 0.09245050000000177, 'latency_iqr_ms': 0.18594975000000602, 'latency_robust_cv': 0.002220401505553735, 'latency_ci95_low': 61.7062315, 'latency_ci95_high': 61.748020249999996, 'latency_bootstrap_ci_width_ms': 0.041788749999994934, 'latency_round_drift_fraction': 0.00010140403626048807, 'latency_device_range_fraction': 0.005580474018815021, 'latency_synchronized_median_ms': 61.8745335, 'latency_synchronized_p95_ms': 62.082184999999996} status=success
2026-07-29 05:03:32,585 - tao_automl.runner - INFO - Recommendation 17: metric=0.516474, status=success
2026-07-29 05:03:32,656 - tao_automl.brain.bayesian - INFO - Recommendation param: model.dec_layers value: 3
2026-07-29 05:03:32,656 - tao_automl.brain.bayesian - INFO - Recommendation param: model.enc_layers value: 3
2026-07-29 05:03:32,656 - tao_automl.brain.bayesian - INFO - Recommendation param: train.optim.lr value: 5.1700623474158385e-05
2026-07-29 05:03:32,656 - tao_automl.brain.bayesian - INFO - Recommendation param: train.optim.weight_decay value: 0.0004481862165351624
2026-07-29 05:03:32,667 - tao_automl.runner - INFO - Recommendation 18: launching job with 4 spec overrides
2026-07-29 05:03:45,005 - tao_automl.runner - INFO - Rec 18: job f32edcfd-0705-4a7b-b4f2-ec5818e4f52a submitted (backend: tao-job-f32edcfd-0705-4a7b-b4f2-ec5818e4f52a)
JOB_STATUS phase=selection_time_latency seed=409976740 rec=17 job=532f3f10-6576-4f16-8563-0b30221e2d13 status=Complete
2026-07-29 05:05:29,896 - tao_automl.runner - INFO - Rec 17: eval_fn returned metric={"latency_bootstrap_ci_width_ms": 0.14373549999999824, "latency_ci95_high": 61.887451, "latency_ci95_low": 61.7437155, "latency_device_range_fraction": 0.008728539614022757, "latency_iqr_ms": 0.307781999999996, "latency_mad_ms": 0.134643999999998, "latency_ms": 61.84064275, "latency_p95_ms": 62.23265395, "latency_robust_cv": 0.0032280258665325244, "latency_round_drift_fraction": 0.0009092483114594265, "latency_synchronized_median_ms": 62.207092, "latency_synchronized_p95_ms": 62.5383365, "mAP50": 0.588866093749801} (overriding log-extracted None)
2026-07-29 05:05:29,896 - tao_automl.runner - INFO - Rec 17: job 326f2ca8-2bd7-401a-ab22-659736ed4a2c succeeded, metric={"latency_bootstrap_ci_width_ms": 0.14373549999999824, "latency_ci95_high": 61.887451, "latency_ci95_low": 61.7437155, "latency_device_range_fraction": 0.008728539614022757, "latency_iqr_ms": 0.307781999999996, "latency_mad_ms": 0.134643999999998, "latency_ms": 61.84064275, "latency_p95_ms": 62.23265395, "latency_robust_cv": 0.0032280258665325244, "latency_round_drift_fraction": 0.0009092483114594265, "latency_synchronized_median_ms": 62.207092, "latency_synchronized_p95_ms": 62.5383365, "mAP50": 0.588866093749801}
2026-07-29 05:05:29,900 - tao_automl.controller.controller - INFO - Reported result for rec 17: score=0.978878 values={'mAP50': 0.588866093749801, 'latency_ms': 61.84064275, 'latency_p95_ms': 62.23265395, 'latency_mad_ms': 0.134643999999998, 'latency_iqr_ms': 0.307781999999996, 'latency_robust_cv': 0.0032280258665325244, 'latency_ci95_low': 61.7437155, 'latency_ci95_high': 61.887451, 'latency_bootstrap_ci_width_ms': 0.14373549999999824, 'latency_round_drift_fraction': 0.0009092483114594265, 'latency_device_range_fraction': 0.008728539614022757, 'latency_synchronized_median_ms': 62.207092, 'latency_synchronized_p95_ms': 62.5383365} status=success
2026-07-29 05:05:29,915 - tao_automl.runner - INFO - Recommendation 17: metric=0.588866, status=success
2026-07-29 05:05:30,049 - tao_automl.brain.bayesian - INFO - Recommendation param: model.dec_layers value: 3
2026-07-29 05:05:30,050 - tao_automl.brain.bayesian - INFO - Recommendation param: model.enc_layers value: 3
2026-07-29 05:05:30,050 - tao_automl.brain.bayesian - INFO - Recommendation param: train.optim.lr value: 3.067984937669569e-05
2026-07-29 05:05:30,050 - tao_automl.brain.bayesian - INFO - Recommendation param: train.optim.weight_decay value: 0.0008196183080776194
2026-07-29 05:05:30,061 - tao_automl.runner - INFO - Recommendation 18: launching job with 4 spec overrides
2026-07-29 05:05:42,577 - tao_automl.runner - INFO - Rec 18: job 93a5a811-968b-4935-b145-3e14ceee6308 submitted (backend: tao-job-93a5a811-968b-4935-b145-3e14ceee6308)
JOB_STATUS phase=accuracy_evaluation seed=1455024938 rec=19 job=f7cd8e76-b4e5-4d06-9c18-4d0961db4b0a status=Running
JOB_STATUS phase=accuracy_evaluation seed=1455024938 rec=19 job=f7cd8e76-b4e5-4d06-9c18-4d0961db4b0a status=Complete
JOB_STATUS phase=selection_time_latency seed=1455024938 rec=19 job=13b78f65-7db6-4f41-a2fb-1984eceefb0f status=Pending
JOB_STATUS phase=selection_time_latency seed=1455024938 rec=19 job=13b78f65-7db6-4f41-a2fb-1984eceefb0f status=Running
JOB_STATUS phase=accuracy_evaluation seed=1415367367 rec=18 job=70026f98-f41a-433e-8076-bde92b253fdb status=Pending
JOB_STATUS phase=accuracy_evaluation seed=1415367367 rec=18 job=70026f98-f41a-433e-8076-bde92b253fdb status=Running
JOB_STATUS phase=selection_time_latency seed=1455024938 rec=19 job=13b78f65-7db6-4f41-a2fb-1984eceefb0f status=Complete
2026-07-29 05:10:42,292 - tao_automl.runner - INFO - Rec 19: eval_fn returned metric={"latency_bootstrap_ci_width_ms": 0.14838925000000103, "latency_ci95_high": 56.701032, "latency_ci95_low": 56.55264275, "latency_device_range_fraction": 0.0059548968954979764, "latency_iqr_ms": 0.22681525000000136, "latency_mad_ms": 0.10468874999999755, "latency_ms": 56.606269749999996, "latency_p95_ms": 56.88678595, "latency_robust_cv": 0.0027419496362414233, "latency_round_drift_fraction": 0.0006031796504308317, "latency_synchronized_median_ms": 56.852551500000004, "latency_synchronized_p95_ms": 57.158141449999995, "mAP50": 0.512413949430518} (overriding log-extracted None)
2026-07-29 05:10:42,292 - tao_automl.runner - INFO - Rec 19: job 682281f3-36f4-40b5-8db0-2ce1bc5ea182 succeeded, metric={"latency_bootstrap_ci_width_ms": 0.14838925000000103, "latency_ci95_high": 56.701032, "latency_ci95_low": 56.55264275, "latency_device_range_fraction": 0.0059548968954979764, "latency_iqr_ms": 0.22681525000000136, "latency_mad_ms": 0.10468874999999755, "latency_ms": 56.606269749999996, "latency_p95_ms": 56.88678595, "latency_robust_cv": 0.0027419496362414233, "latency_round_drift_fraction": 0.0006031796504308317, "latency_synchronized_median_ms": 56.852551500000004, "latency_synchronized_p95_ms": 57.158141449999995, "mAP50": 0.512413949430518}
2026-07-29 05:10:42,297 - tao_automl.controller.controller - INFO - Reported result for rec 19: score=-1.075528 values={'mAP50': 0.512413949430518, 'latency_ms': 56.606269749999996, 'latency_p95_ms': 56.88678595, 'latency_mad_ms': 0.10468874999999755, 'latency_iqr_ms': 0.22681525000000136, 'latency_robust_cv': 0.0027419496362414233, 'latency_ci95_low': 56.55264275, 'latency_ci95_high': 56.701032, 'latency_bootstrap_ci_width_ms': 0.14838925000000103, 'latency_round_drift_fraction': 0.0006031796504308317, 'latency_device_range_fraction': 0.0059548968954979764, 'latency_synchronized_median_ms': 56.852551500000004, 'latency_synchronized_p95_ms': 57.158141449999995} status=success
2026-07-29 05:10:42,308 - tao_automl.runner - INFO - Recommendation 19: metric=0.512414, status=success
2026-07-29 05:10:42,314 - tao_automl.runner - INFO - AutoML complete: 20 recommendations, best metric=0.578032 (rec 17)
SEED_ARCHIVE_COMPLETE seed=1455024938 path=/localhome/local-rarunachalam/tao-automl/experiments/dino_moo_phase2_20260728/runtime/low_latency_followup_v1/seed_1455024938/seed_archive.v1.json sha256=6a92dc3b5189a5edcc9a92e89e1596f2982a9d6f3efd282ca2ad5b316a069606
SEED_PROCESS_EXIT seed=1455024938 exitcode=0
JOB_STATUS phase=accuracy_evaluation seed=1415367367 rec=18 job=70026f98-f41a-433e-8076-bde92b253fdb status=Complete
JOB_STATUS phase=accuracy_evaluation seed=409976740 rec=18 job=a1583639-1a81-497f-8683-925f2d3dc860 status=Running
JOB_STATUS phase=selection_time_latency seed=1415367367 rec=18 job=3bc2f366-ed3b-4794-b70f-1a92170224f6 status=Running
JOB_STATUS phase=accuracy_evaluation seed=409976740 rec=18 job=a1583639-1a81-497f-8683-925f2d3dc860 status=Complete
JOB_STATUS phase=selection_time_latency seed=1415367367 rec=18 job=3bc2f366-ed3b-4794-b70f-1a92170224f6 status=Complete
2026-07-29 05:14:42,316 - tao_automl.runner - INFO - Rec 18: eval_fn returned metric={"latency_bootstrap_ci_width_ms": 0.10958525000000208, "latency_ci95_high": 52.24744125, "latency_ci95_low": 52.137856, "latency_device_range_fraction": 0.009339602110838945, "latency_iqr_ms": 0.2101005000000029, "latency_mad_ms": 0.10457250000000329, "latency_ms": 52.222835, "latency_p95_ms": 52.4687895, "latency_robust_cv": 0.002968800688434568, "latency_round_drift_fraction": 0.0007093305064729543, "latency_synchronized_median_ms": 52.433049999999994, "latency_synchronized_p95_ms": 53.34924345, "mAP50": 0.40586665078175976} (overriding log-extracted None)
2026-07-29 05:14:42,316 - tao_automl.runner - INFO - Rec 18: job f32edcfd-0705-4a7b-b4f2-ec5818e4f52a succeeded, metric={"latency_bootstrap_ci_width_ms": 0.10958525000000208, "latency_ci95_high": 52.24744125, "latency_ci95_low": 52.137856, "latency_device_range_fraction": 0.009339602110838945, "latency_iqr_ms": 0.2101005000000029, "latency_mad_ms": 0.10457250000000329, "latency_ms": 52.222835, "latency_p95_ms": 52.4687895, "latency_robust_cv": 0.002968800688434568, "latency_round_drift_fraction": 0.0007093305064729543, "latency_synchronized_median_ms": 52.433049999999994, "latency_synchronized_p95_ms": 53.34924345, "mAP50": 0.40586665078175976}
2026-07-29 05:14:42,321 - tao_automl.controller.controller - INFO - Reported result for rec 18: score=-1.269593 values={'mAP50': 0.40586665078175976, 'latency_ms': 52.222835, 'latency_p95_ms': 52.4687895, 'latency_mad_ms': 0.10457250000000329, 'latency_iqr_ms': 0.2101005000000029, 'latency_robust_cv': 0.002968800688434568, 'latency_ci95_low': 52.137856, 'latency_ci95_high': 52.24744125, 'latency_bootstrap_ci_width_ms': 0.10958525000000208, 'latency_round_drift_fraction': 0.0007093305064729543, 'latency_device_range_fraction': 0.009339602110838945, 'latency_synchronized_median_ms': 52.433049999999994, 'latency_synchronized_p95_ms': 53.34924345} status=success
2026-07-29 05:14:42,331 - tao_automl.runner - INFO - Recommendation 18: metric=0.405867, status=success
2026-07-29 05:14:42,406 - tao_automl.brain.bayesian - INFO - Recommendation param: model.dec_layers value: 5
2026-07-29 05:14:42,407 - tao_automl.brain.bayesian - INFO - Recommendation param: model.enc_layers value: 4
2026-07-29 05:14:42,407 - tao_automl.brain.bayesian - INFO - Recommendation param: train.optim.lr value: 0.00033309055348239877
2026-07-29 05:14:42,407 - tao_automl.brain.bayesian - INFO - Recommendation param: train.optim.weight_decay value: 0.0004716693129583802
2026-07-29 05:14:42,418 - tao_automl.runner - INFO - Recommendation 19: launching job with 4 spec overrides
2026-07-29 05:14:55,680 - tao_automl.runner - INFO - Rec 19: job c63dae54-132b-4289-9777-41a782882270 submitted (backend: tao-job-c63dae54-132b-4289-9777-41a782882270)
JOB_STATUS phase=selection_time_latency seed=409976740 rec=18 job=239c7f63-b6a3-4ab1-8288-4e865bac3d2d status=Pending
JOB_STATUS phase=selection_time_latency seed=409976740 rec=18 job=239c7f63-b6a3-4ab1-8288-4e865bac3d2d status=Running
JOB_STATUS phase=selection_time_latency seed=409976740 rec=18 job=239c7f63-b6a3-4ab1-8288-4e865bac3d2d status=Complete
2026-07-29 05:17:01,082 - tao_automl.runner - INFO - Rec 18: eval_fn returned metric={"latency_bootstrap_ci_width_ms": 0.12182049999999833, "latency_ci95_high": 52.5550455, "latency_ci95_low": 52.433225, "latency_device_range_fraction": 0.007989400415191365, "latency_iqr_ms": 0.23952499999999333, "latency_mad_ms": 0.0988567499999995, "latency_ms": 52.47809325, "latency_p95_ms": 52.7909625, "latency_robust_cv": 0.0027928800090311822, "latency_round_drift_fraction": 0.0008851074252779422, "latency_synchronized_median_ms": 52.757138999999995, "latency_synchronized_p95_ms": 52.883522, "mAP50": 0.3665263070555743} (overriding log-extracted None)
2026-07-29 05:17:01,083 - tao_automl.runner - INFO - Rec 18: job 93a5a811-968b-4935-b145-3e14ceee6308 succeeded, metric={"latency_bootstrap_ci_width_ms": 0.12182049999999833, "latency_ci95_high": 52.5550455, "latency_ci95_low": 52.433225, "latency_device_range_fraction": 0.007989400415191365, "latency_iqr_ms": 0.23952499999999333, "latency_mad_ms": 0.0988567499999995, "latency_ms": 52.47809325, "latency_p95_ms": 52.7909625, "latency_robust_cv": 0.0027928800090311822, "latency_round_drift_fraction": 0.0008851074252779422, "latency_synchronized_median_ms": 52.757138999999995, "latency_synchronized_p95_ms": 52.883522, "mAP50": 0.3665263070555743}
2026-07-29 05:17:01,087 - tao_automl.controller.controller - INFO - Reported result for rec 18: score=-1.330753 values={'mAP50': 0.3665263070555743, 'latency_ms': 52.47809325, 'latency_p95_ms': 52.7909625, 'latency_mad_ms': 0.0988567499999995, 'latency_iqr_ms': 0.23952499999999333, 'latency_robust_cv': 0.0027928800090311822, 'latency_ci95_low': 52.433225, 'latency_ci95_high': 52.5550455, 'latency_bootstrap_ci_width_ms': 0.12182049999999833, 'latency_round_drift_fraction': 0.0008851074252779422, 'latency_device_range_fraction': 0.007989400415191365, 'latency_synchronized_median_ms': 52.757138999999995, 'latency_synchronized_p95_ms': 52.883522} status=success
2026-07-29 05:17:01,098 - tao_automl.runner - INFO - Recommendation 18: metric=0.366526, status=success
2026-07-29 05:17:01,266 - tao_automl.brain.bayesian - INFO - Recommendation param: model.dec_layers value: 3
2026-07-29 05:17:01,266 - tao_automl.brain.bayesian - INFO - Recommendation param: model.enc_layers value: 6
2026-07-29 05:17:01,266 - tao_automl.brain.bayesian - INFO - Recommendation param: train.optim.lr value: 1.1000000000000001e-05
2026-07-29 05:17:01,266 - tao_automl.brain.bayesian - INFO - Recommendation param: train.optim.weight_decay value: 1.1000000000000001e-05
2026-07-29 05:17:01,278 - tao_automl.runner - INFO - Recommendation 19: launching job with 4 spec overrides
2026-07-29 05:17:14,750 - tao_automl.runner - INFO - Rec 19: job 29180204-4d69-4d70-819e-93d84e725eb1 submitted (backend: tao-job-29180204-4d69-4d70-819e-93d84e725eb1)
JOB_STATUS phase=accuracy_evaluation seed=1415367367 rec=19 job=75031af8-532d-429f-913f-ded4de895d45 status=Running
JOB_STATUS phase=accuracy_evaluation seed=409976740 rec=19 job=78d097d8-b9e9-462f-a0a4-9defe2e6e7bf status=Pending
JOB_STATUS phase=accuracy_evaluation seed=1415367367 rec=19 job=75031af8-532d-429f-913f-ded4de895d45 status=Complete
JOB_STATUS phase=accuracy_evaluation seed=409976740 rec=19 job=78d097d8-b9e9-462f-a0a4-9defe2e6e7bf status=Running
JOB_STATUS phase=selection_time_latency seed=1415367367 rec=19 job=0dc91e7a-15f2-4a0d-811c-7088ba9c82b1 status=Pending
JOB_STATUS phase=selection_time_latency seed=1415367367 rec=19 job=0dc91e7a-15f2-4a0d-811c-7088ba9c82b1 status=Running
JOB_STATUS phase=accuracy_evaluation seed=409976740 rec=19 job=78d097d8-b9e9-462f-a0a4-9defe2e6e7bf status=Complete
JOB_STATUS phase=selection_time_latency seed=1415367367 rec=19 job=0dc91e7a-15f2-4a0d-811c-7088ba9c82b1 status=Complete
2026-07-29 05:26:46,501 - tao_automl.runner - INFO - Rec 19: eval_fn returned metric={"latency_bootstrap_ci_width_ms": 0.05463075000000117, "latency_ci95_high": 65.68508925, "latency_ci95_low": 65.6304585, "latency_device_range_fraction": 0.006384151654045166, "latency_iqr_ms": 0.14830625000000452, "latency_mad_ms": 0.07256949999999307, "latency_ms": 65.6466235, "latency_p95_ms": 65.90337305000001, "latency_robust_cv": 0.0016389501083782277, "latency_round_drift_fraction": 0.0005431467469151622, "latency_synchronized_median_ms": 65.8833015, "latency_synchronized_p95_ms": 66.03937005, "mAP50": 0.5939466722995486} (overriding log-extracted None)
2026-07-29 05:26:46,501 - tao_automl.runner - INFO - Rec 19: job c63dae54-132b-4289-9777-41a782882270 succeeded, metric={"latency_bootstrap_ci_width_ms": 0.05463075000000117, "latency_ci95_high": 65.68508925, "latency_ci95_low": 65.6304585, "latency_device_range_fraction": 0.006384151654045166, "latency_iqr_ms": 0.14830625000000452, "latency_mad_ms": 0.07256949999999307, "latency_ms": 65.6466235, "latency_p95_ms": 65.90337305000001, "latency_robust_cv": 0.0016389501083782277, "latency_round_drift_fraction": 0.0005431467469151622, "latency_synchronized_median_ms": 65.8833015, "latency_synchronized_p95_ms": 66.03937005, "mAP50": 0.5939466722995486}
2026-07-29 05:26:46,511 - tao_automl.controller.controller - INFO - Reported result for rec 19: score=0.772383 values={'mAP50': 0.5939466722995486, 'latency_ms': 65.6466235, 'latency_p95_ms': 65.90337305000001, 'latency_mad_ms': 0.07256949999999307, 'latency_iqr_ms': 0.14830625000000452, 'latency_robust_cv': 0.0016389501083782277, 'latency_ci95_low': 65.6304585, 'latency_ci95_high': 65.68508925, 'latency_bootstrap_ci_width_ms': 0.05463075000000117, 'latency_round_drift_fraction': 0.0005431467469151622, 'latency_device_range_fraction': 0.006384151654045166, 'latency_synchronized_median_ms': 65.8833015, 'latency_synchronized_p95_ms': 66.03937005} status=success
2026-07-29 05:26:46,525 - tao_automl.runner - INFO - Recommendation 19: metric=0.593947, status=success
2026-07-29 05:26:46,531 - tao_automl.runner - INFO - AutoML complete: 20 recommendations, best metric=0.592277 (rec 2)
SEED_ARCHIVE_COMPLETE seed=1415367367 path=/localhome/local-rarunachalam/tao-automl/experiments/dino_moo_phase2_20260728/runtime/low_latency_followup_v1/seed_1415367367/seed_archive.v1.json sha256=b7a4b6a3742b173346910e6474993267a1857eafecee83599056d83826ff7351
SEED_PROCESS_EXIT seed=1415367367 exitcode=0
JOB_STATUS phase=selection_time_latency seed=409976740 rec=19 job=fa4c3a8c-38b9-4f02-b38c-61b259d2a6f9 status=Running
JOB_STATUS phase=selection_time_latency seed=409976740 rec=19 job=fa4c3a8c-38b9-4f02-b38c-61b259d2a6f9 status=Complete
2026-07-29 05:29:12,010 - tao_automl.runner - INFO - Rec 19: eval_fn returned metric={"latency_bootstrap_ci_width_ms": 0.05791399999999669, "latency_ci95_high": 66.59606225, "latency_ci95_low": 66.53814825, "latency_device_range_fraction": 0.005036226911124407, "latency_iqr_ms": 0.16865149999999574, "latency_mad_ms": 0.07671650000000341, "latency_ms": 66.563224, "latency_p95_ms": 66.80037995, "latency_robust_cv": 0.0017087496077414315, "latency_round_drift_fraction": 0.0009446432462465535, "latency_synchronized_median_ms": 66.755068, "latency_synchronized_p95_ms": 67.03120855, "mAP50": 0.3867148559934773} (overriding log-extracted None)
2026-07-29 05:29:12,010 - tao_automl.runner - INFO - Rec 19: job 29180204-4d69-4d70-819e-93d84e725eb1 succeeded, metric={"latency_bootstrap_ci_width_ms": 0.05791399999999669, "latency_ci95_high": 66.59606225, "latency_ci95_low": 66.53814825, "latency_device_range_fraction": 0.005036226911124407, "latency_iqr_ms": 0.16865149999999574, "latency_mad_ms": 0.07671650000000341, "latency_ms": 66.563224, "latency_p95_ms": 66.80037995, "latency_robust_cv": 0.0017087496077414315, "latency_round_drift_fraction": 0.0009446432462465535, "latency_synchronized_median_ms": 66.755068, "latency_synchronized_p95_ms": 67.03120855, "mAP50": 0.3867148559934773}
2026-07-29 05:29:12,018 - tao_automl.controller.controller - INFO - Reported result for rec 19: score=-1.299399 values={'mAP50': 0.3867148559934773, 'latency_ms': 66.563224, 'latency_p95_ms': 66.80037995, 'latency_mad_ms': 0.07671650000000341, 'latency_iqr_ms': 0.16865149999999574, 'latency_robust_cv': 0.0017087496077414315, 'latency_ci95_low': 66.53814825, 'latency_ci95_high': 66.59606225, 'latency_bootstrap_ci_width_ms': 0.05791399999999669, 'latency_round_drift_fraction': 0.0009446432462465535, 'latency_device_range_fraction': 0.005036226911124407, 'latency_synchronized_median_ms': 66.755068, 'latency_synchronized_p95_ms': 67.03120855} status=success
2026-07-29 05:29:12,029 - tao_automl.runner - INFO - Recommendation 19: metric=0.386715, status=success
2026-07-29 05:29:12,035 - tao_automl.runner - INFO - AutoML complete: 20 recommendations, best metric=0.612625 (rec 3)
SEED_ARCHIVE_COMPLETE seed=409976740 path=/localhome/local-rarunachalam/tao-automl/experiments/dino_moo_phase2_20260728/runtime/low_latency_followup_v1/seed_409976740/seed_archive.v1.json sha256=1e6ecb1c306961c277b1ee0b5062fda5092423331fc6379511eb2c1986fdfe77
SEED_PROCESS_EXIT seed=409976740 exitcode=0
{
  "candidate_artifacts": {
    "candidate_table_csv": "/localhome/local-rarunachalam/tao-automl/experiments/dino_moo_phase2_20260728/runtime/low_latency_followup_v1/expanded_candidate_table.csv",
    "candidate_table_csv_sha256": "a52003ce292c63f5904f1a632d986f40e22403dda7a667748b0f5a0a82167e03",
    "candidate_table_json": "/localhome/local-rarunachalam/tao-automl/experiments/dino_moo_phase2_20260728/runtime/low_latency_followup_v1/expanded_candidate_table.json",
    "candidate_table_json_sha256": "fe423a61b3efa9222b4b25b6da0f303c3e84eb4e5cc1864aad09c5b6a311479c"
  },
  "combined_selection": "/localhome/local-rarunachalam/tao-automl/experiments/dino_moo_phase2_20260728/runtime/low_latency_followup_v1/expanded_combined_selection.json",
  "combined_selection_sha256": "d94a95a8a5cdf5116465caa7944912a5a2fb1de37983aa5032516411ae2c773c",
  "integrity_audit": "/localhome/local-rarunachalam/tao-automl/experiments/dino_moo_phase2_20260728/runtime/low_latency_followup_v1/expanded_integrity_audit.json",
  "integrity_audit_sha256": "4cba337281f131a8859a7f5da7d7ca67a888fd7dda6b1ba94b208879f5a36b8e",
  "selections": {
    "accuracy": {
      "distinct_compromise": null,
      "fallback_used": false,
      "latency_tied_candidate_ids": [],
      "mode": "accuracy",
      "reason": "Highest valid accuracy; accuracy-equivalent ties use lower stabilized latency then canonical configuration hash.",
      "status": "selected",
      "winner_id": "seed_271828_rec_18"
    },
    "latency": {
      "distinct_compromise": null,
      "fallback_used": false,
      "latency_tied_candidate_ids": [
        "seed_271828_rec_19",
        "seed_271828_rec_6"
      ],
      "mode": "latency",
      "reason": "Highest-accuracy member of the equivalent-fastest cohort satisfying the accuracy-winner-relative constraint; deterministic specification fingerprint and candidate ID resolve remaining ties.",
      "status": "selected",
      "winner_id": "seed_271828_rec_19"
    },
    "multi_objective": {
      "distinct_compromise": true,
      "fallback_used": false,
      "latency_tied_candidate_ids": [],
      "mode": "multi_objective",
      "reason": "Minimum front-normalized augmented-Chebyshev regret on the multi-objective-eligible Pareto front selected a distinct compromise.",
      "status": "selected",
      "winner_id": "seed_271828_rec_19"
    }
  },
  "status": "complete"
}
