candidate_id,search_seed,training_seed,rec_id,status,model.enc_layers,model.dec_layers,train.optim.lr,train.optim.weight_decay,mAP50,latency_ms,latency_p95_ms,latency_mad_ms,latency_iqr_ms,latency_robust_cv,latency_ci95_low,latency_ci95_high,latency_accuracy_feasible,multi_objective_accuracy_feasible,pareto_rank,dominated_by,multi_objective_pareto_rank,multi_objective_dominated_by,normalized_accuracy_objective,normalized_latency_objective,multi_objective_compromise_score,accuracy_winner,latency_winner,multi_objective_winner,train_job_id,train_slurm_job_id,train_retry_count,train_failed_slurm_job_ids,train_launch_uncertain,train_runtime_revision,accuracy_job_id,accuracy_slurm_job_id,accuracy_retry_count,accuracy_failed_slurm_job_ids,accuracy_launch_uncertain,accuracy_runtime_revision,latency_job_id,latency_slurm_job_id,latency_retry_count,latency_failed_slurm_job_ids,latency_launch_uncertain,latency_runtime_revision,checkpoint_path,checkpoint_sha256,failure_reason
seed_1415367367_rec_0,1415367367,1234,0,success,5,4,6.321815697164898e-05,0.00040046603247897224,0.5206955731035677,66.11385025,66.4002355,0.09294674999999586,0.19221375000000762,0.002084326522036037,66.08178356250001,66.168579,False,True,8,seed_1415367367_rec_12;seed_1415367367_rec_16;seed_1415367367_rec_19;seed_1415367367_rec_2;seed_1415367367_rec_3;seed_1415367367_rec_5;seed_1455024938_rec_11;seed_1455024938_rec_16;seed_1455024938_rec_17;seed_1455024938_rec_3;seed_1455024938_rec_4;seed_1455024938_rec_7;seed_1455024938_rec_8;seed_161803_rec_0;seed_161803_rec_11;seed_161803_rec_12;seed_161803_rec_15;seed_161803_rec_18;seed_161803_rec_3;seed_161803_rec_4;seed_161803_rec_5;seed_161803_rec_7;seed_161803_rec_8;seed_161803_rec_9;seed_271828_rec_1;seed_271828_rec_10;seed_271828_rec_12;seed_271828_rec_15;seed_271828_rec_17;seed_271828_rec_19;seed_271828_rec_3;seed_271828_rec_5;seed_271828_rec_6;seed_271828_rec_9;seed_314159_rec_1;seed_314159_rec_10;seed_314159_rec_13;seed_314159_rec_16;seed_314159_rec_19;seed_314159_rec_9;seed_409976740_rec_12;seed_409976740_rec_13;seed_409976740_rec_17;seed_409976740_rec_3;seed_409976740_rec_6;seed_409976740_rec_9,8,seed_1415367367_rec_12;seed_1415367367_rec_16;seed_1415367367_rec_19;seed_1415367367_rec_2;seed_1415367367_rec_3;seed_1415367367_rec_5;seed_1455024938_rec_11;seed_1455024938_rec_16;seed_1455024938_rec_17;seed_1455024938_rec_3;seed_1455024938_rec_4;seed_1455024938_rec_7;seed_1455024938_rec_8;seed_161803_rec_0;seed_161803_rec_11;seed_161803_rec_12;seed_161803_rec_15;seed_161803_rec_18;seed_161803_rec_3;seed_161803_rec_4;seed_161803_rec_5;seed_161803_rec_7;seed_161803_rec_8;seed_161803_rec_9;seed_271828_rec_1;seed_271828_rec_10;seed_271828_rec_12;seed_271828_rec_15;seed_271828_rec_17;seed_271828_rec_19;seed_271828_rec_3;seed_271828_rec_5;seed_271828_rec_6;seed_271828_rec_9;seed_314159_rec_1;seed_314159_rec_10;seed_314159_rec_13;seed_314159_rec_16;seed_314159_rec_19;seed_314159_rec_9;seed_409976740_rec_12;seed_409976740_rec_13;seed_409976740_rec_17;seed_409976740_rec_3;seed_409976740_rec_6;seed_409976740_rec_9,1.1657683359617022,0.9917398597169823,0.5828852467349489,False,False,False,ecca475a-ab61-465c-a4a9-0c844df0f358,31021649,0,,False,5,e2a6e246-164b-4f98-964f-879c86151570,31021888,0,,False,5,21e55dc2-c50d-4a96-be7c-2735067b4273,31021910,0,,False,5,/lustre/fs11/portfolios/edgeai/projects/edgeai_tao-ptm_image-foundation-model-clip/users/rarunachalam/results/ecca475a-ab61-465c-a4a9-0c844df0f358/results_dir/train/model_epoch_009_step_00440.pth,50e96776e1e56a1055817c75cf8356569d78f1caacd6d68d1139718cd464d423,
seed_1415367367_rec_1,1415367367,1234,1,success,6,6,1.3124733802256953e-05,0.0008661154588106667,0.42952957079617127,79.2221615,79.51663905,0.11234950000000055,0.2232554999999934,0.0021025602627618386,79.19562094999999,79.28359975000001,False,True,13,seed_1415367367_rec_0;seed_1415367367_rec_10;seed_1415367367_rec_11;seed_1415367367_rec_12;seed_1415367367_rec_13;seed_1415367367_rec_14;seed_1415367367_rec_15;seed_1415367367_rec_16;seed_1415367367_rec_17;seed_1415367367_rec_19;seed_1415367367_rec_2;seed_1415367367_rec_3;seed_1415367367_rec_5;seed_1415367367_rec_7;seed_1415367367_rec_8;seed_1415367367_rec_9;seed_1455024938_rec_0;seed_1455024938_rec_1;seed_1455024938_rec_11;seed_1455024938_rec_13;seed_1455024938_rec_14;seed_1455024938_rec_16;seed_1455024938_rec_17;seed_1455024938_rec_18;seed_1455024938_rec_19;seed_1455024938_rec_2;seed_1455024938_rec_3;seed_1455024938_rec_4;seed_1455024938_rec_5;seed_1455024938_rec_6;seed_1455024938_rec_7;seed_1455024938_rec_8;seed_161803_rec_0;seed_161803_rec_1;seed_161803_rec_11;seed_161803_rec_12;seed_161803_rec_14;seed_161803_rec_15;seed_161803_rec_17;seed_161803_rec_18;seed_161803_rec_2;seed_161803_rec_3;seed_161803_rec_4;seed_161803_rec_5;seed_161803_rec_6;seed_161803_rec_7;seed_161803_rec_8;seed_161803_rec_9;seed_271828_rec_1;seed_271828_rec_10;seed_271828_rec_11;seed_271828_rec_12;seed_271828_rec_13;seed_271828_rec_15;seed_271828_rec_16;seed_271828_rec_17;seed_271828_rec_18;seed_271828_rec_19;seed_271828_rec_2;seed_271828_rec_3;seed_271828_rec_4;seed_271828_rec_5;seed_271828_rec_6;seed_271828_rec_7;seed_271828_rec_8;seed_271828_rec_9;seed_314159_rec_0;seed_314159_rec_1;seed_314159_rec_10;seed_314159_rec_12;seed_314159_rec_13;seed_314159_rec_14;seed_314159_rec_15;seed_314159_rec_16;seed_314159_rec_17;seed_314159_rec_18;seed_314159_rec_19;seed_314159_rec_2;seed_314159_rec_4;seed_314159_rec_5;seed_314159_rec_6;seed_314159_rec_7;seed_314159_rec_8;seed_314159_rec_9;seed_409976740_rec_0;seed_409976740_rec_1;seed_409976740_rec_10;seed_409976740_rec_11;seed_409976740_rec_12;seed_409976740_rec_13;seed_409976740_rec_14;seed_409976740_rec_15;seed_409976740_rec_17;seed_409976740_rec_2;seed_409976740_rec_3;seed_409976740_rec_4;seed_409976740_rec_5;seed_409976740_rec_6;seed_409976740_rec_7;seed_409976740_rec_8;seed_409976740_rec_9,13,seed_1415367367_rec_0;seed_1415367367_rec_10;seed_1415367367_rec_11;seed_1415367367_rec_12;seed_1415367367_rec_13;seed_1415367367_rec_14;seed_1415367367_rec_15;seed_1415367367_rec_16;seed_1415367367_rec_17;seed_1415367367_rec_19;seed_1415367367_rec_2;seed_1415367367_rec_3;seed_1415367367_rec_5;seed_1415367367_rec_7;seed_1415367367_rec_8;seed_1415367367_rec_9;seed_1455024938_rec_0;seed_1455024938_rec_1;seed_1455024938_rec_11;seed_1455024938_rec_13;seed_1455024938_rec_14;seed_1455024938_rec_16;seed_1455024938_rec_17;seed_1455024938_rec_18;seed_1455024938_rec_19;seed_1455024938_rec_2;seed_1455024938_rec_3;seed_1455024938_rec_4;seed_1455024938_rec_5;seed_1455024938_rec_6;seed_1455024938_rec_7;seed_1455024938_rec_8;seed_161803_rec_0;seed_161803_rec_1;seed_161803_rec_11;seed_161803_rec_12;seed_161803_rec_14;seed_161803_rec_15;seed_161803_rec_17;seed_161803_rec_18;seed_161803_rec_2;seed_161803_rec_3;seed_161803_rec_4;seed_161803_rec_5;seed_161803_rec_6;seed_161803_rec_7;seed_161803_rec_8;seed_161803_rec_9;seed_271828_rec_1;seed_271828_rec_10;seed_271828_rec_11;seed_271828_rec_12;seed_271828_rec_13;seed_271828_rec_15;seed_271828_rec_16;seed_271828_rec_17;seed_271828_rec_18;seed_271828_rec_19;seed_271828_rec_2;seed_271828_rec_3;seed_271828_rec_4;seed_271828_rec_5;seed_271828_rec_6;seed_271828_rec_7;seed_271828_rec_8;seed_271828_rec_9;seed_314159_rec_0;seed_314159_rec_1;seed_314159_rec_10;seed_314159_rec_12;seed_314159_rec_13;seed_314159_rec_14;seed_314159_rec_15;seed_314159_rec_16;seed_314159_rec_17;seed_314159_rec_18;seed_314159_rec_19;seed_314159_rec_2;seed_314159_rec_4;seed_314159_rec_5;seed_314159_rec_6;seed_314159_rec_7;seed_314159_rec_8;seed_314159_rec_9;seed_409976740_rec_0;seed_409976740_rec_1;seed_409976740_rec_10;seed_409976740_rec_11;seed_409976740_rec_12;seed_409976740_rec_13;seed_409976740_rec_14;seed_409976740_rec_15;seed_409976740_rec_17;seed_409976740_rec_2;seed_409976740_rec_3;seed_409976740_rec_4;seed_409976740_rec_5;seed_409976740_rec_6;seed_409976740_rec_7;seed_409976740_rec_8;seed_409976740_rec_9,1.954662454221737,1.9160383952730728,0.9773331624612932,False,False,False,c96acf13-49e1-4cdd-9de6-6505792b80ff,31022017,0,,False,5,5ea79aba-962e-43a3-9190-c06aabdb65c3,31022847,0,,False,5,2557d6c4-7138-4579-acf9-f7acab54d8e4,31025214,0,,False,5,/lustre/fs11/portfolios/edgeai/projects/edgeai_tao-ptm_image-foundation-model-clip/users/rarunachalam/results/c96acf13-49e1-4cdd-9de6-6505792b80ff/results_dir/train/model_epoch_009_step_00440.pth,904b056a78c83aafbcb0acfc09bdb66c7ddd0c0d2d70268b236b54e6633b0ca1,
seed_1415367367_rec_10,1415367367,1234,10,success,5,5,0.000292221627008612,0.0009093417991204061,0.5530661576544442,70.42234450000001,70.6255805,0.09310700000000338,0.20253649999999368,0.0019601795308022583,70.37132349999999,70.4569375,False,True,10,seed_1415367367_rec_16;seed_1415367367_rec_19;seed_1415367367_rec_2;seed_1415367367_rec_3;seed_1415367367_rec_8;seed_1455024938_rec_0;seed_1455024938_rec_1;seed_1455024938_rec_11;seed_1455024938_rec_16;seed_1455024938_rec_17;seed_1455024938_rec_3;seed_1455024938_rec_4;seed_1455024938_rec_7;seed_1455024938_rec_8;seed_161803_rec_11;seed_161803_rec_12;seed_161803_rec_14;seed_161803_rec_15;seed_161803_rec_3;seed_161803_rec_6;seed_161803_rec_8;seed_161803_rec_9;seed_271828_rec_1;seed_271828_rec_10;seed_271828_rec_12;seed_271828_rec_13;seed_271828_rec_15;seed_271828_rec_16;seed_271828_rec_17;seed_271828_rec_18;seed_271828_rec_19;seed_271828_rec_6;seed_271828_rec_8;seed_314159_rec_12;seed_314159_rec_17;seed_314159_rec_18;seed_314159_rec_19;seed_314159_rec_4;seed_314159_rec_7;seed_314159_rec_9;seed_409976740_rec_11;seed_409976740_rec_12;seed_409976740_rec_14;seed_409976740_rec_15;seed_409976740_rec_17;seed_409976740_rec_3;seed_409976740_rec_4;seed_409976740_rec_6;seed_409976740_rec_7;seed_409976740_rec_9,10,seed_1415367367_rec_16;seed_1415367367_rec_19;seed_1415367367_rec_2;seed_1415367367_rec_3;seed_1415367367_rec_8;seed_1455024938_rec_0;seed_1455024938_rec_1;seed_1455024938_rec_11;seed_1455024938_rec_16;seed_1455024938_rec_17;seed_1455024938_rec_3;seed_1455024938_rec_4;seed_1455024938_rec_7;seed_1455024938_rec_8;seed_161803_rec_11;seed_161803_rec_12;seed_161803_rec_14;seed_161803_rec_15;seed_161803_rec_3;seed_161803_rec_6;seed_161803_rec_8;seed_161803_rec_9;seed_271828_rec_1;seed_271828_rec_10;seed_271828_rec_12;seed_271828_rec_13;seed_271828_rec_15;seed_271828_rec_16;seed_271828_rec_17;seed_271828_rec_18;seed_271828_rec_19;seed_271828_rec_6;seed_271828_rec_8;seed_314159_rec_12;seed_314159_rec_17;seed_314159_rec_18;seed_314159_rec_19;seed_314159_rec_4;seed_314159_rec_7;seed_314159_rec_9;seed_409976740_rec_11;seed_409976740_rec_12;seed_409976740_rec_14;seed_409976740_rec_15;seed_409976740_rec_17;seed_409976740_rec_3;seed_409976740_rec_4;seed_409976740_rec_6;seed_409976740_rec_7;seed_409976740_rec_9,0.8856533467059569,1.2955421458983427,0.6477721635469177,False,False,False,5b50baa2-b503-45e6-9d50-65796daff9a9,31028643,0,,False,5,3cbe86a2-210e-413d-a341-3c4ac2c3d227,31029089,0,,False,5,1bc68624-a49f-4d19-8ce2-de19627adff9,31029374,0,,False,5,/lustre/fs11/portfolios/edgeai/projects/edgeai_tao-ptm_image-foundation-model-clip/users/rarunachalam/results/5b50baa2-b503-45e6-9d50-65796daff9a9/results_dir/train/model_epoch_009_step_00440.pth,36cb86efb29146c560e3c3f16d399414036e0ab50f75a1efed240a35059cf0ec,
seed_1415367367_rec_11,1415367367,1234,11,success,3,5,0.0001040065677519363,0.000300275673875297,0.5030883505201132,60.580653749999996,60.7647099,0.07691725000000105,0.1544532500000031,0.0018824081252177235,60.51828725,60.6211675,False,True,8,seed_1415367367_rec_3;seed_1415367367_rec_5;seed_1415367367_rec_7;seed_1455024938_rec_11;seed_1455024938_rec_17;seed_1455024938_rec_18;seed_1455024938_rec_19;seed_161803_rec_12;seed_161803_rec_15;seed_161803_rec_17;seed_161803_rec_18;seed_161803_rec_3;seed_161803_rec_5;seed_161803_rec_7;seed_271828_rec_10;seed_271828_rec_15;seed_271828_rec_19;seed_271828_rec_3;seed_271828_rec_5;seed_271828_rec_6;seed_271828_rec_9;seed_314159_rec_1;seed_314159_rec_10;seed_314159_rec_16;seed_314159_rec_9;seed_409976740_rec_13;seed_409976740_rec_5;seed_409976740_rec_9,8,seed_1415367367_rec_3;seed_1415367367_rec_5;seed_1415367367_rec_7;seed_1455024938_rec_11;seed_1455024938_rec_17;seed_1455024938_rec_18;seed_1455024938_rec_19;seed_161803_rec_12;seed_161803_rec_15;seed_161803_rec_17;seed_161803_rec_18;seed_161803_rec_3;seed_161803_rec_5;seed_161803_rec_7;seed_271828_rec_10;seed_271828_rec_15;seed_271828_rec_19;seed_271828_rec_3;seed_271828_rec_5;seed_271828_rec_6;seed_271828_rec_9;seed_314159_rec_1;seed_314159_rec_10;seed_314159_rec_16;seed_314159_rec_9;seed_409976740_rec_13;seed_409976740_rec_5;seed_409976740_rec_9,1.3181303347707205,0.6015808739899621,0.6590661272409646,False,False,False,35c7ccdb-c277-42a3-a365-8d1f8b13c718,31030021,0,,False,5,2d50c28f-e85f-4799-9369-55816a99971e,31030186,0,,False,5,9f2d49fd-cf25-430a-b67a-4b1343d7f6d0,31030313,0,,False,5,/lustre/fs11/portfolios/edgeai/projects/edgeai_tao-ptm_image-foundation-model-clip/users/rarunachalam/results/35c7ccdb-c277-42a3-a365-8d1f8b13c718/results_dir/train/model_epoch_009_step_00440.pth,0c9fc0cb06f601ff8db6de249fb00f8836378f7ec85d74208070e86e35e7ac61,
seed_1415367367_rec_12,1415367367,1234,12,success,3,6,0.00047276267014021285,0.0006877889839412211,0.5518312328998364,65.396185,65.76767305,0.14724849999999634,0.286771750000014,0.0033382777007557028,65.28136475000001,65.46289974999999,False,True,7,seed_1415367367_rec_2;seed_1415367367_rec_3;seed_1455024938_rec_11;seed_1455024938_rec_16;seed_1455024938_rec_17;seed_1455024938_rec_3;seed_1455024938_rec_4;seed_1455024938_rec_7;seed_1455024938_rec_8;seed_161803_rec_11;seed_161803_rec_12;seed_161803_rec_15;seed_161803_rec_3;seed_161803_rec_8;seed_161803_rec_9;seed_271828_rec_1;seed_271828_rec_10;seed_271828_rec_12;seed_271828_rec_15;seed_271828_rec_17;seed_271828_rec_19;seed_271828_rec_6;seed_314159_rec_1;seed_314159_rec_9;seed_409976740_rec_12;seed_409976740_rec_17;seed_409976740_rec_3;seed_409976740_rec_9,7,seed_1415367367_rec_2;seed_1415367367_rec_3;seed_1455024938_rec_11;seed_1455024938_rec_16;seed_1455024938_rec_17;seed_1455024938_rec_3;seed_1455024938_rec_4;seed_1455024938_rec_7;seed_1455024938_rec_8;seed_161803_rec_11;seed_161803_rec_12;seed_161803_rec_15;seed_161803_rec_3;seed_161803_rec_8;seed_161803_rec_9;seed_271828_rec_1;seed_271828_rec_10;seed_271828_rec_12;seed_271828_rec_15;seed_271828_rec_17;seed_271828_rec_19;seed_271828_rec_6;seed_314159_rec_1;seed_314159_rec_9;seed_409976740_rec_12;seed_409976740_rec_17;seed_409976740_rec_3;seed_409976740_rec_9,0.8963396206539899,0.9411355578398437,0.4705686976575111,False,False,False,f6c34f1e-2764-432c-ab35-9d5ef6bc8a73,31030478,0,,False,5,8a40fa32-ce1f-4794-917e-c3eeab655bd1,31031050,0,,False,5,d196d625-6829-4768-ab1a-16d6282ae6c6,31031249,0,,False,5,/lustre/fs11/portfolios/edgeai/projects/edgeai_tao-ptm_image-foundation-model-clip/users/rarunachalam/results/f6c34f1e-2764-432c-ab35-9d5ef6bc8a73/results_dir/train/model_epoch_009_step_00440.pth,d628bf4ecd344b318bf51497ed244ef8bdb13d92dda5df60f111ae18a8f9ebae,
seed_1415367367_rec_13,1415367367,1234,13,success,5,6,0.0002128556235282042,0.0007830941204579075,0.5840332801304675,74.68637525,75.083612,0.12039725000000345,0.2427940000000035,0.0023900070428174262,74.64657700000001,74.72129525,False,True,8,seed_1415367367_rec_14;seed_1415367367_rec_19;seed_1415367367_rec_2;seed_1415367367_rec_8;seed_1455024938_rec_1;seed_1455024938_rec_14;seed_1455024938_rec_16;seed_1455024938_rec_3;seed_1455024938_rec_4;seed_1455024938_rec_7;seed_1455024938_rec_8;seed_161803_rec_11;seed_161803_rec_14;seed_161803_rec_3;seed_271828_rec_1;seed_271828_rec_12;seed_271828_rec_13;seed_271828_rec_16;seed_271828_rec_18;seed_271828_rec_19;seed_271828_rec_6;seed_271828_rec_8;seed_314159_rec_12;seed_314159_rec_17;seed_314159_rec_18;seed_314159_rec_4;seed_314159_rec_5;seed_314159_rec_7;seed_409976740_rec_11;seed_409976740_rec_12;seed_409976740_rec_17;seed_409976740_rec_3;seed_409976740_rec_4;seed_409976740_rec_6;seed_409976740_rec_7;seed_409976740_rec_8,8,seed_1415367367_rec_14;seed_1415367367_rec_19;seed_1415367367_rec_2;seed_1415367367_rec_8;seed_1455024938_rec_1;seed_1455024938_rec_14;seed_1455024938_rec_16;seed_1455024938_rec_3;seed_1455024938_rec_4;seed_1455024938_rec_7;seed_1455024938_rec_8;seed_161803_rec_11;seed_161803_rec_14;seed_161803_rec_3;seed_271828_rec_1;seed_271828_rec_12;seed_271828_rec_13;seed_271828_rec_16;seed_271828_rec_18;seed_271828_rec_19;seed_271828_rec_6;seed_271828_rec_8;seed_314159_rec_12;seed_314159_rec_17;seed_314159_rec_18;seed_314159_rec_4;seed_314159_rec_5;seed_314159_rec_7;seed_409976740_rec_11;seed_409976740_rec_12;seed_409976740_rec_17;seed_409976740_rec_3;seed_409976740_rec_4;seed_409976740_rec_6;seed_409976740_rec_7;seed_409976740_rec_8,0.6176830489802787,1.5962092038148328,0.7981057088535428,False,False,False,8edf44c5-e676-45aa-84ff-14c4c5e6178b,31031410,0,,False,5,14c34965-2fa5-4bd7-8c35-f48f15daf4a1,31032662,0,,False,5,117e6f38-1f6f-4d97-8b97-193e5a0c993d,31032779,0,,False,5,/lustre/fs11/portfolios/edgeai/projects/edgeai_tao-ptm_image-foundation-model-clip/users/rarunachalam/results/8edf44c5-e676-45aa-84ff-14c4c5e6178b/results_dir/train/model_epoch_009_step_00440.pth,0e7a7282ec7dcca68fddd1cf185281dd5e9e2b2985105f994feb8f64d1f4aa1a,
seed_1415367367_rec_14,1415367367,1234,14,success,6,4,0.00032521970795678723,5.21368677526211e-05,0.6438164039375374,70.6380925,71.0437815,0.10224550000000221,0.23332775000000083,0.002145997618777762,70.60577500000001,70.69868675000001,True,True,2,seed_161803_rec_14;seed_271828_rec_16;seed_271828_rec_18;seed_314159_rec_12,2,seed_161803_rec_14;seed_271828_rec_16;seed_271828_rec_18;seed_314159_rec_12,0.10035692357242504,1.3107550559861427,0.6553782335490611,False,False,False,6e7acc28-f45a-44ab-8d36-2c793f0bfa5e,31032860,0,,False,5,13000ee2-a60e-408a-a201-32b043bf2f8a,31033248,0,,False,5,1344d958-9a3f-4b40-b4df-0e9104eb4e3d,31033340,0,,False,5,/lustre/fs11/portfolios/edgeai/projects/edgeai_tao-ptm_image-foundation-model-clip/users/rarunachalam/results/6e7acc28-f45a-44ab-8d36-2c793f0bfa5e/results_dir/train/model_epoch_009_step_00440.pth,7f6287b2b1dd7780484bfefcff58c8f06457c400de34b3ed03309de8c107df4e,
seed_1415367367_rec_15,1415367367,1234,15,success,3,5,0.0004980531438712032,0.000772029347193853,0.4967726466950213,60.755946,61.124575,0.14516650000000197,0.2848054999999974,0.0035424327505328107,60.72773575,60.86909,False,True,9,seed_1415367367_rec_11;seed_1415367367_rec_3;seed_1415367367_rec_5;seed_1415367367_rec_7;seed_1455024938_rec_11;seed_1455024938_rec_17;seed_1455024938_rec_18;seed_1455024938_rec_19;seed_1455024938_rec_5;seed_1455024938_rec_6;seed_161803_rec_0;seed_161803_rec_12;seed_161803_rec_15;seed_161803_rec_17;seed_161803_rec_18;seed_161803_rec_3;seed_161803_rec_5;seed_161803_rec_7;seed_271828_rec_10;seed_271828_rec_15;seed_271828_rec_19;seed_271828_rec_3;seed_271828_rec_5;seed_271828_rec_6;seed_271828_rec_9;seed_314159_rec_1;seed_314159_rec_10;seed_314159_rec_16;seed_314159_rec_9;seed_409976740_rec_13;seed_409976740_rec_5;seed_409976740_rec_9,9,seed_1415367367_rec_11;seed_1415367367_rec_3;seed_1415367367_rec_5;seed_1415367367_rec_7;seed_1455024938_rec_11;seed_1455024938_rec_17;seed_1455024938_rec_18;seed_1455024938_rec_19;seed_1455024938_rec_5;seed_1455024938_rec_6;seed_161803_rec_0;seed_161803_rec_12;seed_161803_rec_15;seed_161803_rec_17;seed_161803_rec_18;seed_161803_rec_3;seed_161803_rec_5;seed_161803_rec_7;seed_271828_rec_10;seed_271828_rec_15;seed_271828_rec_19;seed_271828_rec_3;seed_271828_rec_5;seed_271828_rec_6;seed_271828_rec_9;seed_314159_rec_1;seed_314159_rec_10;seed_314159_rec_16;seed_314159_rec_9;seed_409976740_rec_13;seed_409976740_rec_5;seed_409976740_rec_9,1.3727825239002553,0.6139411518990892,0.6863922553119656,False,False,False,f26f82dd-3d85-438f-88a0-d0199affebad,31033548,0,,False,5,b7ccd6cc-d61f-490a-ae98-3fce48a21f42,31033794,0,,False,5,094c35ab-d492-4da9-9c06-3054a7f5948c,31033885,0,,False,5,/lustre/fs11/portfolios/edgeai/projects/edgeai_tao-ptm_image-foundation-model-clip/users/rarunachalam/results/f26f82dd-3d85-438f-88a0-d0199affebad/results_dir/train/model_epoch_009_step_00440.pth,cf8a9d3e9e862b7e2e128b61e968bf502fe9f4ecda836ee1751274ecc8db2f2b,
seed_1415367367_rec_16,1415367367,1234,16,success,4,5,0.00031814767773767784,0.0007356735400410549,0.5730630428879423,65.61039650000001,65.9836005,0.10870550000000634,0.2150032499999952,0.0024564212822583593,65.52205375,65.656295,False,True,6,seed_1415367367_rec_2;seed_1415367367_rec_3;seed_1455024938_rec_16;seed_1455024938_rec_17;seed_1455024938_rec_3;seed_1455024938_rec_4;seed_1455024938_rec_7;seed_1455024938_rec_8;seed_161803_rec_11;seed_161803_rec_3;seed_161803_rec_8;seed_271828_rec_1;seed_271828_rec_12;seed_271828_rec_17;seed_271828_rec_19;seed_271828_rec_6;seed_314159_rec_9;seed_409976740_rec_12;seed_409976740_rec_17;seed_409976740_rec_3,6,seed_1415367367_rec_2;seed_1415367367_rec_3;seed_1455024938_rec_16;seed_1455024938_rec_17;seed_1455024938_rec_3;seed_1455024938_rec_4;seed_1455024938_rec_7;seed_1455024938_rec_8;seed_161803_rec_11;seed_161803_rec_3;seed_161803_rec_8;seed_271828_rec_1;seed_271828_rec_12;seed_271828_rec_17;seed_271828_rec_19;seed_271828_rec_6;seed_314159_rec_9;seed_409976740_rec_12;seed_409976740_rec_17;seed_409976740_rec_3,0.7126126874146184,0.9562401256192575,0.4781208972360353,False,False,False,aefb2b94-a5fb-401e-a80e-4347c5967fbf,31033928,0,,False,5,1bcece5c-e013-44ef-ab3d-b305f374d765,31034122,0,,False,5,162d85bd-a29d-4d28-b5fe-271de9497f79,31034243,0,,False,5,/lustre/fs11/portfolios/edgeai/projects/edgeai_tao-ptm_image-foundation-model-clip/users/rarunachalam/results/aefb2b94-a5fb-401e-a80e-4347c5967fbf/results_dir/train/model_epoch_009_step_00440.pth,75a01f56a7b6f554f53fcddbd4f76c7fd6935670faed4da256f6f41d01628ae0,
seed_1415367367_rec_17,1415367367,1234,17,success,4,4,0.00011104617368111144,0.0005371708065376989,0.5164743744142821,61.7307775,61.93671365,0.09245050000000177,0.18594975000000602,0.002220401505553735,61.7062315,61.748020249999996,False,True,7,seed_1415367367_rec_2;seed_1415367367_rec_3;seed_1415367367_rec_5;seed_1415367367_rec_7;seed_1455024938_rec_11;seed_1455024938_rec_16;seed_1455024938_rec_17;seed_1455024938_rec_3;seed_161803_rec_0;seed_161803_rec_12;seed_161803_rec_15;seed_161803_rec_17;seed_161803_rec_18;seed_161803_rec_3;seed_161803_rec_4;seed_161803_rec_5;seed_161803_rec_7;seed_161803_rec_8;seed_271828_rec_10;seed_271828_rec_15;seed_271828_rec_17;seed_271828_rec_19;seed_271828_rec_3;seed_271828_rec_5;seed_271828_rec_6;seed_271828_rec_9;seed_314159_rec_1;seed_314159_rec_10;seed_314159_rec_13;seed_314159_rec_16;seed_314159_rec_9;seed_409976740_rec_13;seed_409976740_rec_3;seed_409976740_rec_9,7,seed_1415367367_rec_2;seed_1415367367_rec_3;seed_1415367367_rec_5;seed_1415367367_rec_7;seed_1455024938_rec_11;seed_1455024938_rec_16;seed_1455024938_rec_17;seed_1455024938_rec_3;seed_161803_rec_0;seed_161803_rec_12;seed_161803_rec_15;seed_161803_rec_17;seed_161803_rec_18;seed_161803_rec_3;seed_161803_rec_4;seed_161803_rec_5;seed_161803_rec_7;seed_161803_rec_8;seed_271828_rec_10;seed_271828_rec_15;seed_271828_rec_17;seed_271828_rec_19;seed_271828_rec_3;seed_271828_rec_5;seed_271828_rec_6;seed_271828_rec_9;seed_314159_rec_1;seed_314159_rec_10;seed_314159_rec_13;seed_314159_rec_16;seed_314159_rec_9;seed_409976740_rec_13;seed_409976740_rec_3;seed_409976740_rec_9,1.2022959749246998,0.6826788642313278,0.6011489299497694,False,False,False,5557235f-3c72-4626-8e9e-4ac34a63425e,31034333,0,,False,5,3a7cc281-c54d-49c6-9959-b666e20bb984,31034599,0,,False,5,7f399bbe-e3b1-46d7-9b48-356e62973d53,31034648,0,,False,5,/lustre/fs11/portfolios/edgeai/projects/edgeai_tao-ptm_image-foundation-model-clip/users/rarunachalam/results/5557235f-3c72-4626-8e9e-4ac34a63425e/results_dir/train/model_epoch_009_step_00440.pth,075dff5d71053fa36ab16e5883d81caae8244eda376d33bcaf4ae899d0e3b4fd,
seed_1415367367_rec_18,1415367367,1234,18,success,3,3,5.1700623474158385e-05,0.0004481862165351624,0.40586665078175976,52.222835,52.4687895,0.10457250000000329,0.2101005000000029,0.002968800688434568,52.137856,52.24744125,False,True,3,seed_161803_rec_17;seed_161803_rec_18;seed_271828_rec_15;seed_271828_rec_3;seed_314159_rec_16,3,seed_161803_rec_17;seed_161803_rec_18;seed_271828_rec_15;seed_271828_rec_3;seed_314159_rec_16,2.159426707866238,0.012250983683288995,1.0797144397719647,False,False,False,f32edcfd-0705-4a7b-b4f2-ec5818e4f52a,31034751,0,,False,5,70026f98-f41a-433e-8076-bde92b253fdb,31035008,0,,False,5,3bc2f366-ed3b-4794-b70f-1a92170224f6,31035097,0,,False,5,/lustre/fs11/portfolios/edgeai/projects/edgeai_tao-ptm_image-foundation-model-clip/users/rarunachalam/results/f32edcfd-0705-4a7b-b4f2-ec5818e4f52a/results_dir/train/model_epoch_009_step_00440.pth,53877cc9513649155176e5f852c2d5d6874e0224731b9f618208d70150ac6e4e,
seed_1415367367_rec_19,1415367367,1234,19,success,4,5,0.00033309055348239877,0.0004716693129583802,0.5939466722995486,65.6466235,65.90337305000001,0.07256949999999307,0.14830625000000452,0.0016389501083782277,65.6304585,65.68508925,True,True,6,seed_1455024938_rec_4;seed_1455024938_rec_7;seed_1455024938_rec_8;seed_161803_rec_11;seed_271828_rec_1;seed_271828_rec_19;seed_271828_rec_6;seed_409976740_rec_12;seed_409976740_rec_3,6,seed_1455024938_rec_4;seed_1455024938_rec_7;seed_1455024938_rec_8;seed_161803_rec_11;seed_271828_rec_1;seed_271828_rec_19;seed_271828_rec_6;seed_409976740_rec_12;seed_409976740_rec_3,0.531898693230826,0.958794578470504,0.47939803458188784,False,False,False,c63dae54-132b-4289-9777-41a782882270,31035170,0,,False,5,75031af8-532d-429f-913f-ded4de895d45,31035403,0,,False,5,0dc91e7a-15f2-4a0d-811c-7088ba9c82b1,31035540,0,,False,5,/lustre/fs11/portfolios/edgeai/projects/edgeai_tao-ptm_image-foundation-model-clip/users/rarunachalam/results/c63dae54-132b-4289-9777-41a782882270/results_dir/train/model_epoch_009_step_00440.pth,f51f1133d4672993cce79b8c917d86329ec8e0538313956d4dfa1c3687266bbb,
seed_1415367367_rec_2,1415367367,1234,2,success,4,4,0.00037484234102223873,0.00024425267091716745,0.5922767540210859,61.645349749999994,61.82588645,0.08115125000000845,0.16918150000000054,0.0019517261843422752,61.617881999999994,61.67191775,True,True,2,seed_271828_rec_19;seed_271828_rec_6;seed_409976740_rec_3,2,seed_271828_rec_19;seed_271828_rec_6;seed_409976740_rec_3,0.5463491317113034,0.6766551482304692,0.3383281856173746,False,False,False,2771eff0-73fb-4059-baca-4e50766da6d1,31025362,0,,False,5,703d5c9d-92ea-4abb-b942-f94c14711ff5,31025866,0,,False,5,1268eba1-a02a-4927-a54c-a44fcb266331,31026003,0,,False,5,/lustre/fs11/portfolios/edgeai/projects/edgeai_tao-ptm_image-foundation-model-clip/users/rarunachalam/results/2771eff0-73fb-4059-baca-4e50766da6d1/results_dir/train/model_epoch_009_step_00440.pth,a2e10f8f1f28c015bf1d4b24ff53ab2bcd636eca9dfebdaa9ef925444ddc0780,
seed_1415367367_rec_3,1415367367,1234,3,success,3,4,0.00045,4.5828194130191776e-05,0.5765561328492543,56.44943524999999,56.62388995,0.07619924999999483,0.1512339999999952,0.0020013133444057325,56.395148500000005,56.503154,False,True,1,seed_1455024938_rec_17,1,seed_1455024938_rec_17,0.6823856504130337,0.3102787270705996,0.3411933215387056,False,False,False,b2cfaa1e-153c-4526-8a6a-8cbb95495656,31026193,0,,False,5,1e485e70-e0fa-41d4-af74-0b82788a09ee,31026291,0,,False,5,7922aaff-eba8-466e-9b3f-cd12f4801759,31026408,0,,False,5,/lustre/fs11/portfolios/edgeai/projects/edgeai_tao-ptm_image-foundation-model-clip/users/rarunachalam/results/b2cfaa1e-153c-4526-8a6a-8cbb95495656/results_dir/train/model_epoch_009_step_00440.pth,0487afcfc25199c1b76d831bc81e1271f882f70206aaf7f1d13c0666380a5d66,
seed_1415367367_rec_4,1415367367,1234,4,success,6,6,0.00048374142275529614,1.878327566150566e-05,0.5839175878613128,79.22429675000001,79.49090195,0.12415624999999153,0.2696794999999952,0.0023234545941234553,79.177382,79.268338,False,True,9,seed_1415367367_rec_13;seed_1415367367_rec_14;seed_1415367367_rec_19;seed_1415367367_rec_2;seed_1415367367_rec_8;seed_1455024938_rec_1;seed_1455024938_rec_14;seed_1455024938_rec_16;seed_1455024938_rec_3;seed_1455024938_rec_4;seed_1455024938_rec_7;seed_1455024938_rec_8;seed_161803_rec_11;seed_161803_rec_14;seed_161803_rec_3;seed_271828_rec_1;seed_271828_rec_12;seed_271828_rec_13;seed_271828_rec_16;seed_271828_rec_18;seed_271828_rec_19;seed_271828_rec_6;seed_271828_rec_8;seed_314159_rec_12;seed_314159_rec_17;seed_314159_rec_18;seed_314159_rec_4;seed_314159_rec_5;seed_314159_rec_7;seed_409976740_rec_10;seed_409976740_rec_11;seed_409976740_rec_12;seed_409976740_rec_17;seed_409976740_rec_3;seed_409976740_rec_4;seed_409976740_rec_6;seed_409976740_rec_7;seed_409976740_rec_8,9,seed_1415367367_rec_13;seed_1415367367_rec_14;seed_1415367367_rec_19;seed_1415367367_rec_2;seed_1415367367_rec_8;seed_1455024938_rec_1;seed_1455024938_rec_14;seed_1455024938_rec_16;seed_1455024938_rec_3;seed_1455024938_rec_4;seed_1455024938_rec_7;seed_1455024938_rec_8;seed_161803_rec_11;seed_161803_rec_14;seed_161803_rec_3;seed_271828_rec_1;seed_271828_rec_12;seed_271828_rec_13;seed_271828_rec_16;seed_271828_rec_18;seed_271828_rec_19;seed_271828_rec_6;seed_271828_rec_8;seed_314159_rec_12;seed_314159_rec_17;seed_314159_rec_18;seed_314159_rec_4;seed_314159_rec_5;seed_314159_rec_7;seed_409976740_rec_10;seed_409976740_rec_11;seed_409976740_rec_12;seed_409976740_rec_17;seed_409976740_rec_3;seed_409976740_rec_4;seed_409976740_rec_6;seed_409976740_rec_7;seed_409976740_rec_8,0.6186841782209423,1.9161889568832158,0.9580957458781755,False,False,False,2ab78c46-9341-4525-8232-e8ac9f2da2c1,31026710,0,,False,5,2aca80e4-6dcf-4203-9ca1-c88f274c41bc,31027242,0,,False,5,8fc07aca-e8cb-4c00-8557-513d85aed7b8,31027332,0,,False,5,/lustre/fs11/portfolios/edgeai/projects/edgeai_tao-ptm_image-foundation-model-clip/users/rarunachalam/results/2ab78c46-9341-4525-8232-e8ac9f2da2c1/results_dir/train/model_epoch_009_step_00440.pth,b2c7425f904564da715e88572554869621fabc64da063efe95d0f753773ab371,
seed_1415367367_rec_5,1415367367,1234,5,success,3,4,0.00041052051653553954,0.0009269709933449863,0.5419440245553394,56.774271,56.94386445,0.08662200000000198,0.19347675000000208,0.002262041853430455,56.685162125000005,56.79682425,False,True,4,seed_1415367367_rec_3;seed_1455024938_rec_17;seed_161803_rec_15;seed_161803_rec_18;seed_271828_rec_10;seed_271828_rec_15;seed_271828_rec_5;seed_314159_rec_1;seed_409976740_rec_13,4,seed_1415367367_rec_3;seed_1455024938_rec_17;seed_161803_rec_15;seed_161803_rec_18;seed_271828_rec_10;seed_271828_rec_15;seed_271828_rec_5;seed_314159_rec_1;seed_409976740_rec_13,0.981897397803031,0.33318367663237247,0.49094935644205273,False,False,False,c331245c-4027-4bcb-baec-3fe59577bcd0,31027504,0,,False,5,8f9d27ce-4142-4153-b102-73be3e83d155,31027660,0,,False,5,2152c9bf-4067-43d1-8002-10fe2eb602b6,31027675,0,,False,5,/lustre/fs11/portfolios/edgeai/projects/edgeai_tao-ptm_image-foundation-model-clip/users/rarunachalam/results/c331245c-4027-4bcb-baec-3fe59577bcd0/results_dir/train/model_epoch_009_step_00440.pth,466559632c9ad574acdc40e9cec884c4198b0460744a7da408f4edc42519b1c1,
seed_1415367367_rec_6,1415367367,1234,6,success,3,6,0.00031868772033703075,0.0003618020680954444,0.400517406774385,64.736767,64.9732195,0.1113174999999984,0.2446209999999951,0.002549390912586006,64.6701885,64.78088774999999,False,True,11,seed_1415367367_rec_11;seed_1415367367_rec_15;seed_1415367367_rec_17;seed_1415367367_rec_18;seed_1415367367_rec_2;seed_1415367367_rec_3;seed_1415367367_rec_5;seed_1415367367_rec_7;seed_1455024938_rec_11;seed_1455024938_rec_12;seed_1455024938_rec_16;seed_1455024938_rec_17;seed_1455024938_rec_18;seed_1455024938_rec_19;seed_1455024938_rec_3;seed_1455024938_rec_4;seed_1455024938_rec_5;seed_1455024938_rec_6;seed_1455024938_rec_7;seed_1455024938_rec_8;seed_161803_rec_0;seed_161803_rec_11;seed_161803_rec_12;seed_161803_rec_15;seed_161803_rec_17;seed_161803_rec_18;seed_161803_rec_3;seed_161803_rec_4;seed_161803_rec_5;seed_161803_rec_7;seed_161803_rec_8;seed_271828_rec_1;seed_271828_rec_10;seed_271828_rec_12;seed_271828_rec_15;seed_271828_rec_17;seed_271828_rec_19;seed_271828_rec_3;seed_271828_rec_5;seed_271828_rec_6;seed_271828_rec_7;seed_271828_rec_9;seed_314159_rec_1;seed_314159_rec_10;seed_314159_rec_13;seed_314159_rec_16;seed_314159_rec_6;seed_314159_rec_8;seed_314159_rec_9;seed_409976740_rec_12;seed_409976740_rec_13;seed_409976740_rec_17;seed_409976740_rec_3;seed_409976740_rec_5;seed_409976740_rec_9,11,seed_1415367367_rec_11;seed_1415367367_rec_15;seed_1415367367_rec_17;seed_1415367367_rec_18;seed_1415367367_rec_2;seed_1415367367_rec_3;seed_1415367367_rec_5;seed_1415367367_rec_7;seed_1455024938_rec_11;seed_1455024938_rec_12;seed_1455024938_rec_16;seed_1455024938_rec_17;seed_1455024938_rec_18;seed_1455024938_rec_19;seed_1455024938_rec_3;seed_1455024938_rec_4;seed_1455024938_rec_5;seed_1455024938_rec_6;seed_1455024938_rec_7;seed_1455024938_rec_8;seed_161803_rec_0;seed_161803_rec_11;seed_161803_rec_12;seed_161803_rec_15;seed_161803_rec_17;seed_161803_rec_18;seed_161803_rec_3;seed_161803_rec_4;seed_161803_rec_5;seed_161803_rec_7;seed_161803_rec_8;seed_271828_rec_1;seed_271828_rec_10;seed_271828_rec_12;seed_271828_rec_15;seed_271828_rec_17;seed_271828_rec_19;seed_271828_rec_3;seed_271828_rec_5;seed_271828_rec_6;seed_271828_rec_7;seed_271828_rec_9;seed_314159_rec_1;seed_314159_rec_10;seed_314159_rec_13;seed_314159_rec_16;seed_314159_rec_6;seed_314159_rec_8;seed_314159_rec_9;seed_409976740_rec_12;seed_409976740_rec_13;seed_409976740_rec_17;seed_409976740_rec_3;seed_409976740_rec_5;seed_409976740_rec_9,2.2057157523318116,0.8946384095729891,1.1028594263429867,False,False,False,abe010c4-601c-426f-b082-c7c9bed2d14c,31027788,0,,False,5,8d3cbeec-08f4-4830-82ea-63b35d8d8cb4,31027931,0,,False,5,9f78686e-5892-482d-b8f4-f0d77be28f98,31028147,0,,False,5,/lustre/fs11/portfolios/edgeai/projects/edgeai_tao-ptm_image-foundation-model-clip/users/rarunachalam/results/abe010c4-601c-426f-b082-c7c9bed2d14c/results_dir/train/model_epoch_009_step_00440.pth,22d14612a612892ec4adb6e0ae1fe3bad085f9d05f16d8c3edfda04050cdf110,
seed_1415367367_rec_7,1415367367,1234,7,success,3,3,0.0004471074657299929,0.0006440146537261173,0.5199998373517425,52.36151975,52.569593000000005,0.0856162499999975,0.1705855000000014,0.0024241972512647767,52.30813875,52.41198775,False,True,6,seed_1455024938_rec_17;seed_161803_rec_15;seed_161803_rec_18;seed_161803_rec_5;seed_161803_rec_7;seed_271828_rec_10;seed_271828_rec_15;seed_271828_rec_3;seed_271828_rec_5;seed_271828_rec_9;seed_314159_rec_10;seed_314159_rec_16,6,seed_1455024938_rec_17;seed_161803_rec_15;seed_161803_rec_18;seed_161803_rec_5;seed_161803_rec_7;seed_271828_rec_10;seed_271828_rec_15;seed_271828_rec_3;seed_271828_rec_5;seed_271828_rec_9;seed_314159_rec_10;seed_314159_rec_16,1.1717888022384562,0.022029978771535678,0.5858949980286186,False,False,False,4030f5fc-7cce-44f3-b6a9-7d82ce91ce58,31028156,0,,False,5,5140fd9b-70a5-4391-ad3d-3ab444554f67,31028208,0,,False,5,bfbe5922-b2a5-4d4f-abd6-116f07329d9d,31028282,0,,False,5,/lustre/fs11/portfolios/edgeai/projects/edgeai_tao-ptm_image-foundation-model-clip/users/rarunachalam/results/4030f5fc-7cce-44f3-b6a9-7d82ce91ce58/results_dir/train/model_epoch_009_step_00440.pth,9eb962c730069f1034cdbd5f96282b307f43cfaee72bcb1ba9fc4b51ef2fbe4c,
seed_1415367367_rec_8,1415367367,1234,8,success,5,5,0.00021652722609106253,0.00021173734668028808,0.596650561606045,70.26491825,70.487683,0.10410624999999385,0.21700475000000097,0.0021966570245029906,70.23780500000001,70.29478399999999,True,True,6,seed_1455024938_rec_4;seed_1455024938_rec_7;seed_1455024938_rec_8;seed_161803_rec_11;seed_161803_rec_14;seed_271828_rec_1;seed_271828_rec_13;seed_271828_rec_16;seed_271828_rec_18;seed_271828_rec_19;seed_271828_rec_6;seed_271828_rec_8;seed_314159_rec_12;seed_314159_rec_17;seed_314159_rec_18;seed_314159_rec_7;seed_409976740_rec_11;seed_409976740_rec_12;seed_409976740_rec_3;seed_409976740_rec_4;seed_409976740_rec_6;seed_409976740_rec_7,6,seed_1455024938_rec_4;seed_1455024938_rec_7;seed_1455024938_rec_8;seed_161803_rec_11;seed_161803_rec_14;seed_271828_rec_1;seed_271828_rec_13;seed_271828_rec_16;seed_271828_rec_18;seed_271828_rec_19;seed_271828_rec_6;seed_271828_rec_8;seed_314159_rec_12;seed_314159_rec_17;seed_314159_rec_18;seed_314159_rec_7;seed_409976740_rec_11;seed_409976740_rec_12;seed_409976740_rec_3;seed_409976740_rec_4;seed_409976740_rec_6;seed_409976740_rec_7,0.5085009098868897,1.2844416425949061,0.6422217177687293,False,False,False,b4011469-77a5-425b-8d75-7bc5d0453964,31028385,0,,False,5,614126b6-0b84-4d37-845e-a37b8a1813c4,31028481,0,,False,5,4aa3c5f5-c631-4896-943f-7419b8c322ac,31028523,0,,False,5,/lustre/fs11/portfolios/edgeai/projects/edgeai_tao-ptm_image-foundation-model-clip/users/rarunachalam/results/b4011469-77a5-425b-8d75-7bc5d0453964/results_dir/train/model_epoch_009_step_00440.pth,93a829d0f1deadb770be51c881633e674fd4b45333a818ae39cd14156aa0cd6d,
seed_1415367367_rec_9,1415367367,1234,9,success,5,6,0.0003316326212352362,0.000624580625316072,0.5390599507201619,75.06009624999999,75.39033195,0.13486325000000932,0.26702099999999973,0.0026638422336157587,75.01692274999999,75.1440805,False,True,12,seed_1415367367_rec_10;seed_1415367367_rec_12;seed_1415367367_rec_13;seed_1415367367_rec_14;seed_1415367367_rec_16;seed_1415367367_rec_19;seed_1415367367_rec_2;seed_1415367367_rec_3;seed_1415367367_rec_5;seed_1415367367_rec_8;seed_1455024938_rec_0;seed_1455024938_rec_1;seed_1455024938_rec_11;seed_1455024938_rec_14;seed_1455024938_rec_16;seed_1455024938_rec_17;seed_1455024938_rec_2;seed_1455024938_rec_3;seed_1455024938_rec_4;seed_1455024938_rec_7;seed_1455024938_rec_8;seed_161803_rec_1;seed_161803_rec_11;seed_161803_rec_12;seed_161803_rec_14;seed_161803_rec_15;seed_161803_rec_18;seed_161803_rec_3;seed_161803_rec_6;seed_161803_rec_8;seed_161803_rec_9;seed_271828_rec_1;seed_271828_rec_10;seed_271828_rec_12;seed_271828_rec_13;seed_271828_rec_15;seed_271828_rec_16;seed_271828_rec_17;seed_271828_rec_18;seed_271828_rec_19;seed_271828_rec_3;seed_271828_rec_4;seed_271828_rec_5;seed_271828_rec_6;seed_271828_rec_8;seed_314159_rec_0;seed_314159_rec_1;seed_314159_rec_10;seed_314159_rec_12;seed_314159_rec_14;seed_314159_rec_17;seed_314159_rec_18;seed_314159_rec_19;seed_314159_rec_4;seed_314159_rec_5;seed_314159_rec_7;seed_314159_rec_9;seed_409976740_rec_10;seed_409976740_rec_11;seed_409976740_rec_12;seed_409976740_rec_13;seed_409976740_rec_14;seed_409976740_rec_15;seed_409976740_rec_17;seed_409976740_rec_2;seed_409976740_rec_3;seed_409976740_rec_4;seed_409976740_rec_6;seed_409976740_rec_7;seed_409976740_rec_8;seed_409976740_rec_9,12,seed_1415367367_rec_10;seed_1415367367_rec_12;seed_1415367367_rec_13;seed_1415367367_rec_14;seed_1415367367_rec_16;seed_1415367367_rec_19;seed_1415367367_rec_2;seed_1415367367_rec_3;seed_1415367367_rec_5;seed_1415367367_rec_8;seed_1455024938_rec_0;seed_1455024938_rec_1;seed_1455024938_rec_11;seed_1455024938_rec_14;seed_1455024938_rec_16;seed_1455024938_rec_17;seed_1455024938_rec_2;seed_1455024938_rec_3;seed_1455024938_rec_4;seed_1455024938_rec_7;seed_1455024938_rec_8;seed_161803_rec_1;seed_161803_rec_11;seed_161803_rec_12;seed_161803_rec_14;seed_161803_rec_15;seed_161803_rec_18;seed_161803_rec_3;seed_161803_rec_6;seed_161803_rec_8;seed_161803_rec_9;seed_271828_rec_1;seed_271828_rec_10;seed_271828_rec_12;seed_271828_rec_13;seed_271828_rec_15;seed_271828_rec_16;seed_271828_rec_17;seed_271828_rec_18;seed_271828_rec_19;seed_271828_rec_3;seed_271828_rec_4;seed_271828_rec_5;seed_271828_rec_6;seed_271828_rec_8;seed_314159_rec_0;seed_314159_rec_1;seed_314159_rec_10;seed_314159_rec_12;seed_314159_rec_14;seed_314159_rec_17;seed_314159_rec_18;seed_314159_rec_19;seed_314159_rec_4;seed_314159_rec_5;seed_314159_rec_7;seed_314159_rec_9;seed_409976740_rec_10;seed_409976740_rec_11;seed_409976740_rec_12;seed_409976740_rec_13;seed_409976740_rec_14;seed_409976740_rec_15;seed_409976740_rec_17;seed_409976740_rec_2;seed_409976740_rec_3;seed_409976740_rec_4;seed_409976740_rec_6;seed_409976740_rec_7;seed_409976740_rec_8;seed_409976740_rec_9,1.0068543864568442,1.6225611698628275,0.811281899639192,False,False,False,f4566d3b-fb22-444a-806e-24cdd5496125,31028536,0,,False,5,e730936e-a154-42af-8ae7-ed0cb26f51f0,31028597,0,,False,5,9100d692-a70b-4d83-9822-c07d97286d84,31028617,0,,False,5,/lustre/fs11/portfolios/edgeai/projects/edgeai_tao-ptm_image-foundation-model-clip/users/rarunachalam/results/f4566d3b-fb22-444a-806e-24cdd5496125/results_dir/train/model_epoch_009_step_00440.pth,9a2901d9bceeb0f8e01bf25f1d9ec9d140037e934c2796ae930b841d2bc3424d,
seed_1455024938_rec_0,1455024938,1234,0,success,6,3,0.0001329476207999467,0.0009184079879638183,0.5734301525059565,66.52023125,66.71347349999999,0.08873700000000184,0.1877654999999976,0.0019777663686339443,66.46429025,66.56714425,False,True,8,seed_1415367367_rec_19;seed_1415367367_rec_2;seed_1415367367_rec_3;seed_1455024938_rec_16;seed_1455024938_rec_17;seed_1455024938_rec_3;seed_1455024938_rec_4;seed_1455024938_rec_7;seed_1455024938_rec_8;seed_161803_rec_11;seed_161803_rec_3;seed_161803_rec_8;seed_271828_rec_1;seed_271828_rec_12;seed_271828_rec_17;seed_271828_rec_18;seed_271828_rec_19;seed_271828_rec_6;seed_271828_rec_8;seed_314159_rec_19;seed_314159_rec_9;seed_409976740_rec_12;seed_409976740_rec_17;seed_409976740_rec_3;seed_409976740_rec_4;seed_409976740_rec_6;seed_409976740_rec_7,8,seed_1415367367_rec_19;seed_1415367367_rec_2;seed_1415367367_rec_3;seed_1455024938_rec_16;seed_1455024938_rec_17;seed_1455024938_rec_3;seed_1455024938_rec_4;seed_1455024938_rec_7;seed_1455024938_rec_8;seed_161803_rec_11;seed_161803_rec_3;seed_161803_rec_8;seed_271828_rec_1;seed_271828_rec_12;seed_271828_rec_17;seed_271828_rec_18;seed_271828_rec_19;seed_271828_rec_6;seed_271828_rec_8;seed_314159_rec_19;seed_314159_rec_9;seed_409976740_rec_12;seed_409976740_rec_17;seed_409976740_rec_3;seed_409976740_rec_4;seed_409976740_rec_6;seed_409976740_rec_7,0.7094359481578987,1.0203947608719892,0.5101982453513492,False,False,False,430bad72-a7e3-4ebe-9503-0db560d286e3,31021648,0,,False,5,284063f0-6f8b-4e58-9bea-c9f4eccd0719,31021887,0,,False,5,5f7b3208-de88-4c65-bceb-d1aae1725ac3,31021909,0,,False,5,/lustre/fs11/portfolios/edgeai/projects/edgeai_tao-ptm_image-foundation-model-clip/users/rarunachalam/results/430bad72-a7e3-4ebe-9503-0db560d286e3/results_dir/train/model_epoch_009_step_00440.pth,d2df3e5021453b2075fd028d16a71d7807761c33e766dbb1fafcbddb1fd34ac1,
seed_1455024938_rec_1,1455024938,1234,1,success,5,5,0.00047669860457542684,0.00014009297677521423,0.5889197915393365,70.1189195,70.3859305,0.11900250000000057,0.23810000000000286,0.0025161983065070024,70.02337975,70.2053465,False,True,7,seed_1415367367_rec_19;seed_1415367367_rec_2;seed_1455024938_rec_16;seed_1455024938_rec_4;seed_1455024938_rec_7;seed_1455024938_rec_8;seed_161803_rec_11;seed_161803_rec_14;seed_271828_rec_1;seed_271828_rec_12;seed_271828_rec_13;seed_271828_rec_16;seed_271828_rec_18;seed_271828_rec_19;seed_271828_rec_6;seed_271828_rec_8;seed_314159_rec_12;seed_314159_rec_17;seed_314159_rec_18;seed_314159_rec_7;seed_409976740_rec_11;seed_409976740_rec_12;seed_409976740_rec_3;seed_409976740_rec_4;seed_409976740_rec_6;seed_409976740_rec_7,7,seed_1415367367_rec_19;seed_1415367367_rec_2;seed_1455024938_rec_16;seed_1455024938_rec_4;seed_1455024938_rec_7;seed_1455024938_rec_8;seed_161803_rec_11;seed_161803_rec_14;seed_271828_rec_1;seed_271828_rec_12;seed_271828_rec_13;seed_271828_rec_16;seed_271828_rec_18;seed_271828_rec_19;seed_271828_rec_6;seed_271828_rec_8;seed_314159_rec_12;seed_314159_rec_17;seed_314159_rec_18;seed_314159_rec_7;seed_409976740_rec_11;seed_409976740_rec_12;seed_409976740_rec_3;seed_409976740_rec_4;seed_409976740_rec_6;seed_409976740_rec_7,0.575398205818361,1.2741469197855122,0.6370743846653188,False,False,False,0d29d42b-b933-4d64-8b27-aeadeb1ff911,31021990,0,,False,5,0c8a754b-3607-42ff-ab8b-c9d3ff580746,31022417,0,,False,5,572c2f08-975e-4e25-abbd-f1a001f3121e,31022767,0,,False,5,/lustre/fs11/portfolios/edgeai/projects/edgeai_tao-ptm_image-foundation-model-clip/users/rarunachalam/results/0d29d42b-b933-4d64-8b27-aeadeb1ff911/results_dir/train/model_epoch_009_step_00440.pth,8fcd25cb3ec073beee2fa746cb96f70fd90cff1919adc439f1a5ad1c4e3fad3c,
seed_1455024938_rec_10,1455024938,1234,10,success,5,3,1.1000000000000001e-05,0.0009,0.35295111804953316,62.071057999999994,63.2360495,0.08255700000000132,0.1710080000000005,0.0019719175432776088,62.0605005,62.104558749999995,False,True,10,seed_1415367367_rec_11;seed_1415367367_rec_15;seed_1415367367_rec_17;seed_1415367367_rec_18;seed_1415367367_rec_2;seed_1415367367_rec_3;seed_1415367367_rec_5;seed_1415367367_rec_7;seed_1455024938_rec_11;seed_1455024938_rec_12;seed_1455024938_rec_16;seed_1455024938_rec_17;seed_1455024938_rec_18;seed_1455024938_rec_19;seed_1455024938_rec_3;seed_1455024938_rec_4;seed_1455024938_rec_5;seed_1455024938_rec_6;seed_1455024938_rec_7;seed_1455024938_rec_8;seed_161803_rec_0;seed_161803_rec_11;seed_161803_rec_12;seed_161803_rec_15;seed_161803_rec_17;seed_161803_rec_18;seed_161803_rec_3;seed_161803_rec_4;seed_161803_rec_5;seed_161803_rec_7;seed_161803_rec_8;seed_271828_rec_1;seed_271828_rec_10;seed_271828_rec_12;seed_271828_rec_15;seed_271828_rec_17;seed_271828_rec_19;seed_271828_rec_3;seed_271828_rec_5;seed_271828_rec_6;seed_271828_rec_7;seed_271828_rec_9;seed_314159_rec_1;seed_314159_rec_10;seed_314159_rec_13;seed_314159_rec_16;seed_314159_rec_6;seed_314159_rec_9;seed_409976740_rec_12;seed_409976740_rec_13;seed_409976740_rec_17;seed_409976740_rec_18;seed_409976740_rec_3;seed_409976740_rec_5;seed_409976740_rec_9,10,seed_1415367367_rec_11;seed_1415367367_rec_15;seed_1415367367_rec_17;seed_1415367367_rec_18;seed_1415367367_rec_2;seed_1415367367_rec_3;seed_1415367367_rec_5;seed_1415367367_rec_7;seed_1455024938_rec_11;seed_1455024938_rec_12;seed_1455024938_rec_16;seed_1455024938_rec_17;seed_1455024938_rec_18;seed_1455024938_rec_19;seed_1455024938_rec_3;seed_1455024938_rec_4;seed_1455024938_rec_5;seed_1455024938_rec_6;seed_1455024938_rec_7;seed_1455024938_rec_8;seed_161803_rec_0;seed_161803_rec_11;seed_161803_rec_12;seed_161803_rec_15;seed_161803_rec_17;seed_161803_rec_18;seed_161803_rec_3;seed_161803_rec_4;seed_161803_rec_5;seed_161803_rec_7;seed_161803_rec_8;seed_271828_rec_1;seed_271828_rec_10;seed_271828_rec_12;seed_271828_rec_15;seed_271828_rec_17;seed_271828_rec_19;seed_271828_rec_3;seed_271828_rec_5;seed_271828_rec_6;seed_271828_rec_7;seed_271828_rec_9;seed_314159_rec_1;seed_314159_rec_10;seed_314159_rec_13;seed_314159_rec_16;seed_314159_rec_6;seed_314159_rec_9;seed_409976740_rec_12;seed_409976740_rec_13;seed_409976740_rec_17;seed_409976740_rec_18;seed_409976740_rec_3;seed_409976740_rec_5;seed_409976740_rec_9,2.617324953708955,0.7066728602411714,1.3086641388533844,False,False,False,908e64c9-a5fa-45a5-8581-b9ff3eead424,31028610,0,,False,5,847ab1d1-5436-430c-96f7-a331abf7710f,31028704,0,,False,5,2f744fb9-9c15-4da4-833d-5056720861e2,31029056,0,,False,5,/lustre/fs11/portfolios/edgeai/projects/edgeai_tao-ptm_image-foundation-model-clip/users/rarunachalam/results/908e64c9-a5fa-45a5-8581-b9ff3eead424/results_dir/train/model_epoch_009_step_00440.pth,41360f71aa771fa5500917b5a692f875a32e4b690a1dc05a5be57546b5408507,
seed_1455024938_rec_11,1455024938,1234,11,success,4,3,0.00027466777645756624,0.0006912722708600127,0.5707197025555181,57.132516,57.421986,0.07408699999999868,0.14868949999999614,0.0019225721863885365,57.09566275,57.15352625,False,True,2,seed_1415367367_rec_3;seed_1455024938_rec_17,2,seed_1415367367_rec_3;seed_1455024938_rec_17,0.732890503251027,0.35844439271967893,0.3664457972929615,False,False,False,4ff7e135-2dc9-4457-8086-617785916cf2,31029338,0,,False,5,fc3317e7-d961-479e-8a84-5e02c9d74f62,31030165,0,,False,5,abb97fda-43c3-4ee4-af07-527cc77607e5,31030185,0,,False,5,/lustre/fs11/portfolios/edgeai/projects/edgeai_tao-ptm_image-foundation-model-clip/users/rarunachalam/results/4ff7e135-2dc9-4457-8086-617785916cf2/results_dir/train/model_epoch_009_step_00440.pth,c78155f211993bba603f8bbd152e9583e5840de9e977920c3f230c935e141190,
seed_1455024938_rec_12,1455024938,1234,12,success,3,3,4.969843684861486e-05,4.7845045436716245e-05,0.4176091782047215,52.5176735,52.71698055,0.08150849999999821,0.16286875000000123,0.002301025427183048,52.476910249999996,52.5655765,False,True,7,seed_1415367367_rec_7;seed_1455024938_rec_17;seed_161803_rec_15;seed_161803_rec_17;seed_161803_rec_18;seed_161803_rec_5;seed_161803_rec_7;seed_271828_rec_10;seed_271828_rec_15;seed_271828_rec_3;seed_271828_rec_5;seed_271828_rec_9;seed_314159_rec_1;seed_314159_rec_10;seed_314159_rec_16;seed_409976740_rec_5,7,seed_1415367367_rec_7;seed_1455024938_rec_17;seed_161803_rec_15;seed_161803_rec_17;seed_161803_rec_18;seed_161803_rec_5;seed_161803_rec_7;seed_271828_rec_10;seed_271828_rec_15;seed_271828_rec_3;seed_271828_rec_5;seed_271828_rec_9;seed_314159_rec_1;seed_314159_rec_10;seed_314159_rec_16;seed_409976740_rec_5,2.0578141485456447,0.033040755041178586,1.028908119700274,False,False,False,94fb6ff5-bb64-4150-8f91-7886a060cfaf,31030294,0,,False,5,4648cab9-8fe9-40bd-89fe-db7efbbdbdc8,31030821,0,,False,5,d35abf94-9428-45f8-9683-69fc31d09f53,31031021,0,,False,5,/lustre/fs11/portfolios/edgeai/projects/edgeai_tao-ptm_image-foundation-model-clip/users/rarunachalam/results/94fb6ff5-bb64-4150-8f91-7886a060cfaf/results_dir/train/model_epoch_009_step_00440.pth,c01c697d5f676fd3e7908f030e8a05f69bbf1e874d726c1c97409159019225bd,
seed_1455024938_rec_13,1455024938,1234,13,success,5,6,0.00029089038748420697,0.0007969602964281179,0.5346588025067828,74.78875325,75.03572145,0.12872099999999875,0.2622080000000011,0.0025517440297749333,74.70657425,74.84347125,False,True,12,seed_1415367367_rec_10;seed_1415367367_rec_12;seed_1415367367_rec_13;seed_1415367367_rec_14;seed_1415367367_rec_16;seed_1415367367_rec_19;seed_1415367367_rec_2;seed_1415367367_rec_3;seed_1415367367_rec_5;seed_1415367367_rec_8;seed_1455024938_rec_0;seed_1455024938_rec_1;seed_1455024938_rec_11;seed_1455024938_rec_14;seed_1455024938_rec_16;seed_1455024938_rec_17;seed_1455024938_rec_2;seed_1455024938_rec_3;seed_1455024938_rec_4;seed_1455024938_rec_7;seed_1455024938_rec_8;seed_161803_rec_1;seed_161803_rec_11;seed_161803_rec_12;seed_161803_rec_14;seed_161803_rec_15;seed_161803_rec_18;seed_161803_rec_3;seed_161803_rec_6;seed_161803_rec_8;seed_161803_rec_9;seed_271828_rec_1;seed_271828_rec_10;seed_271828_rec_12;seed_271828_rec_13;seed_271828_rec_15;seed_271828_rec_16;seed_271828_rec_17;seed_271828_rec_18;seed_271828_rec_19;seed_271828_rec_3;seed_271828_rec_4;seed_271828_rec_5;seed_271828_rec_6;seed_271828_rec_8;seed_271828_rec_9;seed_314159_rec_0;seed_314159_rec_1;seed_314159_rec_10;seed_314159_rec_12;seed_314159_rec_14;seed_314159_rec_17;seed_314159_rec_18;seed_314159_rec_19;seed_314159_rec_4;seed_314159_rec_5;seed_314159_rec_7;seed_314159_rec_9;seed_409976740_rec_11;seed_409976740_rec_12;seed_409976740_rec_13;seed_409976740_rec_14;seed_409976740_rec_15;seed_409976740_rec_17;seed_409976740_rec_2;seed_409976740_rec_3;seed_409976740_rec_4;seed_409976740_rec_6;seed_409976740_rec_7;seed_409976740_rec_8;seed_409976740_rec_9,12,seed_1415367367_rec_10;seed_1415367367_rec_12;seed_1415367367_rec_13;seed_1415367367_rec_14;seed_1415367367_rec_16;seed_1415367367_rec_19;seed_1415367367_rec_2;seed_1415367367_rec_3;seed_1415367367_rec_5;seed_1415367367_rec_8;seed_1455024938_rec_0;seed_1455024938_rec_1;seed_1455024938_rec_11;seed_1455024938_rec_14;seed_1455024938_rec_16;seed_1455024938_rec_17;seed_1455024938_rec_2;seed_1455024938_rec_3;seed_1455024938_rec_4;seed_1455024938_rec_7;seed_1455024938_rec_8;seed_161803_rec_1;seed_161803_rec_11;seed_161803_rec_12;seed_161803_rec_14;seed_161803_rec_15;seed_161803_rec_18;seed_161803_rec_3;seed_161803_rec_6;seed_161803_rec_8;seed_161803_rec_9;seed_271828_rec_1;seed_271828_rec_10;seed_271828_rec_12;seed_271828_rec_13;seed_271828_rec_15;seed_271828_rec_16;seed_271828_rec_17;seed_271828_rec_18;seed_271828_rec_19;seed_271828_rec_3;seed_271828_rec_4;seed_271828_rec_5;seed_271828_rec_6;seed_271828_rec_8;seed_271828_rec_9;seed_314159_rec_0;seed_314159_rec_1;seed_314159_rec_10;seed_314159_rec_12;seed_314159_rec_14;seed_314159_rec_17;seed_314159_rec_18;seed_314159_rec_19;seed_314159_rec_4;seed_314159_rec_5;seed_314159_rec_7;seed_314159_rec_9;seed_409976740_rec_11;seed_409976740_rec_12;seed_409976740_rec_13;seed_409976740_rec_14;seed_409976740_rec_15;seed_409976740_rec_17;seed_409976740_rec_2;seed_409976740_rec_3;seed_409976740_rec_4;seed_409976740_rec_6;seed_409976740_rec_7;seed_409976740_rec_8;seed_409976740_rec_9,1.0449391971455735,1.603428122687633,0.8017153855274765,False,False,False,c707761f-d34a-4df8-9502-ea1093daf985,31031245,0,,False,5,e1f65b3e-c757-48eb-878f-71989a1800d6,31032435,0,,False,5,704e63ac-0125-404f-9917-b582e08f43c0,31032778,0,,False,5,/lustre/fs11/portfolios/edgeai/projects/edgeai_tao-ptm_image-foundation-model-clip/users/rarunachalam/results/c707761f-d34a-4df8-9502-ea1093daf985/results_dir/train/model_epoch_009_step_00440.pth,b18b5925dc8664ed6104ba870a18a60d8f4d6929a419a80fa86cf2911ca4f608,
seed_1455024938_rec_14,1455024938,1234,14,success,6,4,0.00015022417170695648,0.00047174613584201585,0.6034339648044247,70.94132825,71.237596,0.13998975000000513,0.27826249999998254,0.0029256402222777324,70.81885575000001,70.98203875,True,True,5,seed_1415367367_rec_14;seed_1455024938_rec_7;seed_1455024938_rec_8;seed_161803_rec_14;seed_271828_rec_1;seed_271828_rec_13;seed_271828_rec_16;seed_271828_rec_18;seed_271828_rec_19;seed_271828_rec_8;seed_314159_rec_12;seed_314159_rec_17;seed_314159_rec_7;seed_409976740_rec_11;seed_409976740_rec_12;seed_409976740_rec_3;seed_409976740_rec_4;seed_409976740_rec_6;seed_409976740_rec_7,5,seed_1415367367_rec_14;seed_1455024938_rec_7;seed_1455024938_rec_8;seed_161803_rec_14;seed_271828_rec_1;seed_271828_rec_13;seed_271828_rec_16;seed_271828_rec_18;seed_271828_rec_19;seed_271828_rec_8;seed_314159_rec_12;seed_314159_rec_17;seed_314159_rec_7;seed_409976740_rec_11;seed_409976740_rec_12;seed_409976740_rec_3;seed_409976740_rec_4;seed_409976740_rec_6;seed_409976740_rec_7,0.4498015400610192,1.3321369376265602,0.6660693597825189,False,False,False,de1beef2-4d8f-4406-83c5-14bd35cc9bc7,31032858,0,,False,5,55fae4eb-ddf6-412f-b894-bf617881d6a8,31033249,0,,False,5,e24a78a6-d735-494b-ae37-a76cf7114e44,31033336,0,,False,5,/lustre/fs11/portfolios/edgeai/projects/edgeai_tao-ptm_image-foundation-model-clip/users/rarunachalam/results/de1beef2-4d8f-4406-83c5-14bd35cc9bc7/results_dir/train/model_epoch_009_step_00440.pth,530c9a2d5a6c3789760c15cfd732c036a597821c362c38a02ee0c9bf3c12064c,
seed_1455024938_rec_15,1455024938,1234,15,training_or_measurement_failure,5,3,0.00037640328330991744,0.00036075042297128654,,,,,,,,,,,,,,,,,,,,,,,,,,,,,,,,,,,,,,,,,job_creation_failed: SLURM cluster did not provide a stable identity; refusing to launch an unrecoverable job
seed_1455024938_rec_16,1455024938,1234,16,success,4,4,0.0003166398901931195,0.00048458989731432127,0.5905930755759942,61.2727115,61.47020945,0.06655699999999953,0.13707875000000058,0.0016104625661947293,61.242067500000005,61.288489068749996,True,True,2,seed_271828_rec_19;seed_271828_rec_6,2,seed_271828_rec_19;seed_271828_rec_6,0.5609186421511215,0.6503795294876523,0.325190370392912,False,False,False,3fa0a593-bb1d-4b09-992f-03b730677f43,31033427,0,,False,5,0fa91233-c99f-4c42-82ad-908c49568406,31033699,0,,False,5,40d5cc87-312a-42a3-a922-c26e6545d7bd,31033789,0,,False,5,/lustre/fs11/portfolios/edgeai/projects/edgeai_tao-ptm_image-foundation-model-clip/users/rarunachalam/results/3fa0a593-bb1d-4b09-992f-03b730677f43/results_dir/train/model_epoch_009_step_00440.pth,137fe238acdd912dbb0ecc810c4dc85f39cec48eeb57f925ab6c08cc8a6ff3f3,
seed_1455024938_rec_17,1455024938,1234,17,success,3,3,0.0003441031368114752,0.00036006275834724575,0.5780320693410467,52.23281375,52.461251049999994,0.09686699999999959,0.19374824999999873,0.002749517092595828,52.194458250000004,52.28245475,False,True,0,,0,,0.6696138101674308,0.012954609332372934,0.33480724636792514,False,False,False,16fda03c-e1fe-479f-9a99-9cd128f1fc6e,31033878,0,,False,5,33c73c42-c0bd-4fd5-8b90-b8a28525c0ec,31034013,0,,False,5,5ccf9ff1-19b1-4479-836d-dfeb6f34549f,31034115,0,,False,5,/lustre/fs11/portfolios/edgeai/projects/edgeai_tao-ptm_image-foundation-model-clip/users/rarunachalam/results/16fda03c-e1fe-479f-9a99-9cd128f1fc6e/results_dir/train/model_epoch_009_step_00440.pth,162fc83e881c83f8c7fc347838a9c9cdb9fe1826cf39f306f28f3cdd927ab8a3,
seed_1455024938_rec_18,1455024938,1234,18,success,3,4,0.00027938480406360344,0.00019622718322712465,0.5133580377505067,56.747972000000004,56.95509145,0.10164250000000052,0.20783350000000667,0.002655516403299853,56.6715825,56.799586,False,True,7,seed_1415367367_rec_3;seed_1415367367_rec_7;seed_1455024938_rec_17;seed_161803_rec_15;seed_161803_rec_17;seed_161803_rec_18;seed_161803_rec_5;seed_161803_rec_7;seed_271828_rec_10;seed_271828_rec_15;seed_271828_rec_3;seed_271828_rec_5;seed_271828_rec_9;seed_314159_rec_1;seed_314159_rec_10;seed_314159_rec_16;seed_409976740_rec_13,7,seed_1415367367_rec_3;seed_1415367367_rec_7;seed_1455024938_rec_17;seed_161803_rec_15;seed_161803_rec_17;seed_161803_rec_18;seed_161803_rec_5;seed_161803_rec_7;seed_271828_rec_10;seed_271828_rec_15;seed_271828_rec_3;seed_271828_rec_5;seed_271828_rec_9;seed_314159_rec_1;seed_314159_rec_10;seed_314159_rec_16;seed_409976740_rec_13,1.2292628222400073,0.3313292709257194,0.6146321914160502,False,False,False,61afb857-cbad-4beb-8779-5cd7e00d2d89,31034159,0,,False,5,e3c4c538-fd7e-4640-8b16-36f25f317c96,31034407,0,,False,5,eadb2dd0-6fd3-46cd-89d1-69d08412ba99,31034502,0,,False,5,/lustre/fs11/portfolios/edgeai/projects/edgeai_tao-ptm_image-foundation-model-clip/users/rarunachalam/results/61afb857-cbad-4beb-8779-5cd7e00d2d89/results_dir/train/model_epoch_009_step_00440.pth,2cf3f8a60510e4f5a045de137432107dec70c8dbd0020ed653fd002a10b443ee,
seed_1455024938_rec_19,1455024938,1234,19,success,3,4,0.00017367199598950994,0.00015729043479177328,0.512413949430518,56.606269749999996,56.88678595,0.10468874999999755,0.22681525000000136,0.0027419496362414233,56.55264275,56.701032,False,True,7,seed_1415367367_rec_3;seed_1415367367_rec_7;seed_1455024938_rec_17;seed_161803_rec_15;seed_161803_rec_17;seed_161803_rec_18;seed_161803_rec_5;seed_161803_rec_7;seed_271828_rec_10;seed_271828_rec_15;seed_271828_rec_3;seed_271828_rec_5;seed_271828_rec_9;seed_314159_rec_1;seed_314159_rec_10;seed_314159_rec_16;seed_409976740_rec_13,7,seed_1415367367_rec_3;seed_1415367367_rec_7;seed_1455024938_rec_17;seed_161803_rec_15;seed_161803_rec_17;seed_161803_rec_18;seed_161803_rec_5;seed_161803_rec_7;seed_271828_rec_10;seed_271828_rec_15;seed_271828_rec_3;seed_271828_rec_5;seed_271828_rec_9;seed_314159_rec_1;seed_314159_rec_10;seed_314159_rec_16;seed_409976740_rec_13,1.237432377818915,0.3213375046591066,0.6187169682943987,False,False,False,682281f3-36f4-40b5-8db0-2ce1bc5ea182,31034604,0,,False,5,f7cd8e76-b4e5-4d06-9c18-4d0961db4b0a,31034875,0,,False,5,13b78f65-7db6-4f41-a2fb-1984eceefb0f,31034920,0,,False,5,/lustre/fs11/portfolios/edgeai/projects/edgeai_tao-ptm_image-foundation-model-clip/users/rarunachalam/results/682281f3-36f4-40b5-8db0-2ce1bc5ea182/results_dir/train/model_epoch_009_step_00440.pth,266e0b7821f028090992a1599f10cfbf9e58af120357f810e32041ab010071f4,
seed_1455024938_rec_2,1455024938,1234,2,success,6,4,0.00012534389609732236,0.00038666987605304355,0.5832937635331393,71.01870500000001,71.24057545,0.09495899999998869,0.18935350000000994,0.0019823821541097267,70.987834,71.05957074999999,False,True,8,seed_1415367367_rec_14;seed_1415367367_rec_19;seed_1415367367_rec_2;seed_1415367367_rec_8;seed_1455024938_rec_1;seed_1455024938_rec_14;seed_1455024938_rec_16;seed_1455024938_rec_3;seed_1455024938_rec_4;seed_1455024938_rec_7;seed_1455024938_rec_8;seed_161803_rec_11;seed_161803_rec_14;seed_161803_rec_3;seed_271828_rec_1;seed_271828_rec_12;seed_271828_rec_13;seed_271828_rec_16;seed_271828_rec_18;seed_271828_rec_19;seed_271828_rec_6;seed_271828_rec_8;seed_314159_rec_12;seed_314159_rec_17;seed_314159_rec_18;seed_314159_rec_4;seed_314159_rec_5;seed_314159_rec_7;seed_409976740_rec_11;seed_409976740_rec_12;seed_409976740_rec_17;seed_409976740_rec_3;seed_409976740_rec_4;seed_409976740_rec_6;seed_409976740_rec_7;seed_409976740_rec_8,8,seed_1415367367_rec_14;seed_1415367367_rec_19;seed_1415367367_rec_2;seed_1415367367_rec_8;seed_1455024938_rec_1;seed_1455024938_rec_14;seed_1455024938_rec_16;seed_1455024938_rec_3;seed_1455024938_rec_4;seed_1455024938_rec_7;seed_1455024938_rec_8;seed_161803_rec_11;seed_161803_rec_14;seed_161803_rec_3;seed_271828_rec_1;seed_271828_rec_12;seed_271828_rec_13;seed_271828_rec_16;seed_271828_rec_18;seed_271828_rec_19;seed_271828_rec_6;seed_271828_rec_8;seed_314159_rec_12;seed_314159_rec_17;seed_314159_rec_18;seed_314159_rec_4;seed_314159_rec_5;seed_314159_rec_7;seed_409976740_rec_11;seed_409976740_rec_12;seed_409976740_rec_17;seed_409976740_rec_3;seed_409976740_rec_4;seed_409976740_rec_6;seed_409976740_rec_7;seed_409976740_rec_8,0.6240823675773666,1.3375929582646955,0.6687974599700106,False,False,False,8ff4b1b3-537c-44ee-89d8-9df8021b318b,31025139,0,,False,5,02b89244-b1f0-42cf-8daf-9c2fe65b96db,31025668,0,,False,5,da72957e-650a-466c-9c39-ab8b5ce7c103,31025867,0,,False,5,/lustre/fs11/portfolios/edgeai/projects/edgeai_tao-ptm_image-foundation-model-clip/users/rarunachalam/results/8ff4b1b3-537c-44ee-89d8-9df8021b318b/results_dir/train/model_epoch_009_step_00440.pth,0444a816b8b36e521d37e058fce7a3746a1dbcf358244d2f03bb24118756f64a,
seed_1455024938_rec_3,1455024938,1234,3,success,5,3,0.0002206873996116796,0.0009,0.5855061966438848,61.67042975,61.85024955,0.06985424999999879,0.13957625000000462,0.001679344727608262,61.62776100000001,61.686809249999996,False,True,3,seed_1415367367_rec_2;seed_1455024938_rec_16;seed_271828_rec_19;seed_271828_rec_6;seed_409976740_rec_3,3,seed_1415367367_rec_2;seed_1455024938_rec_16;seed_271828_rec_19;seed_271828_rec_6;seed_409976740_rec_3,0.6049373417570422,0.6784235993169316,0.33921244133893635,False,False,False,c03cd12c-b6da-4c18-9cfe-476523e6e667,31026001,0,,False,5,3cc39430-03f2-48f0-b48c-9b4f0da81470,31026269,0,,False,5,fc603210-ab77-494f-a972-8e7a72659f83,31026294,0,,False,5,/lustre/fs11/portfolios/edgeai/projects/edgeai_tao-ptm_image-foundation-model-clip/users/rarunachalam/results/c03cd12c-b6da-4c18-9cfe-476523e6e667/results_dir/train/model_epoch_009_step_00440.pth,86febd8c9ec46f5acc041dc1c2b34750128cf998373e29ddb15ae2e7de1d1207,
seed_1455024938_rec_4,1455024938,1234,4,success,5,3,0.0003708981060268316,0.0009,0.5985999554378868,61.95254975,62.23000005,0.059895999999998395,0.1576170000000019,0.0014333842587325894,61.947694999999996,61.979393,True,True,5,seed_1455024938_rec_7;seed_1455024938_rec_8;seed_271828_rec_1;seed_271828_rec_19;seed_271828_rec_6;seed_409976740_rec_12;seed_409976740_rec_3,5,seed_1455024938_rec_7;seed_1455024938_rec_8;seed_271828_rec_1;seed_271828_rec_19;seed_271828_rec_6;seed_409976740_rec_12;seed_409976740_rec_3,0.4916320630669211,0.6983165586675185,0.34915887430807013,False,False,False,3ffd56cd-409d-4d35-a677-6c006f78fea5,31026547,0,,False,5,fd1cb3e7-99d8-42c1-90b3-2b0cee3672c4,31027140,0,,False,5,23e5af28-5dc1-4cd0-b856-5c5e12502db9,31027229,0,,False,5,/lustre/fs11/portfolios/edgeai/projects/edgeai_tao-ptm_image-foundation-model-clip/users/rarunachalam/results/3ffd56cd-409d-4d35-a677-6c006f78fea5/results_dir/train/model_epoch_009_step_00440.pth,2eb3a802f9126ec3badbb03855cc10594cfe105c40966a7a95bc72f37b54a120,
seed_1455024938_rec_5,1455024938,1234,5,success,3,4,0.00023595146037430547,0.0009126891852038346,0.5029777287925962,56.597980500000006,56.82435955,0.13085049999999399,0.27332475000000045,0.0034276656090227644,56.496978750000004,56.6951,False,True,7,seed_1415367367_rec_3;seed_1415367367_rec_7;seed_1455024938_rec_17;seed_161803_rec_15;seed_161803_rec_17;seed_161803_rec_18;seed_161803_rec_5;seed_161803_rec_7;seed_271828_rec_10;seed_271828_rec_15;seed_271828_rec_3;seed_271828_rec_5;seed_271828_rec_9;seed_314159_rec_1;seed_314159_rec_10;seed_314159_rec_16;seed_409976740_rec_13;seed_409976740_rec_5,7,seed_1415367367_rec_3;seed_1415367367_rec_7;seed_1455024938_rec_17;seed_161803_rec_15;seed_161803_rec_17;seed_161803_rec_18;seed_161803_rec_5;seed_161803_rec_7;seed_271828_rec_10;seed_271828_rec_15;seed_271828_rec_3;seed_271828_rec_5;seed_271828_rec_9;seed_314159_rec_1;seed_314159_rec_10;seed_314159_rec_16;seed_409976740_rec_13;seed_409976740_rec_5,1.3190875866846055,0.32075300971618637,0.6595446132626009,False,False,False,b0254d95-b85a-4310-8bdd-87d3083b0a85,31027244,0,,False,5,a5de757e-f7e5-4518-bf9a-4554c23a65f1,31027585,0,,False,5,c880abb7-7140-4e93-8ae9-86e72504fc59,31027605,0,,False,5,/lustre/fs11/portfolios/edgeai/projects/edgeai_tao-ptm_image-foundation-model-clip/users/rarunachalam/results/b0254d95-b85a-4310-8bdd-87d3083b0a85/results_dir/train/model_epoch_009_step_00440.pth,832387786bba5a0a8d9dfd122460dabcd80e9c72307d147c5020d70c8a62f201,
seed_1455024938_rec_6,1455024938,1234,6,success,3,5,8.642141907148085e-05,0.00012353116430971478,0.5062624283227491,60.74256175,61.04318505,0.16241849999999758,0.3248145000000022,0.003964298856723744,60.5759805,60.835146249999994,False,True,8,seed_1415367367_rec_3;seed_1415367367_rec_5;seed_1415367367_rec_7;seed_1455024938_rec_11;seed_1455024938_rec_17;seed_1455024938_rec_18;seed_1455024938_rec_19;seed_161803_rec_0;seed_161803_rec_12;seed_161803_rec_15;seed_161803_rec_17;seed_161803_rec_18;seed_161803_rec_3;seed_161803_rec_5;seed_161803_rec_7;seed_271828_rec_10;seed_271828_rec_15;seed_271828_rec_19;seed_271828_rec_3;seed_271828_rec_5;seed_271828_rec_6;seed_271828_rec_9;seed_314159_rec_1;seed_314159_rec_10;seed_314159_rec_16;seed_314159_rec_9;seed_409976740_rec_13;seed_409976740_rec_5;seed_409976740_rec_9,8,seed_1415367367_rec_3;seed_1415367367_rec_5;seed_1415367367_rec_7;seed_1455024938_rec_11;seed_1455024938_rec_17;seed_1455024938_rec_18;seed_1455024938_rec_19;seed_161803_rec_0;seed_161803_rec_12;seed_161803_rec_15;seed_161803_rec_17;seed_161803_rec_18;seed_161803_rec_3;seed_161803_rec_5;seed_161803_rec_7;seed_271828_rec_10;seed_271828_rec_15;seed_271828_rec_19;seed_271828_rec_3;seed_271828_rec_5;seed_271828_rec_6;seed_271828_rec_9;seed_314159_rec_1;seed_314159_rec_10;seed_314159_rec_16;seed_314159_rec_9;seed_409976740_rec_13;seed_409976740_rec_5;seed_409976740_rec_9,1.2906638314029837,0.6129973962589782,0.6453328675321057,False,False,False,22c8b74c-7603-461b-8f64-49490c21c9f8,31027661,0,,False,5,333cefb0-12eb-4f39-81fc-88c9d318de08,31027827,0,,False,5,670d453c-5291-45c3-a6ac-41130934c1f4,31027857,0,,False,5,/lustre/fs11/portfolios/edgeai/projects/edgeai_tao-ptm_image-foundation-model-clip/users/rarunachalam/results/22c8b74c-7603-461b-8f64-49490c21c9f8/results_dir/train/model_epoch_009_step_00440.pth,5b9e3e45b6976e5f34079876cbd20320c702d1fd10abef4602c82c6361400d37,
seed_1455024938_rec_7,1455024938,1234,7,success,5,3,0.0003665171736923159,0.0006641638755750829,0.621505697997251,61.78111,62.169568950000006,0.12168949999999512,0.2621097500000005,0.0029202591649776567,61.68676625,61.84232375,True,True,0,,0,,0.2934199541435612,0.6862279297939016,0.34311445472089275,False,False,False,d05ed34c-728b-43f4-b6d6-5e8beb64dc3a,31027967,0,,False,5,0000a592-aab8-409b-8c89-40c9a3565b7d,31028176,0,,False,5,ed0a2f89-0a15-44e7-af3c-796a696ff597,31028207,0,,False,5,/lustre/fs11/portfolios/edgeai/projects/edgeai_tao-ptm_image-foundation-model-clip/users/rarunachalam/results/d05ed34c-728b-43f4-b6d6-5e8beb64dc3a/results_dir/train/model_epoch_009_step_00440.pth,26e40d8feb23ba238a3ac796d5685e419ef5bcdf5ee79168755d5c82edfbfdd4,
seed_1455024938_rec_8,1455024938,1234,8,success,5,3,0.0002823481089381581,0.0009,0.6116017241531267,61.736783,62.20167745,0.07434199999999791,0.17324975000000364,0.0017853124805676526,61.7095565,61.7997095,True,True,2,seed_271828_rec_19;seed_409976740_rec_3,2,seed_271828_rec_19;seed_409976740_rec_3,0.37912280954228833,0.6831023264721472,0.3415516943486416,False,False,False,910e8130-799a-40df-b3a9-10aaf9cde4fd,31028276,0,,False,5,8fd230aa-49f3-4bf5-a026-9de57d940b25,31028396,0,,False,5,3798a5d7-e2af-4882-bdf1-33be991997a9,31028448,0,,False,5,/lustre/fs11/portfolios/edgeai/projects/edgeai_tao-ptm_image-foundation-model-clip/users/rarunachalam/results/910e8130-799a-40df-b3a9-10aaf9cde4fd/results_dir/train/model_epoch_009_step_00440.pth,5767b9e7caf7740e1c631199d8a259079299af27cfe355497a9f302fc74937be,
seed_1455024938_rec_9,1455024938,1234,9,success,6,6,0.000372042095074573,0.00034439888351588105,0.5691305926148187,79.47600874999999,79.9006355,0.1333385000000007,0.2659115000000014,0.0024873878697387534,79.416755,79.53154725,False,True,11,seed_1415367367_rec_13;seed_1415367367_rec_14;seed_1415367367_rec_16;seed_1415367367_rec_19;seed_1415367367_rec_2;seed_1415367367_rec_3;seed_1415367367_rec_4;seed_1415367367_rec_8;seed_1455024938_rec_0;seed_1455024938_rec_1;seed_1455024938_rec_11;seed_1455024938_rec_14;seed_1455024938_rec_16;seed_1455024938_rec_17;seed_1455024938_rec_2;seed_1455024938_rec_3;seed_1455024938_rec_4;seed_1455024938_rec_7;seed_1455024938_rec_8;seed_161803_rec_11;seed_161803_rec_14;seed_161803_rec_19;seed_161803_rec_3;seed_161803_rec_6;seed_161803_rec_8;seed_271828_rec_1;seed_271828_rec_12;seed_271828_rec_13;seed_271828_rec_14;seed_271828_rec_16;seed_271828_rec_17;seed_271828_rec_18;seed_271828_rec_19;seed_271828_rec_6;seed_271828_rec_8;seed_314159_rec_0;seed_314159_rec_11;seed_314159_rec_12;seed_314159_rec_14;seed_314159_rec_17;seed_314159_rec_18;seed_314159_rec_19;seed_314159_rec_4;seed_314159_rec_5;seed_314159_rec_7;seed_314159_rec_9;seed_409976740_rec_10;seed_409976740_rec_11;seed_409976740_rec_12;seed_409976740_rec_14;seed_409976740_rec_15;seed_409976740_rec_17;seed_409976740_rec_2;seed_409976740_rec_3;seed_409976740_rec_4;seed_409976740_rec_6;seed_409976740_rec_7;seed_409976740_rec_8,11,seed_1415367367_rec_13;seed_1415367367_rec_14;seed_1415367367_rec_16;seed_1415367367_rec_19;seed_1415367367_rec_2;seed_1415367367_rec_3;seed_1415367367_rec_4;seed_1415367367_rec_8;seed_1455024938_rec_0;seed_1455024938_rec_1;seed_1455024938_rec_11;seed_1455024938_rec_14;seed_1455024938_rec_16;seed_1455024938_rec_17;seed_1455024938_rec_2;seed_1455024938_rec_3;seed_1455024938_rec_4;seed_1455024938_rec_7;seed_1455024938_rec_8;seed_161803_rec_11;seed_161803_rec_14;seed_161803_rec_19;seed_161803_rec_3;seed_161803_rec_6;seed_161803_rec_8;seed_271828_rec_1;seed_271828_rec_12;seed_271828_rec_13;seed_271828_rec_14;seed_271828_rec_16;seed_271828_rec_17;seed_271828_rec_18;seed_271828_rec_19;seed_271828_rec_6;seed_271828_rec_8;seed_314159_rec_0;seed_314159_rec_11;seed_314159_rec_12;seed_314159_rec_14;seed_314159_rec_17;seed_314159_rec_18;seed_314159_rec_19;seed_314159_rec_4;seed_314159_rec_5;seed_314159_rec_7;seed_314159_rec_9;seed_409976740_rec_10;seed_409976740_rec_11;seed_409976740_rec_12;seed_409976740_rec_14;seed_409976740_rec_15;seed_409976740_rec_17;seed_409976740_rec_2;seed_409976740_rec_3;seed_409976740_rec_4;seed_409976740_rec_6;seed_409976740_rec_7;seed_409976740_rec_8,0.7466416764269576,1.9339377750600713,0.9669702278197614,False,False,False,aa58d80b-f71e-4677-a4e2-b5fac8355c7c,31028519,0,,False,5,9cbdc24c-40d0-4091-8632-2ca83d2b9206,31028563,0,,False,5,2df2a5ad-3827-48b0-92b6-5a8770ed674c,31028596,0,,False,5,/lustre/fs11/portfolios/edgeai/projects/edgeai_tao-ptm_image-foundation-model-clip/users/rarunachalam/results/aa58d80b-f71e-4677-a4e2-b5fac8355c7c/results_dir/train/model_epoch_009_step_00440.pth,f6bde23caee2fbd4a9ab74f63237ac947d8cf6033f6c180dadda5381c2e9b7ca,
seed_161803_rec_0,161803,1234,0,success,3,5,0.0002098775727573059,0.0006123641159628601,0.5305309558679956,60.7300305,61.1440695,0.0832215000000005,0.24712874999999457,0.0020316834173169196,60.714048250000005,60.7580235,False,True,5,seed_1415367367_rec_3;seed_1415367367_rec_5;seed_1455024938_rec_11;seed_1455024938_rec_17;seed_161803_rec_12;seed_161803_rec_15;seed_161803_rec_18;seed_161803_rec_3;seed_161803_rec_5;seed_271828_rec_10;seed_271828_rec_15;seed_271828_rec_19;seed_271828_rec_3;seed_271828_rec_5;seed_271828_rec_6;seed_271828_rec_9;seed_314159_rec_1;seed_314159_rec_10;seed_314159_rec_9;seed_409976740_rec_13;seed_409976740_rec_9,5,seed_1415367367_rec_3;seed_1415367367_rec_5;seed_1455024938_rec_11;seed_1455024938_rec_17;seed_161803_rec_12;seed_161803_rec_15;seed_161803_rec_18;seed_161803_rec_3;seed_161803_rec_5;seed_271828_rec_10;seed_271828_rec_15;seed_271828_rec_19;seed_271828_rec_3;seed_271828_rec_5;seed_271828_rec_6;seed_271828_rec_9;seed_314159_rec_1;seed_314159_rec_10;seed_314159_rec_9;seed_409976740_rec_13;seed_409976740_rec_9,1.0806590252832438,0.6121137876992799,0.5403303590280284,False,False,False,82bd8395-4d66-40e5-836b-f6a7ec75bc61,30955314,0,,False,5,b24a02b4-6312-457b-a83f-ef8a0f2a9af8,30955702,0,,False,5,390fabdd-520f-4013-8094-3bfb4c71dbd5,30955846,0,,False,5,/lustre/fs11/portfolios/edgeai/projects/edgeai_tao-ptm_image-foundation-model-clip/users/rarunachalam/results/82bd8395-4d66-40e5-836b-f6a7ec75bc61/results_dir/train/model_epoch_009_step_00440.pth,e0853eab398a7c38a0d0ca83110bb080fbf1e25ab6ea5323f387413cd8f111fd,
seed_161803_rec_1,161803,1234,1,success,5,5,0.00030565624727243724,0.0005057619353603205,0.5527822169224204,70.18545575,71.29438999999999,0.13810249999999513,0.34892924999999764,0.002917281996847228,70.12402474999999,70.38869425,False,True,10,seed_1415367367_rec_16;seed_1415367367_rec_19;seed_1415367367_rec_2;seed_1415367367_rec_3;seed_1455024938_rec_0;seed_1455024938_rec_1;seed_1455024938_rec_11;seed_1455024938_rec_16;seed_1455024938_rec_17;seed_1455024938_rec_3;seed_1455024938_rec_4;seed_1455024938_rec_7;seed_1455024938_rec_8;seed_161803_rec_11;seed_161803_rec_12;seed_161803_rec_14;seed_161803_rec_15;seed_161803_rec_3;seed_161803_rec_6;seed_161803_rec_8;seed_161803_rec_9;seed_271828_rec_1;seed_271828_rec_10;seed_271828_rec_12;seed_271828_rec_13;seed_271828_rec_15;seed_271828_rec_16;seed_271828_rec_17;seed_271828_rec_18;seed_271828_rec_19;seed_271828_rec_6;seed_271828_rec_8;seed_314159_rec_12;seed_314159_rec_17;seed_314159_rec_18;seed_314159_rec_19;seed_314159_rec_4;seed_314159_rec_7;seed_314159_rec_9;seed_409976740_rec_11;seed_409976740_rec_12;seed_409976740_rec_14;seed_409976740_rec_15;seed_409976740_rec_17;seed_409976740_rec_3;seed_409976740_rec_4;seed_409976740_rec_6;seed_409976740_rec_7;seed_409976740_rec_9,10,seed_1415367367_rec_16;seed_1415367367_rec_19;seed_1415367367_rec_2;seed_1415367367_rec_3;seed_1455024938_rec_0;seed_1455024938_rec_1;seed_1455024938_rec_11;seed_1455024938_rec_16;seed_1455024938_rec_17;seed_1455024938_rec_3;seed_1455024938_rec_4;seed_1455024938_rec_7;seed_1455024938_rec_8;seed_161803_rec_11;seed_161803_rec_12;seed_161803_rec_14;seed_161803_rec_15;seed_161803_rec_3;seed_161803_rec_6;seed_161803_rec_8;seed_161803_rec_9;seed_271828_rec_1;seed_271828_rec_10;seed_271828_rec_12;seed_271828_rec_13;seed_271828_rec_15;seed_271828_rec_16;seed_271828_rec_17;seed_271828_rec_18;seed_271828_rec_19;seed_271828_rec_6;seed_271828_rec_8;seed_314159_rec_12;seed_314159_rec_17;seed_314159_rec_18;seed_314159_rec_19;seed_314159_rec_4;seed_314159_rec_7;seed_314159_rec_9;seed_409976740_rec_11;seed_409976740_rec_12;seed_409976740_rec_14;seed_409976740_rec_15;seed_409976740_rec_17;seed_409976740_rec_3;seed_409976740_rec_4;seed_409976740_rec_6;seed_409976740_rec_7;seed_409976740_rec_9,0.8881103939358309,1.2788385507106164,0.6394203588297805,False,False,False,8633a6d8-4e2d-453c-be09-9c51fa31be4b,30956062,0,,False,5,0b21e426-e94d-4f52-bcd3-8be69cfb3236,30956528,0,,False,5,b1d21f55-5b60-4e20-adbc-3d884174079c,30957416,0,,False,5,/lustre/fs11/portfolios/edgeai/projects/edgeai_tao-ptm_image-foundation-model-clip/users/rarunachalam/results/8633a6d8-4e2d-453c-be09-9c51fa31be4b/results_dir/train/model_epoch_009_step_00440.pth,4ae6c228f942044b94f3d52312fcb697f1545389fad8b80a3c29798642a576d8,
seed_161803_rec_10,161803,1234,10,success,6,3,1.1000000000000001e-05,1.1000000000000001e-05,0.3857981269205332,66.59312150000001,66.73719344999999,0.07733699999999999,0.1569314999999989,0.001721796990699707,66.54663024999999,66.62361725,False,True,13,seed_1415367367_rec_0;seed_1415367367_rec_11;seed_1415367367_rec_12;seed_1415367367_rec_15;seed_1415367367_rec_16;seed_1415367367_rec_17;seed_1415367367_rec_18;seed_1415367367_rec_19;seed_1415367367_rec_2;seed_1415367367_rec_3;seed_1415367367_rec_5;seed_1415367367_rec_6;seed_1415367367_rec_7;seed_1455024938_rec_0;seed_1455024938_rec_11;seed_1455024938_rec_12;seed_1455024938_rec_16;seed_1455024938_rec_17;seed_1455024938_rec_18;seed_1455024938_rec_19;seed_1455024938_rec_3;seed_1455024938_rec_4;seed_1455024938_rec_5;seed_1455024938_rec_6;seed_1455024938_rec_7;seed_1455024938_rec_8;seed_161803_rec_0;seed_161803_rec_11;seed_161803_rec_12;seed_161803_rec_14;seed_161803_rec_15;seed_161803_rec_17;seed_161803_rec_18;seed_161803_rec_2;seed_161803_rec_3;seed_161803_rec_4;seed_161803_rec_5;seed_161803_rec_7;seed_161803_rec_8;seed_161803_rec_9;seed_271828_rec_1;seed_271828_rec_10;seed_271828_rec_11;seed_271828_rec_12;seed_271828_rec_15;seed_271828_rec_17;seed_271828_rec_18;seed_271828_rec_19;seed_271828_rec_3;seed_271828_rec_5;seed_271828_rec_6;seed_271828_rec_7;seed_271828_rec_8;seed_271828_rec_9;seed_314159_rec_1;seed_314159_rec_10;seed_314159_rec_13;seed_314159_rec_15;seed_314159_rec_16;seed_314159_rec_17;seed_314159_rec_18;seed_314159_rec_19;seed_314159_rec_2;seed_314159_rec_6;seed_314159_rec_7;seed_314159_rec_8;seed_314159_rec_9;seed_409976740_rec_0;seed_409976740_rec_1;seed_409976740_rec_11;seed_409976740_rec_12;seed_409976740_rec_13;seed_409976740_rec_17;seed_409976740_rec_19;seed_409976740_rec_3;seed_409976740_rec_4;seed_409976740_rec_5;seed_409976740_rec_6;seed_409976740_rec_7;seed_409976740_rec_9,13,seed_1415367367_rec_0;seed_1415367367_rec_11;seed_1415367367_rec_12;seed_1415367367_rec_15;seed_1415367367_rec_16;seed_1415367367_rec_17;seed_1415367367_rec_18;seed_1415367367_rec_19;seed_1415367367_rec_2;seed_1415367367_rec_3;seed_1415367367_rec_5;seed_1415367367_rec_6;seed_1415367367_rec_7;seed_1455024938_rec_0;seed_1455024938_rec_11;seed_1455024938_rec_12;seed_1455024938_rec_16;seed_1455024938_rec_17;seed_1455024938_rec_18;seed_1455024938_rec_19;seed_1455024938_rec_3;seed_1455024938_rec_4;seed_1455024938_rec_5;seed_1455024938_rec_6;seed_1455024938_rec_7;seed_1455024938_rec_8;seed_161803_rec_0;seed_161803_rec_11;seed_161803_rec_12;seed_161803_rec_14;seed_161803_rec_15;seed_161803_rec_17;seed_161803_rec_18;seed_161803_rec_2;seed_161803_rec_3;seed_161803_rec_4;seed_161803_rec_5;seed_161803_rec_7;seed_161803_rec_8;seed_161803_rec_9;seed_271828_rec_1;seed_271828_rec_10;seed_271828_rec_11;seed_271828_rec_12;seed_271828_rec_15;seed_271828_rec_17;seed_271828_rec_18;seed_271828_rec_19;seed_271828_rec_3;seed_271828_rec_5;seed_271828_rec_6;seed_271828_rec_7;seed_271828_rec_8;seed_271828_rec_9;seed_314159_rec_1;seed_314159_rec_10;seed_314159_rec_13;seed_314159_rec_15;seed_314159_rec_16;seed_314159_rec_17;seed_314159_rec_18;seed_314159_rec_19;seed_314159_rec_2;seed_314159_rec_6;seed_314159_rec_7;seed_314159_rec_8;seed_314159_rec_9;seed_409976740_rec_0;seed_409976740_rec_1;seed_409976740_rec_11;seed_409976740_rec_12;seed_409976740_rec_13;seed_409976740_rec_17;seed_409976740_rec_19;seed_409976740_rec_3;seed_409976740_rec_4;seed_409976740_rec_5;seed_409976740_rec_6;seed_409976740_rec_7;seed_409976740_rec_9,2.333087283470948,1.0255344276106266,1.1665453210463295,False,False,False,f58d1dd6-b819-4851-bcae-231f212dad8a,30963405,0,,False,5,0a313da4-40c3-4b68-8077-26c9025b54bd,30964374,0,,False,5,6ea3ce6b-4b6f-4058-a617-7d320c87a18e,30964778,0,,False,5,/lustre/fs11/portfolios/edgeai/projects/edgeai_tao-ptm_image-foundation-model-clip/users/rarunachalam/results/f58d1dd6-b819-4851-bcae-231f212dad8a/results_dir/train/model_epoch_009_step_00440.pth,cf77a3ef0f0d475de657fcadc4e4f88d9f88430a7a89d3064a83063166c278a3,
seed_161803_rec_11,161803,1234,11,success,5,3,0.0002684985944234011,0.0009485964192103246,0.5984845568353709,61.89238125,62.149561049999996,0.09910775000000172,0.207902500000003,0.002374074921378187,61.8307895,61.988498750000005,True,True,5,seed_1455024938_rec_7;seed_1455024938_rec_8;seed_271828_rec_1;seed_271828_rec_19;seed_271828_rec_6;seed_409976740_rec_12;seed_409976740_rec_3,5,seed_1455024938_rec_7;seed_1455024938_rec_8;seed_271828_rec_1;seed_271828_rec_19;seed_271828_rec_6;seed_409976740_rec_12;seed_409976740_rec_3,0.4926306510983808,0.6940739331014976,0.34703755990304086,False,False,False,72df5f18-da3b-40c5-9cee-2599770a8454,30965105,0,,False,5,89906be9-e18a-4288-b83d-4aa0b13eb0a9,30965533,0,,False,5,219a87d9-9f8f-4ad9-b471-8df33ae950f2,30965698,0,,False,5,/lustre/fs11/portfolios/edgeai/projects/edgeai_tao-ptm_image-foundation-model-clip/users/rarunachalam/results/72df5f18-da3b-40c5-9cee-2599770a8454/results_dir/train/model_epoch_009_step_00440.pth,cda7e3ccbb031320d625918941bd7f9ac095c26cdac210af91605f597c0b731b,
seed_161803_rec_12,161803,1234,12,success,3,5,0.00024962684684468685,0.0006066305410362497,0.5607754726645933,60.51118675,60.7231585,0.0989015000000002,0.20061400000000162,0.0024232108437370926,60.42897275,60.56869525,False,True,4,seed_1415367367_rec_3;seed_1455024938_rec_11;seed_1455024938_rec_17;seed_161803_rec_3;seed_271828_rec_19;seed_271828_rec_6;seed_314159_rec_9;seed_409976740_rec_9,4,seed_1415367367_rec_3;seed_1455024938_rec_11;seed_1455024938_rec_17;seed_161803_rec_3;seed_271828_rec_19;seed_271828_rec_6;seed_314159_rec_9;seed_409976740_rec_9,0.818941709545281,0.5966825888375196,0.4094715625847897,False,False,False,111e0b2b-96e2-4364-abcd-ac36e9751fdf,30966214,0,,False,5,f7891720-7236-4c55-92c1-2bc34359746c,30967701,0,,False,5,e5588d6a-5c67-4826-83d9-9b7c16ddf634,30968037,0,,False,5,/lustre/fs11/portfolios/edgeai/projects/edgeai_tao-ptm_image-foundation-model-clip/users/rarunachalam/results/111e0b2b-96e2-4364-abcd-ac36e9751fdf/results_dir/train/model_epoch_009_step_00440.pth,13ccc4482a73310f15f655316cb7d0e7de2c568f032ae43b7f38e5623cc1e520,
seed_161803_rec_13,161803,1234,13,success,3,6,1.1000000000000001e-05,0.00012679359566591052,0.3050856249448289,65.24652825,65.519609,0.11789475000000493,0.23935849999999448,0.0026789280753801224,65.130501,65.2940645,False,True,12,seed_1415367367_rec_11;seed_1415367367_rec_15;seed_1415367367_rec_17;seed_1415367367_rec_18;seed_1415367367_rec_2;seed_1415367367_rec_3;seed_1415367367_rec_5;seed_1415367367_rec_6;seed_1415367367_rec_7;seed_1455024938_rec_10;seed_1455024938_rec_11;seed_1455024938_rec_12;seed_1455024938_rec_16;seed_1455024938_rec_17;seed_1455024938_rec_18;seed_1455024938_rec_19;seed_1455024938_rec_3;seed_1455024938_rec_4;seed_1455024938_rec_5;seed_1455024938_rec_6;seed_1455024938_rec_7;seed_1455024938_rec_8;seed_161803_rec_0;seed_161803_rec_11;seed_161803_rec_12;seed_161803_rec_15;seed_161803_rec_17;seed_161803_rec_18;seed_161803_rec_3;seed_161803_rec_4;seed_161803_rec_5;seed_161803_rec_7;seed_161803_rec_8;seed_161803_rec_9;seed_271828_rec_1;seed_271828_rec_10;seed_271828_rec_12;seed_271828_rec_15;seed_271828_rec_17;seed_271828_rec_19;seed_271828_rec_3;seed_271828_rec_5;seed_271828_rec_6;seed_271828_rec_7;seed_271828_rec_9;seed_314159_rec_1;seed_314159_rec_10;seed_314159_rec_13;seed_314159_rec_15;seed_314159_rec_16;seed_314159_rec_6;seed_314159_rec_8;seed_314159_rec_9;seed_409976740_rec_1;seed_409976740_rec_12;seed_409976740_rec_13;seed_409976740_rec_17;seed_409976740_rec_18;seed_409976740_rec_3;seed_409976740_rec_5;seed_409976740_rec_9,12,seed_1415367367_rec_11;seed_1415367367_rec_15;seed_1415367367_rec_17;seed_1415367367_rec_18;seed_1415367367_rec_2;seed_1415367367_rec_3;seed_1415367367_rec_5;seed_1415367367_rec_6;seed_1415367367_rec_7;seed_1455024938_rec_10;seed_1455024938_rec_11;seed_1455024938_rec_12;seed_1455024938_rec_16;seed_1455024938_rec_17;seed_1455024938_rec_18;seed_1455024938_rec_19;seed_1455024938_rec_3;seed_1455024938_rec_4;seed_1455024938_rec_5;seed_1455024938_rec_6;seed_1455024938_rec_7;seed_1455024938_rec_8;seed_161803_rec_0;seed_161803_rec_11;seed_161803_rec_12;seed_161803_rec_15;seed_161803_rec_17;seed_161803_rec_18;seed_161803_rec_3;seed_161803_rec_4;seed_161803_rec_5;seed_161803_rec_7;seed_161803_rec_8;seed_161803_rec_9;seed_271828_rec_1;seed_271828_rec_10;seed_271828_rec_12;seed_271828_rec_15;seed_271828_rec_17;seed_271828_rec_19;seed_271828_rec_3;seed_271828_rec_5;seed_271828_rec_6;seed_271828_rec_7;seed_271828_rec_9;seed_314159_rec_1;seed_314159_rec_10;seed_314159_rec_13;seed_314159_rec_15;seed_314159_rec_16;seed_314159_rec_6;seed_314159_rec_8;seed_314159_rec_9;seed_409976740_rec_1;seed_409976740_rec_12;seed_409976740_rec_13;seed_409976740_rec_17;seed_409976740_rec_18;seed_409976740_rec_3;seed_409976740_rec_5;seed_409976740_rec_9,3.0315232844703974,0.9305829006574711,1.5157636232882912,False,False,False,5db65b20-df83-480f-a12a-3094caad71aa,30968216,0,,False,5,165d742d-0a19-4e31-8b00-3a6026cff275,30968676,0,,False,5,6b7fedb1-0bf6-4a0b-b92b-ff0acf3adf51,30968844,0,,False,5,/lustre/fs11/portfolios/edgeai/projects/edgeai_tao-ptm_image-foundation-model-clip/users/rarunachalam/results/5db65b20-df83-480f-a12a-3094caad71aa/results_dir/train/model_epoch_009_step_00440.pth,51ad5f7b1cef6ca7911c05adefbd4cac61cd9a333a3b376a1066085946d37687,
seed_161803_rec_14,161803,1234,14,success,6,3,0.00045,0.0007784663668118407,0.6503731411565659,66.58940949999999,66.9217075,0.09126249999999914,0.18958050000000526,0.0020319414681098614,66.539746,66.62343725,True,True,1,seed_271828_rec_18,1,seed_271828_rec_18,0.043618980741201664,1.0252726855678442,0.5126368772297553,False,False,False,418d1381-ad2c-4131-bc0b-554908cd47fc,30969099,0,,False,5,c8a7dd5b-7e64-4a3a-b4b8-5974f205d119,30969738,0,,False,5,79b07ad3-346b-40b1-885e-29c40ee6a038,30969924,0,,False,5,/lustre/fs11/portfolios/edgeai/projects/edgeai_tao-ptm_image-foundation-model-clip/users/rarunachalam/results/418d1381-ad2c-4131-bc0b-554908cd47fc/results_dir/train/model_epoch_009_step_00440.pth,867393fa62952b41b9f434268c227aa6ee7cb08df44dd0097601ac84f4f5c514,
seed_161803_rec_15,161803,1234,15,success,3,3,0.0004662258975438763,0.0004027148908248362,0.5585657123145856,52.325866250000004,52.529766550000005,0.08674200000000098,0.16722749999999564,0.0024577460139038106,52.30247125,52.4227,False,True,1,seed_1455024938_rec_17;seed_271828_rec_15,1,seed_1455024938_rec_17;seed_271828_rec_15,0.8380636069496145,0.019515964783849465,0.4190322322645931,False,False,False,0bb3c7ce-33f2-4f5f-843a-bdec1a5a04cc,30970224,0,,False,5,5bb55ea4-49a7-4442-b895-46ccf713a24a,30971443,0,,False,5,9117062e-af0b-4480-8aec-c69aff436e33,30971564,0,,False,5,/lustre/fs11/portfolios/edgeai/projects/edgeai_tao-ptm_image-foundation-model-clip/users/rarunachalam/results/0bb3c7ce-33f2-4f5f-843a-bdec1a5a04cc/results_dir/train/model_epoch_009_step_00440.pth,4dd0b04f4826cd676343b7d3c19b09cb626a4a4c70587f87ffd1afc4a3c6c626,
seed_161803_rec_16,161803,1234,16,success,3,4,1.1000000000000001e-05,0.0005887444947583944,0.24516113032364692,56.46002675,56.80340455,0.09855674999999664,0.19451249999999476,0.0025880299029435905,56.3920325,56.48205225,False,True,8,seed_1415367367_rec_18;seed_1415367367_rec_3;seed_1415367367_rec_7;seed_1455024938_rec_12;seed_1455024938_rec_17;seed_161803_rec_15;seed_161803_rec_17;seed_161803_rec_18;seed_161803_rec_5;seed_161803_rec_7;seed_271828_rec_10;seed_271828_rec_15;seed_271828_rec_3;seed_271828_rec_5;seed_271828_rec_9;seed_314159_rec_1;seed_314159_rec_10;seed_314159_rec_16;seed_409976740_rec_13;seed_409976740_rec_18;seed_409976740_rec_5,8,seed_1415367367_rec_18;seed_1415367367_rec_3;seed_1415367367_rec_7;seed_1455024938_rec_12;seed_1455024938_rec_17;seed_161803_rec_15;seed_161803_rec_17;seed_161803_rec_18;seed_161803_rec_5;seed_161803_rec_7;seed_271828_rec_10;seed_271828_rec_15;seed_271828_rec_3;seed_271828_rec_5;seed_271828_rec_9;seed_314159_rec_1;seed_314159_rec_10;seed_314159_rec_16;seed_409976740_rec_13;seed_409976740_rec_18;seed_409976740_rec_5,3.550072745342393,0.3110255591950921,1.7750383032203487,False,False,False,c89a2dcb-f23d-426f-b18e-c60e2df561e4,30971824,0,,False,5,4acf99f4-cadd-4a43-b4eb-70cbe9935a6a,30972556,0,,False,5,782f4b1d-66b0-485a-8b46-87024ad75a4c,30972747,0,,False,5,/lustre/fs11/portfolios/edgeai/projects/edgeai_tao-ptm_image-foundation-model-clip/users/rarunachalam/results/c89a2dcb-f23d-426f-b18e-c60e2df561e4/results_dir/train/model_epoch_009_step_00440.pth,31c19acd4a6f4c336b3bb8d08204c59c3587737a70e21a9f54ad28c6533aaece,
seed_161803_rec_17,161803,1234,17,success,3,3,0.0004137239694774212,0.0004155351609850492,0.5189410586254114,52.06582875,52.34656345,0.06829600000000013,0.1454854999999995,0.0019447620835191294,52.04040875,52.077171500000006,False,True,1,seed_271828_rec_3,1,seed_271828_rec_3,1.1809508175577754,0.0011800955894351569,0.5904759998443443,False,False,False,62c4618b-fb5f-4f08-a057-a2cab5f5d073,30972845,0,,False,5,efb7838b-4b83-46a4-8ff2-8856f4a0ba35,30973368,0,,False,5,c5ea4974-cfd5-4495-9303-03085743e2f7,30973614,0,,False,5,/lustre/fs11/portfolios/edgeai/projects/edgeai_tao-ptm_image-foundation-model-clip/users/rarunachalam/results/62c4618b-fb5f-4f08-a057-a2cab5f5d073/results_dir/train/model_epoch_009_step_00440.pth,13483b8c8893c7a7fc8319fc9c225987572879c29f97af272e13f7e19d556515,
seed_161803_rec_18,161803,1234,18,success,3,3,0.0003230696641703003,0.0009401130670142016,0.5481507932869331,52.13929525,52.3762605,0.1054797500000042,0.2195315000000022,0.002999355411310555,52.053386,52.187824,False,True,1,seed_271828_rec_15,1,seed_271828_rec_15,0.9281878655012371,0.006360395100742037,0.46409440002474883,False,False,False,9f7dc584-6767-430f-af71-ec0452de78f5,30973626,0,,False,5,10cb46aa-bab0-47d5-b389-bded35655ccd,30973985,0,,False,5,516d3b66-e31c-49e8-aeea-9fb0bbcacfb9,30974179,0,,False,5,/lustre/fs11/portfolios/edgeai/projects/edgeai_tao-ptm_image-foundation-model-clip/users/rarunachalam/results/9f7dc584-6767-430f-af71-ec0452de78f5/results_dir/train/model_epoch_009_step_00440.pth,4655d31598b0d636a0459c8c1f903214ed2f63e594abe57c7dcbec008a9e8068,
seed_161803_rec_19,161803,1234,19,success,6,6,0.00017589779877069415,0.0006023857870527973,0.5880638351234523,79.37313775,79.663423,0.07717225000000383,0.15934024999999963,0.001441489918294249,79.34684825,79.41669625,False,True,8,seed_1415367367_rec_14;seed_1415367367_rec_19;seed_1415367367_rec_2;seed_1415367367_rec_8;seed_1455024938_rec_1;seed_1455024938_rec_14;seed_1455024938_rec_16;seed_1455024938_rec_4;seed_1455024938_rec_7;seed_1455024938_rec_8;seed_161803_rec_11;seed_161803_rec_14;seed_271828_rec_1;seed_271828_rec_12;seed_271828_rec_13;seed_271828_rec_16;seed_271828_rec_18;seed_271828_rec_19;seed_271828_rec_6;seed_271828_rec_8;seed_314159_rec_11;seed_314159_rec_12;seed_314159_rec_17;seed_314159_rec_18;seed_314159_rec_4;seed_314159_rec_5;seed_314159_rec_7;seed_409976740_rec_10;seed_409976740_rec_11;seed_409976740_rec_12;seed_409976740_rec_17;seed_409976740_rec_3;seed_409976740_rec_4;seed_409976740_rec_6;seed_409976740_rec_7;seed_409976740_rec_8,8,seed_1415367367_rec_14;seed_1415367367_rec_19;seed_1415367367_rec_2;seed_1415367367_rec_8;seed_1455024938_rec_1;seed_1455024938_rec_14;seed_1455024938_rec_16;seed_1455024938_rec_4;seed_1455024938_rec_7;seed_1455024938_rec_8;seed_161803_rec_11;seed_161803_rec_14;seed_271828_rec_1;seed_271828_rec_12;seed_271828_rec_13;seed_271828_rec_16;seed_271828_rec_18;seed_271828_rec_19;seed_271828_rec_6;seed_271828_rec_8;seed_314159_rec_11;seed_314159_rec_12;seed_314159_rec_17;seed_314159_rec_18;seed_314159_rec_4;seed_314159_rec_5;seed_314159_rec_7;seed_409976740_rec_10;seed_409976740_rec_11;seed_409976740_rec_12;seed_409976740_rec_17;seed_409976740_rec_3;seed_409976740_rec_4;seed_409976740_rec_6;seed_409976740_rec_7;seed_409976740_rec_8,0.5828051224856196,1.926684093572215,0.9633433015307155,False,False,False,e66f8070-7cf1-4822-b7a9-2e229712b9b3,30974288,0,,False,5,7ddc392a-9224-4390-8593-4b903d23e11a,30974574,0,,False,5,6cac7d67-02b0-43d8-9a55-85a87c0b8419,30974810,0,,False,5,/lustre/fs11/portfolios/edgeai/projects/edgeai_tao-ptm_image-foundation-model-clip/users/rarunachalam/results/e66f8070-7cf1-4822-b7a9-2e229712b9b3/results_dir/train/model_epoch_009_step_00440.pth,7370e7b961bbbc4c076dfe4b1ca639ec175523af9cbfd9f3934beffa8138c004,
seed_161803_rec_2,161803,1234,2,success,4,5,0.00011443965835046119,0.0008389293930662631,0.5146082114188394,65.5497615,65.96043750000001,0.1298180000000002,0.35155474999999115,0.002936214600872351,65.5133085,65.7479085,False,True,8,seed_1415367367_rec_12;seed_1415367367_rec_17;seed_1415367367_rec_2;seed_1415367367_rec_3;seed_1415367367_rec_5;seed_1415367367_rec_7;seed_1455024938_rec_11;seed_1455024938_rec_16;seed_1455024938_rec_17;seed_1455024938_rec_3;seed_1455024938_rec_4;seed_1455024938_rec_7;seed_1455024938_rec_8;seed_161803_rec_0;seed_161803_rec_11;seed_161803_rec_12;seed_161803_rec_15;seed_161803_rec_17;seed_161803_rec_18;seed_161803_rec_3;seed_161803_rec_4;seed_161803_rec_5;seed_161803_rec_7;seed_161803_rec_8;seed_161803_rec_9;seed_271828_rec_1;seed_271828_rec_10;seed_271828_rec_12;seed_271828_rec_15;seed_271828_rec_17;seed_271828_rec_19;seed_271828_rec_3;seed_271828_rec_5;seed_271828_rec_6;seed_271828_rec_9;seed_314159_rec_1;seed_314159_rec_10;seed_314159_rec_13;seed_314159_rec_16;seed_314159_rec_9;seed_409976740_rec_12;seed_409976740_rec_13;seed_409976740_rec_17;seed_409976740_rec_3;seed_409976740_rec_9,8,seed_1415367367_rec_12;seed_1415367367_rec_17;seed_1415367367_rec_2;seed_1415367367_rec_3;seed_1415367367_rec_5;seed_1415367367_rec_7;seed_1455024938_rec_11;seed_1455024938_rec_16;seed_1455024938_rec_17;seed_1455024938_rec_3;seed_1455024938_rec_4;seed_1455024938_rec_7;seed_1455024938_rec_8;seed_161803_rec_0;seed_161803_rec_11;seed_161803_rec_12;seed_161803_rec_15;seed_161803_rec_17;seed_161803_rec_18;seed_161803_rec_3;seed_161803_rec_4;seed_161803_rec_5;seed_161803_rec_7;seed_161803_rec_8;seed_161803_rec_9;seed_271828_rec_1;seed_271828_rec_10;seed_271828_rec_12;seed_271828_rec_15;seed_271828_rec_17;seed_271828_rec_19;seed_271828_rec_3;seed_271828_rec_5;seed_271828_rec_6;seed_271828_rec_9;seed_314159_rec_1;seed_314159_rec_10;seed_314159_rec_13;seed_314159_rec_16;seed_314159_rec_9;seed_409976740_rec_12;seed_409976740_rec_13;seed_409976740_rec_17;seed_409976740_rec_3;seed_409976740_rec_9,1.2184445936373562,0.9519646060168795,0.609223382023278,False,False,False,14437782-3623-486a-8201-f400e0425144,30957508,0,,False,5,88eca395-b3cd-4a15-8cb1-36c7f28d97cc,30957784,0,,False,5,e6df827d-b549-44cc-8f21-6540395b5d63,30957831,0,,False,5,/lustre/fs11/portfolios/edgeai/projects/edgeai_tao-ptm_image-foundation-model-clip/users/rarunachalam/results/14437782-3623-486a-8201-f400e0425144/results_dir/train/model_epoch_009_step_00440.pth,e8f2b8b97fbf9d695889670252ef3adfdb995d421f16369af5928dd56cd79b61,
seed_161803_rec_3,161803,1234,3,success,4,3,0.00024240840108533996,1.1000000000000001e-05,0.585087593426202,57.24132175,57.445274950000005,0.09651700000000218,0.19750125000000196,0.0024998742136838102,57.1353845,57.29578975,False,True,2,seed_271828_rec_19;seed_271828_rec_6,2,seed_271828_rec_19;seed_271828_rec_6,0.6085596747315782,0.3661165476957882,0.3042803247039003,False,False,False,92b8b631-9000-4080-a274-a73c92acd734,30957993,0,,False,5,36cb458f-9e0d-49b1-a83a-5a18748979a1,30958252,0,,False,5,ccadaa3c-669e-4486-b75f-51706038ac47,30958389,0,,False,5,/lustre/fs11/portfolios/edgeai/projects/edgeai_tao-ptm_image-foundation-model-clip/users/rarunachalam/results/92b8b631-9000-4080-a274-a73c92acd734/results_dir/train/model_epoch_009_step_00440.pth,4dc572d1d43b82c8f8814b92621869d8943e79ec6a45cdc2c4438b00f7f4902f,
seed_161803_rec_4,161803,1234,4,success,3,5,0.0003556288785750765,1.1000000000000001e-05,0.530571016563574,61.2095875,61.69216195,0.11362349999999921,0.23820849999999893,0.002752153837011217,61.129572749999994,61.280609,False,True,5,seed_1415367367_rec_3;seed_1415367367_rec_5;seed_1455024938_rec_11;seed_1455024938_rec_17;seed_161803_rec_12;seed_161803_rec_15;seed_161803_rec_18;seed_161803_rec_3;seed_161803_rec_5;seed_271828_rec_10;seed_271828_rec_15;seed_271828_rec_19;seed_271828_rec_3;seed_271828_rec_5;seed_271828_rec_6;seed_271828_rec_9;seed_314159_rec_1;seed_314159_rec_10;seed_314159_rec_9;seed_409976740_rec_13;seed_409976740_rec_9,5,seed_1415367367_rec_3;seed_1415367367_rec_5;seed_1455024938_rec_11;seed_1455024938_rec_17;seed_161803_rec_12;seed_161803_rec_15;seed_161803_rec_18;seed_161803_rec_3;seed_161803_rec_5;seed_271828_rec_10;seed_271828_rec_15;seed_271828_rec_19;seed_271828_rec_3;seed_271828_rec_5;seed_271828_rec_6;seed_271828_rec_9;seed_314159_rec_1;seed_314159_rec_10;seed_314159_rec_9;seed_409976740_rec_13;seed_409976740_rec_9,1.0803123648361987,0.6459285045122998,0.540157045538534,False,False,False,c555e611-193f-44b3-b67e-2f47276c6435,30958493,0,,False,5,90e0eb57-1844-477b-b3ce-2e211fa29593,30958805,0,,False,5,24963474-f6b4-4d68-b37b-73b7ba3e529a,30959037,0,,False,5,/lustre/fs11/portfolios/edgeai/projects/edgeai_tao-ptm_image-foundation-model-clip/users/rarunachalam/results/c555e611-193f-44b3-b67e-2f47276c6435/results_dir/train/model_epoch_009_step_00440.pth,bf45f10b12ab2f1d5993a40752b069fb39e3a3a8d2023221b1a370c2f049be9b,
seed_161803_rec_5,161803,1234,5,success,3,3,0.00045,0.0007152414221498921,0.5335163241008113,52.287032499999995,53.0490875,0.14563950000000503,0.28957600000000383,0.004129611346752322,52.24410875,52.38086425,False,True,4,seed_1455024938_rec_17;seed_161803_rec_18;seed_271828_rec_10;seed_271828_rec_15;seed_271828_rec_3;seed_271828_rec_5;seed_271828_rec_9,4,seed_1455024938_rec_17;seed_161803_rec_18;seed_271828_rec_10;seed_271828_rec_15;seed_271828_rec_3;seed_271828_rec_5;seed_271828_rec_9,1.0548254976512268,0.01677770372408406,0.527413284627214,False,False,False,011dbbe0-2740-4eaf-a67e-2aca69c35486,30959163,0,,False,5,d8f1344b-6f52-467e-8c3e-500f897abb64,30959421,0,,False,5,12374dba-eac0-43db-85d3-cfedaba45e50,30959594,0,,False,5,/lustre/fs11/portfolios/edgeai/projects/edgeai_tao-ptm_image-foundation-model-clip/users/rarunachalam/results/011dbbe0-2740-4eaf-a67e-2aca69c35486/results_dir/train/model_epoch_009_step_00440.pth,fadac14b6b2df0291af89099ad3d21e3db200ce29d00ca04777b425b3d1e77fb,
seed_161803_rec_6,161803,1234,6,success,6,3,0.00012479149198942115,0.00018314874110030832,0.5712836532478843,66.61979275,67.00445495000001,0.09688649999999654,0.1914665000000042,0.0021561748989378966,66.578324,66.652558,False,True,9,seed_1415367367_rec_16;seed_1415367367_rec_19;seed_1415367367_rec_2;seed_1415367367_rec_3;seed_1455024938_rec_0;seed_1455024938_rec_16;seed_1455024938_rec_17;seed_1455024938_rec_3;seed_1455024938_rec_4;seed_1455024938_rec_7;seed_1455024938_rec_8;seed_161803_rec_11;seed_161803_rec_14;seed_161803_rec_3;seed_161803_rec_8;seed_271828_rec_1;seed_271828_rec_12;seed_271828_rec_17;seed_271828_rec_18;seed_271828_rec_19;seed_271828_rec_6;seed_271828_rec_8;seed_314159_rec_17;seed_314159_rec_18;seed_314159_rec_19;seed_314159_rec_7;seed_314159_rec_9;seed_409976740_rec_11;seed_409976740_rec_12;seed_409976740_rec_17;seed_409976740_rec_3;seed_409976740_rec_4;seed_409976740_rec_6;seed_409976740_rec_7,9,seed_1415367367_rec_16;seed_1415367367_rec_19;seed_1415367367_rec_2;seed_1415367367_rec_3;seed_1455024938_rec_0;seed_1455024938_rec_16;seed_1455024938_rec_17;seed_1455024938_rec_3;seed_1455024938_rec_4;seed_1455024938_rec_7;seed_1455024938_rec_8;seed_161803_rec_11;seed_161803_rec_14;seed_161803_rec_3;seed_161803_rec_8;seed_271828_rec_1;seed_271828_rec_12;seed_271828_rec_17;seed_271828_rec_18;seed_271828_rec_19;seed_271828_rec_6;seed_271828_rec_8;seed_314159_rec_17;seed_314159_rec_18;seed_314159_rec_19;seed_314159_rec_7;seed_314159_rec_9;seed_409976740_rec_11;seed_409976740_rec_12;seed_409976740_rec_17;seed_409976740_rec_3;seed_409976740_rec_4;seed_409976740_rec_6;seed_409976740_rec_7,0.7280104232547989,1.0274150815595817,0.5137084184925432,False,False,False,a319d942-1176-49cd-bc07-bb88c2cfb54c,30959883,0,,False,5,b4f5228f-0b16-49f8-9240-b9d26f49e34a,30960227,0,,False,5,21bc3a88-17f8-48fe-9448-a4f0125d907b,30960366,0,,False,5,/lustre/fs11/portfolios/edgeai/projects/edgeai_tao-ptm_image-foundation-model-clip/users/rarunachalam/results/a319d942-1176-49cd-bc07-bb88c2cfb54c/results_dir/train/model_epoch_009_step_00440.pth,42a5534ad39c5317736909615aeb3ab29b618fc4e539067a3df250053ef8e757,
seed_161803_rec_7,161803,1234,7,success,3,3,0.00041193916379915263,0.0002822306155890354,0.5298053616731744,52.33808325,52.501121049999995,0.09205275000000412,0.24800000000000466,0.0026076118702724202,52.231114,52.3553895,False,True,5,seed_1455024938_rec_17;seed_161803_rec_15;seed_161803_rec_18;seed_161803_rec_5;seed_271828_rec_10;seed_271828_rec_15;seed_271828_rec_3;seed_271828_rec_5;seed_271828_rec_9;seed_314159_rec_10,5,seed_1455024938_rec_17;seed_161803_rec_15;seed_161803_rec_18;seed_161803_rec_5;seed_271828_rec_10;seed_271828_rec_15;seed_271828_rec_3;seed_271828_rec_5;seed_271828_rec_9;seed_314159_rec_10,1.0869378680321886,0.020377414820663468,0.5434694876737357,False,False,False,ad803294-8796-4b52-bd9e-ffdfa5c839e6,30960466,0,,False,5,d052284f-36f3-48b2-972a-33deeda3cb9f,30960929,0,,False,5,d64a505a-5830-454f-9aed-1f387042118f,30961132,0,,False,5,/lustre/fs11/portfolios/edgeai/projects/edgeai_tao-ptm_image-foundation-model-clip/users/rarunachalam/results/ad803294-8796-4b52-bd9e-ffdfa5c839e6/results_dir/train/model_epoch_009_step_00440.pth,7d85f28b29202bda2767ad10bfb88786472f4d7577eccafe772e829f43f4c8f3,
seed_161803_rec_8,161803,1234,8,success,4,4,0.00045,0.0007280636459500239,0.580870432307355,61.2660045,61.54148905,0.16006399999999843,0.3210045000000008,0.003873451326501921,61.136717,61.3750745,False,True,3,seed_161803_rec_3;seed_271828_rec_19;seed_271828_rec_6,3,seed_161803_rec_3;seed_271828_rec_19;seed_271828_rec_6,0.6450523750607595,0.6499066027955909,0.32495394887728435,False,False,False,931a94f4-3d2c-4781-8741-a37fd97a6982,30961398,0,,False,5,8f80d8dc-9fc8-4640-aecf-0d0199cee8ee,30961890,0,,False,5,bac6a8f2-ab3e-458b-afca-c17b10b46319,30962055,0,,False,5,/lustre/fs11/portfolios/edgeai/projects/edgeai_tao-ptm_image-foundation-model-clip/users/rarunachalam/results/931a94f4-3d2c-4781-8741-a37fd97a6982/results_dir/train/model_epoch_009_step_00440.pth,0ea03942e79be83d7bcf4310cd5ca9bede83e23c587a6f8ccaa3dc687af6cc31,
seed_161803_rec_9,161803,1234,9,success,3,6,0.00045,6.930370367983633e-05,0.5542465901400749,64.86551850000001,65.102609,0.07949649999999764,0.1579940000000022,0.0018170133165588815,64.8327425,64.90368425,False,True,6,seed_1415367367_rec_2;seed_1415367367_rec_3;seed_1455024938_rec_11;seed_1455024938_rec_16;seed_1455024938_rec_17;seed_1455024938_rec_3;seed_1455024938_rec_4;seed_1455024938_rec_7;seed_1455024938_rec_8;seed_161803_rec_11;seed_161803_rec_12;seed_161803_rec_15;seed_161803_rec_3;seed_161803_rec_8;seed_271828_rec_1;seed_271828_rec_10;seed_271828_rec_12;seed_271828_rec_15;seed_271828_rec_17;seed_271828_rec_19;seed_271828_rec_6;seed_314159_rec_9;seed_409976740_rec_12;seed_409976740_rec_17;seed_409976740_rec_3;seed_409976740_rec_9,6,seed_1415367367_rec_2;seed_1415367367_rec_3;seed_1455024938_rec_11;seed_1455024938_rec_16;seed_1455024938_rec_17;seed_1455024938_rec_3;seed_1455024938_rec_4;seed_1455024938_rec_7;seed_1455024938_rec_8;seed_161803_rec_11;seed_161803_rec_12;seed_161803_rec_15;seed_161803_rec_3;seed_161803_rec_8;seed_271828_rec_1;seed_271828_rec_10;seed_271828_rec_12;seed_271828_rec_15;seed_271828_rec_17;seed_271828_rec_19;seed_271828_rec_6;seed_314159_rec_9;seed_409976740_rec_12;seed_409976740_rec_17;seed_409976740_rec_3;seed_409976740_rec_9,0.8754386151026431,0.9037169873265236,0.451859383241063,False,False,False,afeab0ce-531d-4d67-8e7b-9f0e8853b5c4,30962276,0,,False,5,ad216193-0d50-449e-9c4a-303965ca13be,30962922,0,,False,5,5d63090d-86b3-4959-8d34-fa9180343133,30963212,0,,False,5,/lustre/fs11/portfolios/edgeai/projects/edgeai_tao-ptm_image-foundation-model-clip/users/rarunachalam/results/afeab0ce-531d-4d67-8e7b-9f0e8853b5c4/results_dir/train/model_epoch_009_step_00440.pth,b71de2423abf98423801859fe8db67c2fab5558e51c5749c06bc151a5cd2e408,
seed_271828_rec_0,271828,1234,0,success,6,6,4.59777499171801e-05,0.0006077207436969115,0.5140622451913158,79.26377375000001,79.58547200000001,0.15291124999998118,0.3221730000000065,0.002860149202143836,79.1590035,79.3638015,False,True,13,seed_1415367367_rec_0;seed_1415367367_rec_10;seed_1415367367_rec_12;seed_1415367367_rec_13;seed_1415367367_rec_14;seed_1415367367_rec_16;seed_1415367367_rec_17;seed_1415367367_rec_19;seed_1415367367_rec_2;seed_1415367367_rec_3;seed_1415367367_rec_4;seed_1415367367_rec_5;seed_1415367367_rec_7;seed_1415367367_rec_8;seed_1415367367_rec_9;seed_1455024938_rec_0;seed_1455024938_rec_1;seed_1455024938_rec_11;seed_1455024938_rec_13;seed_1455024938_rec_14;seed_1455024938_rec_16;seed_1455024938_rec_17;seed_1455024938_rec_2;seed_1455024938_rec_3;seed_1455024938_rec_4;seed_1455024938_rec_7;seed_1455024938_rec_8;seed_161803_rec_0;seed_161803_rec_1;seed_161803_rec_11;seed_161803_rec_12;seed_161803_rec_14;seed_161803_rec_15;seed_161803_rec_17;seed_161803_rec_18;seed_161803_rec_2;seed_161803_rec_3;seed_161803_rec_4;seed_161803_rec_5;seed_161803_rec_6;seed_161803_rec_7;seed_161803_rec_8;seed_161803_rec_9;seed_271828_rec_1;seed_271828_rec_10;seed_271828_rec_12;seed_271828_rec_13;seed_271828_rec_15;seed_271828_rec_16;seed_271828_rec_17;seed_271828_rec_18;seed_271828_rec_19;seed_271828_rec_2;seed_271828_rec_3;seed_271828_rec_4;seed_271828_rec_5;seed_271828_rec_6;seed_271828_rec_8;seed_271828_rec_9;seed_314159_rec_0;seed_314159_rec_1;seed_314159_rec_10;seed_314159_rec_11;seed_314159_rec_12;seed_314159_rec_13;seed_314159_rec_14;seed_314159_rec_16;seed_314159_rec_17;seed_314159_rec_18;seed_314159_rec_19;seed_314159_rec_4;seed_314159_rec_5;seed_314159_rec_7;seed_314159_rec_9;seed_409976740_rec_10;seed_409976740_rec_11;seed_409976740_rec_12;seed_409976740_rec_13;seed_409976740_rec_14;seed_409976740_rec_15;seed_409976740_rec_17;seed_409976740_rec_2;seed_409976740_rec_3;seed_409976740_rec_4;seed_409976740_rec_6;seed_409976740_rec_7;seed_409976740_rec_8;seed_409976740_rec_9,13,seed_1415367367_rec_0;seed_1415367367_rec_10;seed_1415367367_rec_12;seed_1415367367_rec_13;seed_1415367367_rec_14;seed_1415367367_rec_16;seed_1415367367_rec_17;seed_1415367367_rec_19;seed_1415367367_rec_2;seed_1415367367_rec_3;seed_1415367367_rec_4;seed_1415367367_rec_5;seed_1415367367_rec_7;seed_1415367367_rec_8;seed_1415367367_rec_9;seed_1455024938_rec_0;seed_1455024938_rec_1;seed_1455024938_rec_11;seed_1455024938_rec_13;seed_1455024938_rec_14;seed_1455024938_rec_16;seed_1455024938_rec_17;seed_1455024938_rec_2;seed_1455024938_rec_3;seed_1455024938_rec_4;seed_1455024938_rec_7;seed_1455024938_rec_8;seed_161803_rec_0;seed_161803_rec_1;seed_161803_rec_11;seed_161803_rec_12;seed_161803_rec_14;seed_161803_rec_15;seed_161803_rec_17;seed_161803_rec_18;seed_161803_rec_2;seed_161803_rec_3;seed_161803_rec_4;seed_161803_rec_5;seed_161803_rec_6;seed_161803_rec_7;seed_161803_rec_8;seed_161803_rec_9;seed_271828_rec_1;seed_271828_rec_10;seed_271828_rec_12;seed_271828_rec_13;seed_271828_rec_15;seed_271828_rec_16;seed_271828_rec_17;seed_271828_rec_18;seed_271828_rec_19;seed_271828_rec_2;seed_271828_rec_3;seed_271828_rec_4;seed_271828_rec_5;seed_271828_rec_6;seed_271828_rec_8;seed_271828_rec_9;seed_314159_rec_0;seed_314159_rec_1;seed_314159_rec_10;seed_314159_rec_11;seed_314159_rec_12;seed_314159_rec_13;seed_314159_rec_14;seed_314159_rec_16;seed_314159_rec_17;seed_314159_rec_18;seed_314159_rec_19;seed_314159_rec_4;seed_314159_rec_5;seed_314159_rec_7;seed_314159_rec_9;seed_409976740_rec_10;seed_409976740_rec_11;seed_409976740_rec_12;seed_409976740_rec_13;seed_409976740_rec_14;seed_409976740_rec_15;seed_409976740_rec_17;seed_409976740_rec_2;seed_409976740_rec_3;seed_409976740_rec_4;seed_409976740_rec_6;seed_409976740_rec_7;seed_409976740_rec_8;seed_409976740_rec_9,1.2231690472139174,1.9189725750467037,0.959487858594163,False,False,False,cefd45b8-cb08-4ba3-a4f0-ca39b2d4f85d,30955313,0,,False,5,6289c304-1a6b-40d7-a14c-28db0e9a5e08,30955721,0,,False,5,dc0442a1-6c24-447a-adcd-e425b8f07bed,30955883,0,,False,5,/lustre/fs11/portfolios/edgeai/projects/edgeai_tao-ptm_image-foundation-model-clip/users/rarunachalam/results/cefd45b8-cb08-4ba3-a4f0-ca39b2d4f85d/results_dir/train/model_epoch_009_step_00440.pth,99fdd31026dc6d616f32e68f3aa5ee5e759b731c4b9e998d583c99b50e83d650,
seed_271828_rec_1,271828,1234,1,success,5,3,0.0004417551531468059,0.0004796687699134978,0.6044653164228678,61.82193,62.0668055,0.08563599999999738,0.16950549999999964,0.002053703816752342,61.79774925,61.8862685,True,True,3,seed_1455024938_rec_7;seed_1455024938_rec_8;seed_271828_rec_19;seed_409976740_rec_3,3,seed_1455024938_rec_7;seed_1455024938_rec_8;seed_271828_rec_19;seed_409976740_rec_3,0.440876861945768,0.6891062461156477,0.3445536880493779,False,False,False,ebfc2a5f-5e1a-42f9-889c-c399b7075b1f,30956154,0,,False,5,46fbda9b-19ba-4a19-bd19-be60d1125608,30956572,0,,False,5,0d893507-c3d8-4b69-b6f0-47bc1004c359,30957506,0,,False,5,/lustre/fs11/portfolios/edgeai/projects/edgeai_tao-ptm_image-foundation-model-clip/users/rarunachalam/results/ebfc2a5f-5e1a-42f9-889c-c399b7075b1f/results_dir/train/model_epoch_009_step_00440.pth,0e85dc491fb274bf1a831aba47146b9451989c8ecd489306dc47893c1867d35b,
seed_271828_rec_10,271828,1234,10,success,3,3,0.00045,1.1000000000000001e-05,0.5557698152865863,52.26119725,52.491550049999994,0.12237349999999836,0.24458775000000088,0.003471618727601912,52.17981475,52.28973275,False,True,1,seed_1455024938_rec_17;seed_271828_rec_15,1,seed_1455024938_rec_17;seed_271828_rec_15,0.8622575681283906,0.01495599814467779,0.4311292226709784,False,False,False,b135b152-9f56-41c5-8369-6882bd80ac3a,30964078,0,,False,5,8c67ecdd-884a-4ff1-b275-e50d8e69b636,30964867,0,,False,5,bb661661-1c5f-4456-bc8d-bf106c381418,30965110,0,,False,5,/lustre/fs11/portfolios/edgeai/projects/edgeai_tao-ptm_image-foundation-model-clip/users/rarunachalam/results/b135b152-9f56-41c5-8369-6882bd80ac3a/results_dir/train/model_epoch_009_step_00440.pth,72c912b1bda969699d3aea111c3e3942987c03073ec374ddc2504dc681aeab81,
seed_271828_rec_11,271828,1234,11,success,3,6,0.00045,1.1000000000000001e-05,0.5131015716735464,65.43014475000001,65.700018,0.1268024999999966,0.25446175000000437,0.0028732534096983626,65.31245025000001,65.47163549999999,False,True,9,seed_1415367367_rec_12;seed_1415367367_rec_17;seed_1415367367_rec_2;seed_1415367367_rec_3;seed_1415367367_rec_5;seed_1415367367_rec_7;seed_1455024938_rec_11;seed_1455024938_rec_16;seed_1455024938_rec_17;seed_1455024938_rec_18;seed_1455024938_rec_3;seed_1455024938_rec_4;seed_1455024938_rec_7;seed_1455024938_rec_8;seed_161803_rec_0;seed_161803_rec_11;seed_161803_rec_12;seed_161803_rec_15;seed_161803_rec_17;seed_161803_rec_18;seed_161803_rec_3;seed_161803_rec_4;seed_161803_rec_5;seed_161803_rec_7;seed_161803_rec_8;seed_161803_rec_9;seed_271828_rec_1;seed_271828_rec_10;seed_271828_rec_12;seed_271828_rec_15;seed_271828_rec_17;seed_271828_rec_19;seed_271828_rec_3;seed_271828_rec_5;seed_271828_rec_6;seed_271828_rec_9;seed_314159_rec_1;seed_314159_rec_10;seed_314159_rec_13;seed_314159_rec_16;seed_314159_rec_9;seed_409976740_rec_1;seed_409976740_rec_12;seed_409976740_rec_13;seed_409976740_rec_17;seed_409976740_rec_3;seed_409976740_rec_9,9,seed_1415367367_rec_12;seed_1415367367_rec_17;seed_1415367367_rec_2;seed_1415367367_rec_3;seed_1415367367_rec_5;seed_1415367367_rec_7;seed_1455024938_rec_11;seed_1455024938_rec_16;seed_1455024938_rec_17;seed_1455024938_rec_18;seed_1455024938_rec_3;seed_1455024938_rec_4;seed_1455024938_rec_7;seed_1455024938_rec_8;seed_161803_rec_0;seed_161803_rec_11;seed_161803_rec_12;seed_161803_rec_15;seed_161803_rec_17;seed_161803_rec_18;seed_161803_rec_3;seed_161803_rec_4;seed_161803_rec_5;seed_161803_rec_7;seed_161803_rec_8;seed_161803_rec_9;seed_271828_rec_1;seed_271828_rec_10;seed_271828_rec_12;seed_271828_rec_15;seed_271828_rec_17;seed_271828_rec_19;seed_271828_rec_3;seed_271828_rec_5;seed_271828_rec_6;seed_271828_rec_9;seed_314159_rec_1;seed_314159_rec_10;seed_314159_rec_13;seed_314159_rec_16;seed_314159_rec_9;seed_409976740_rec_1;seed_409976740_rec_12;seed_409976740_rec_13;seed_409976740_rec_17;seed_409976740_rec_3;seed_409976740_rec_9,1.2314821208220048,0.9435301414436514,0.6157421479171336,False,False,False,02f6bf46-be6f-4ba6-9c48-37794476bdf6,30965534,0,,False,5,5cbd8fde-c7b6-4a8a-98b3-6bf57276fb79,30966932,0,,False,5,b1bcb8f1-8924-403c-a668-2b9f4af34079,30967610,0,,False,5,/lustre/fs11/portfolios/edgeai/projects/edgeai_tao-ptm_image-foundation-model-clip/users/rarunachalam/results/02f6bf46-be6f-4ba6-9c48-37794476bdf6/results_dir/train/model_epoch_009_step_00440.pth,c5207f639c699ce335796331117eb0886583569d499a27aa0a32d67ce1fe614e,
seed_271828_rec_12,271828,1234,12,success,5,3,0.00045,0.0009,0.5924694360231197,61.770416749999995,61.930805,0.06519600000000025,0.13096399999999875,0.0015648200981257,61.74224375,61.799415249999996,True,True,3,seed_1455024938_rec_8;seed_271828_rec_19;seed_271828_rec_6;seed_409976740_rec_3,3,seed_1455024938_rec_8;seed_271828_rec_19;seed_271828_rec_6;seed_409976740_rec_3,0.5446817810076221,0.685473923032326,0.34273757659401505,False,False,False,65a92c24-967d-4ac3-adb6-0fcb2c05367d,30967820,0,,False,5,c8d6c76b-dd33-4b61-8214-f274d79e343d,30968433,0,,False,5,bd5e34db-4e38-4e0c-b34b-46879cc0a30d,30968649,0,,False,5,/lustre/fs11/portfolios/edgeai/projects/edgeai_tao-ptm_image-foundation-model-clip/users/rarunachalam/results/65a92c24-967d-4ac3-adb6-0fcb2c05367d/results_dir/train/model_epoch_009_step_00440.pth,fb663b980319b0b59bc6810a38ad0b9c6a16e16fc23722de82dba6283edded21,
seed_271828_rec_13,271828,1234,13,success,6,3,0.0003409813457951682,0.00037590573325465534,0.6388208734864198,66.6654645,66.9667695,0.10486700000000582,0.20982474999999567,0.00233217926802278,66.595203,66.71631525000001,True,True,2,seed_161803_rec_14;seed_271828_rec_18,2,seed_161803_rec_14;seed_271828_rec_18,0.14358515000257316,1.030635506436301,0.5153183403284788,False,False,False,00994279-aa56-4943-96da-b176710b5b9c,30968805,0,,False,5,581141bd-960c-42f2-9340-1fb7c6f909b9,30969403,0,,False,5,85fe2418-5821-4ca3-b710-9bfcb55928be,30969688,0,,False,5,/lustre/fs11/portfolios/edgeai/projects/edgeai_tao-ptm_image-foundation-model-clip/users/rarunachalam/results/00994279-aa56-4943-96da-b176710b5b9c/results_dir/train/model_epoch_009_step_00440.pth,0b600e6dc5fa63a406b2f6fa3131746f9946ebe65a66a5069b80d94720f87b3e,
seed_271828_rec_14,271828,1234,14,success,6,6,0.00045,0.0009,0.5790024762594287,79.4215175,79.70750505,0.08426100000000503,0.17125799999999458,0.0015729409677926068,79.39003925,79.4631355,False,True,10,seed_1415367367_rec_13;seed_1415367367_rec_14;seed_1415367367_rec_19;seed_1415367367_rec_2;seed_1415367367_rec_4;seed_1415367367_rec_8;seed_1455024938_rec_1;seed_1455024938_rec_14;seed_1455024938_rec_16;seed_1455024938_rec_2;seed_1455024938_rec_3;seed_1455024938_rec_4;seed_1455024938_rec_7;seed_1455024938_rec_8;seed_161803_rec_11;seed_161803_rec_14;seed_161803_rec_19;seed_161803_rec_3;seed_161803_rec_8;seed_271828_rec_1;seed_271828_rec_12;seed_271828_rec_13;seed_271828_rec_16;seed_271828_rec_17;seed_271828_rec_18;seed_271828_rec_19;seed_271828_rec_6;seed_271828_rec_8;seed_314159_rec_11;seed_314159_rec_12;seed_314159_rec_14;seed_314159_rec_17;seed_314159_rec_18;seed_314159_rec_4;seed_314159_rec_5;seed_314159_rec_7;seed_314159_rec_9;seed_409976740_rec_10;seed_409976740_rec_11;seed_409976740_rec_12;seed_409976740_rec_14;seed_409976740_rec_15;seed_409976740_rec_17;seed_409976740_rec_3;seed_409976740_rec_4;seed_409976740_rec_6;seed_409976740_rec_7;seed_409976740_rec_8,10,seed_1415367367_rec_13;seed_1415367367_rec_14;seed_1415367367_rec_19;seed_1415367367_rec_2;seed_1415367367_rec_4;seed_1415367367_rec_8;seed_1455024938_rec_1;seed_1455024938_rec_14;seed_1455024938_rec_16;seed_1455024938_rec_2;seed_1455024938_rec_3;seed_1455024938_rec_4;seed_1455024938_rec_7;seed_1455024938_rec_8;seed_161803_rec_11;seed_161803_rec_14;seed_161803_rec_19;seed_161803_rec_3;seed_161803_rec_8;seed_271828_rec_1;seed_271828_rec_12;seed_271828_rec_13;seed_271828_rec_16;seed_271828_rec_17;seed_271828_rec_18;seed_271828_rec_19;seed_271828_rec_6;seed_271828_rec_8;seed_314159_rec_11;seed_314159_rec_12;seed_314159_rec_14;seed_314159_rec_17;seed_314159_rec_18;seed_314159_rec_4;seed_314159_rec_5;seed_314159_rec_7;seed_314159_rec_9;seed_409976740_rec_10;seed_409976740_rec_11;seed_409976740_rec_12;seed_409976740_rec_14;seed_409976740_rec_15;seed_409976740_rec_17;seed_409976740_rec_3;seed_409976740_rec_4;seed_409976740_rec_6;seed_409976740_rec_7;seed_409976740_rec_8,0.6612165097390418,1.9300954660383338,0.9650490286751549,False,False,False,2f00ed81-fe31-411d-b133-2d47b9d45e80,30969756,0,,False,5,573111dd-6064-4a2f-b0e3-3a651023cd5d,30970691,0,,False,5,8dd3d462-6217-4747-b13a-1bc2750c8f86,30971125,0,,False,5,/lustre/fs11/portfolios/edgeai/projects/edgeai_tao-ptm_image-foundation-model-clip/users/rarunachalam/results/2f00ed81-fe31-411d-b133-2d47b9d45e80/results_dir/train/model_epoch_009_step_00440.pth,7d9c449348f2fc5b42380e9db6a3f423ba00be972b351b053aaf5a24003a304f,
seed_271828_rec_15,271828,1234,15,success,3,3,0.0004560144015085677,0.0008350193861096457,0.5606606395568864,52.0782885,52.351142,0.07303750000000164,0.15044174999999882,0.002079281032824311,52.05066275,52.12603775,False,True,0,,0,,0.8199354041349156,0.002058662512263835,0.40996811306449116,False,False,False,bfbd299e-1309-4bc5-8a1b-b7b1300452f7,30971444,0,,False,5,275867f7-fd2d-4c74-a163-c5efd21f6a1c,30971956,0,,False,5,717cd4eb-81bf-4df8-a374-dade6ebe70cd,30972240,0,,False,5,/lustre/fs11/portfolios/edgeai/projects/edgeai_tao-ptm_image-foundation-model-clip/users/rarunachalam/results/bfbd299e-1309-4bc5-8a1b-b7b1300452f7/results_dir/train/model_epoch_009_step_00440.pth,96f31c0834d671d64debafdad4c310731e16cee89bd77bfc8a8003971972e467,
seed_271828_rec_16,271828,1234,16,success,6,3,0.0003007572504594793,1.1000000000000001e-05,0.6544218576499151,66.82186425,67.0504435,0.10689974999999663,0.20638999999999896,0.0023718220245553083,66.785156,66.87998275,True,True,1,seed_271828_rec_18,1,seed_271828_rec_18,0.008583895871120805,1.0416636287572707,0.5208323395023977,False,False,False,92d8f699-a780-4229-94ba-3520806d75da,30972522,0,,False,5,3f696df0-a24e-4508-9e47-45f9bf3e80e9,30973023,0,,False,5,670a316e-acd8-42c4-88bd-e74aeded9671,30973151,0,,False,5,/lustre/fs11/portfolios/edgeai/projects/edgeai_tao-ptm_image-foundation-model-clip/users/rarunachalam/results/92d8f699-a780-4229-94ba-3520806d75da/results_dir/train/model_epoch_009_step_00440.pth,4b5ff50181ff919a2796cdd54027fff92eb57c908701a34408d29136d5565b4d,
seed_271828_rec_17,271828,1234,17,success,5,3,0.00045,1.1000000000000001e-05,0.5803046876147155,61.61185975,61.8523905,0.10302649999999858,0.20704899999999782,0.002479183220889512,61.55816175,61.686376499999994,False,True,4,seed_1455024938_rec_16;seed_161803_rec_3;seed_161803_rec_8;seed_271828_rec_19;seed_271828_rec_6;seed_314159_rec_9;seed_409976740_rec_3,4,seed_1455024938_rec_16;seed_161803_rec_3;seed_161803_rec_8;seed_271828_rec_19;seed_271828_rec_6;seed_314159_rec_9;seed_409976740_rec_3,0.6499479792241978,0.6742936878283319,0.3371475060349995,False,False,False,53a1ae87-3aa2-41e5-9e24-01b461cbf0a8,30973398,0,,False,5,e4df2b7c-4ae5-49cf-a77c-fe581fac111d,30973830,0,,False,5,a8fbaf6a-a81c-4baa-8030-ca24b1425991,30973972,0,,False,5,/lustre/fs11/portfolios/edgeai/projects/edgeai_tao-ptm_image-foundation-model-clip/users/rarunachalam/results/53a1ae87-3aa2-41e5-9e24-01b461cbf0a8/results_dir/train/model_epoch_009_step_00440.pth,329feed6df2c8534387b347f22c20d749305a4c3a627817a52c2ecf2eec9d8f7,
seed_271828_rec_18,271828,1234,18,success,6,3,0.00045,0.0001962863874708991,0.6554138278683255,66.23099475000001,66.59742,0.11910974999999269,0.24108624999999506,0.0026663062515755002,66.19958449999999,66.26569825000001,True,True,0,,0,,0.0,1.0,0.5000005,True,False,False,92f91653-2db6-479d-9de3-7b2294f23277,30974013,0,,False,5,a504c26b-276d-4591-94c9-c57dd338b76d,30974318,0,,False,5,b47831fd-9f90-4384-800e-28b471bbfd75,30974460,0,,False,5,/lustre/fs11/portfolios/edgeai/projects/edgeai_tao-ptm_image-foundation-model-clip/users/rarunachalam/results/92f91653-2db6-479d-9de3-7b2294f23277/results_dir/train/model_epoch_009_step_00440.pth,3567663462c6ddcb98b2372832d359831a11debf10cc0da60f68ef9d8345ee4b,
seed_271828_rec_19,271828,1234,19,success,4,3,0.00045,0.0006630648780334237,0.6175134981289873,57.146624,57.362505999999996,0.08395600000000059,0.16272475000000242,0.0021781368152211556,57.117206249999995,57.19984475,True,True,0,,0,,0.32796597914499104,0.3594391817120158,0.1797199345585883,False,True,True,66857ab9-f992-4f2c-a1cb-b18cd441ccae,30974584,0,,False,5,74581ded-5b44-44af-8e47-6f1fcfbcd6d4,30975189,0,,False,5,b9aaee86-9262-4e21-81ba-1058289d6e78,30975512,0,,False,5,/lustre/fs11/portfolios/edgeai/projects/edgeai_tao-ptm_image-foundation-model-clip/users/rarunachalam/results/66857ab9-f992-4f2c-a1cb-b18cd441ccae/results_dir/train/model_epoch_009_step_00440.pth,f553478b110ce22d472de46d6ff098528c44a3d33a162e3d6f8ad24e45907a5c,
seed_271828_rec_2,271828,1234,2,success,6,4,4.507647103898838e-05,0.0005017054111366341,0.5173866525337586,70.62054175,71.07720145,0.08689425000000028,0.2565385000000049,0.0018242484673377688,70.57914875,70.65851775,False,True,12,seed_1415367367_rec_0;seed_1415367367_rec_10;seed_1415367367_rec_12;seed_1415367367_rec_16;seed_1415367367_rec_19;seed_1415367367_rec_2;seed_1415367367_rec_3;seed_1415367367_rec_5;seed_1415367367_rec_7;seed_1415367367_rec_8;seed_1455024938_rec_0;seed_1455024938_rec_1;seed_1455024938_rec_11;seed_1455024938_rec_16;seed_1455024938_rec_17;seed_1455024938_rec_3;seed_1455024938_rec_4;seed_1455024938_rec_7;seed_1455024938_rec_8;seed_161803_rec_0;seed_161803_rec_1;seed_161803_rec_11;seed_161803_rec_12;seed_161803_rec_14;seed_161803_rec_15;seed_161803_rec_17;seed_161803_rec_18;seed_161803_rec_3;seed_161803_rec_4;seed_161803_rec_5;seed_161803_rec_6;seed_161803_rec_7;seed_161803_rec_8;seed_161803_rec_9;seed_271828_rec_1;seed_271828_rec_10;seed_271828_rec_12;seed_271828_rec_13;seed_271828_rec_15;seed_271828_rec_16;seed_271828_rec_17;seed_271828_rec_18;seed_271828_rec_19;seed_271828_rec_3;seed_271828_rec_4;seed_271828_rec_5;seed_271828_rec_6;seed_271828_rec_8;seed_271828_rec_9;seed_314159_rec_1;seed_314159_rec_10;seed_314159_rec_12;seed_314159_rec_13;seed_314159_rec_14;seed_314159_rec_16;seed_314159_rec_17;seed_314159_rec_18;seed_314159_rec_19;seed_314159_rec_4;seed_314159_rec_7;seed_314159_rec_9;seed_409976740_rec_11;seed_409976740_rec_12;seed_409976740_rec_13;seed_409976740_rec_14;seed_409976740_rec_15;seed_409976740_rec_17;seed_409976740_rec_3;seed_409976740_rec_4;seed_409976740_rec_6;seed_409976740_rec_7;seed_409976740_rec_9,12,seed_1415367367_rec_0;seed_1415367367_rec_10;seed_1415367367_rec_12;seed_1415367367_rec_16;seed_1415367367_rec_19;seed_1415367367_rec_2;seed_1415367367_rec_3;seed_1415367367_rec_5;seed_1415367367_rec_7;seed_1415367367_rec_8;seed_1455024938_rec_0;seed_1455024938_rec_1;seed_1455024938_rec_11;seed_1455024938_rec_16;seed_1455024938_rec_17;seed_1455024938_rec_3;seed_1455024938_rec_4;seed_1455024938_rec_7;seed_1455024938_rec_8;seed_161803_rec_0;seed_161803_rec_1;seed_161803_rec_11;seed_161803_rec_12;seed_161803_rec_14;seed_161803_rec_15;seed_161803_rec_17;seed_161803_rec_18;seed_161803_rec_3;seed_161803_rec_4;seed_161803_rec_5;seed_161803_rec_6;seed_161803_rec_7;seed_161803_rec_8;seed_161803_rec_9;seed_271828_rec_1;seed_271828_rec_10;seed_271828_rec_12;seed_271828_rec_13;seed_271828_rec_15;seed_271828_rec_16;seed_271828_rec_17;seed_271828_rec_18;seed_271828_rec_19;seed_271828_rec_3;seed_271828_rec_4;seed_271828_rec_5;seed_271828_rec_6;seed_271828_rec_8;seed_271828_rec_9;seed_314159_rec_1;seed_314159_rec_10;seed_314159_rec_12;seed_314159_rec_13;seed_314159_rec_14;seed_314159_rec_16;seed_314159_rec_17;seed_314159_rec_18;seed_314159_rec_19;seed_314159_rec_4;seed_314159_rec_7;seed_314159_rec_9;seed_409976740_rec_11;seed_409976740_rec_12;seed_409976740_rec_13;seed_409976740_rec_14;seed_409976740_rec_15;seed_409976740_rec_17;seed_409976740_rec_3;seed_409976740_rec_4;seed_409976740_rec_6;seed_409976740_rec_7;seed_409976740_rec_9,1.194401685118664,1.309517510415739,0.6547600071674673,False,False,False,63771047-4c8a-41cf-9922-00fb69bfd878,30957531,0,,False,5,977f0766-958e-42cb-ac9e-a0e858c0c62c,30957823,0,,False,5,7eefd500-a464-4130-972b-09079c64688f,30957959,0,,False,5,/lustre/fs11/portfolios/edgeai/projects/edgeai_tao-ptm_image-foundation-model-clip/users/rarunachalam/results/63771047-4c8a-41cf-9922-00fb69bfd878/results_dir/train/model_epoch_009_step_00440.pth,f5f5a82c2e9a510ce4f94ee823fad2486d554b3f9b16f469057ab70be3c4b7f1,
seed_271828_rec_3,271828,1234,3,success,3,3,0.00026554662395385974,1.0000000000000028e-05,0.5398520557657904,52.04909275,52.27028595,0.09033925000000309,0.17970150000000018,0.0025732815880831,52.022881500000004,52.101604249999994,False,True,0,,0,,1.0,0.0,0.5000005,False,False,False,f6213fde-8e5f-4e90-8bb4-7e1644c2ad42,30958034,0,,False,5,1bdb63d4-82f7-42cb-b746-6be7af1b4fe0,30958325,0,,False,5,1d4d8a79-b948-4e7f-a311-22512eef068c,30958468,0,,False,5,/lustre/fs11/portfolios/edgeai/projects/edgeai_tao-ptm_image-foundation-model-clip/users/rarunachalam/results/f6213fde-8e5f-4e90-8bb4-7e1644c2ad42/results_dir/train/model_epoch_009_step_00440.pth,9c9fb411a256d0849f2a8ca24e8ad6424c2867f1bd329cff3265529e94c5834d,
seed_271828_rec_4,271828,1234,4,success,4,6,0.00034936912534309716,0.0009371413334568777,0.5404276745153964,70.20810449999999,70.7079505,0.19523500000000382,0.37427824999998904,0.004122820478652941,70.1696885,70.38819375,False,True,11,seed_1415367367_rec_12;seed_1415367367_rec_16;seed_1415367367_rec_19;seed_1415367367_rec_2;seed_1415367367_rec_3;seed_1415367367_rec_5;seed_1455024938_rec_0;seed_1455024938_rec_1;seed_1455024938_rec_11;seed_1455024938_rec_16;seed_1455024938_rec_17;seed_1455024938_rec_3;seed_1455024938_rec_4;seed_1455024938_rec_7;seed_1455024938_rec_8;seed_161803_rec_1;seed_161803_rec_11;seed_161803_rec_12;seed_161803_rec_14;seed_161803_rec_15;seed_161803_rec_18;seed_161803_rec_3;seed_161803_rec_6;seed_161803_rec_8;seed_161803_rec_9;seed_271828_rec_1;seed_271828_rec_10;seed_271828_rec_12;seed_271828_rec_13;seed_271828_rec_15;seed_271828_rec_16;seed_271828_rec_17;seed_271828_rec_18;seed_271828_rec_19;seed_271828_rec_5;seed_271828_rec_6;seed_271828_rec_8;seed_314159_rec_1;seed_314159_rec_12;seed_314159_rec_17;seed_314159_rec_18;seed_314159_rec_19;seed_314159_rec_4;seed_314159_rec_7;seed_314159_rec_9;seed_409976740_rec_11;seed_409976740_rec_12;seed_409976740_rec_13;seed_409976740_rec_14;seed_409976740_rec_15;seed_409976740_rec_17;seed_409976740_rec_3;seed_409976740_rec_4;seed_409976740_rec_6;seed_409976740_rec_7;seed_409976740_rec_9,11,seed_1415367367_rec_12;seed_1415367367_rec_16;seed_1415367367_rec_19;seed_1415367367_rec_2;seed_1415367367_rec_3;seed_1415367367_rec_5;seed_1455024938_rec_0;seed_1455024938_rec_1;seed_1455024938_rec_11;seed_1455024938_rec_16;seed_1455024938_rec_17;seed_1455024938_rec_3;seed_1455024938_rec_4;seed_1455024938_rec_7;seed_1455024938_rec_8;seed_161803_rec_1;seed_161803_rec_11;seed_161803_rec_12;seed_161803_rec_14;seed_161803_rec_15;seed_161803_rec_18;seed_161803_rec_3;seed_161803_rec_6;seed_161803_rec_8;seed_161803_rec_9;seed_271828_rec_1;seed_271828_rec_10;seed_271828_rec_12;seed_271828_rec_13;seed_271828_rec_15;seed_271828_rec_16;seed_271828_rec_17;seed_271828_rec_18;seed_271828_rec_19;seed_271828_rec_5;seed_271828_rec_6;seed_271828_rec_8;seed_314159_rec_1;seed_314159_rec_12;seed_314159_rec_17;seed_314159_rec_18;seed_314159_rec_19;seed_314159_rec_4;seed_314159_rec_7;seed_314159_rec_9;seed_409976740_rec_11;seed_409976740_rec_12;seed_409976740_rec_13;seed_409976740_rec_14;seed_409976740_rec_15;seed_409976740_rec_17;seed_409976740_rec_3;seed_409976740_rec_4;seed_409976740_rec_6;seed_409976740_rec_7;seed_409976740_rec_9,0.9950189518632921,1.2804355685154205,0.6402189219849704,False,False,False,fd511dc9-b59d-4e2f-b71d-2d352bfca823,30958687,0,,False,5,ab255beb-08f8-4c2d-a8f5-13169cd19fbd,30959008,0,,False,5,901e1ab8-211d-40dd-a34e-3827518ad2d8,30959148,0,,False,5,/lustre/fs11/portfolios/edgeai/projects/edgeai_tao-ptm_image-foundation-model-clip/users/rarunachalam/results/fd511dc9-b59d-4e2f-b71d-2d352bfca823/results_dir/train/model_epoch_009_step_00440.pth,de2f3e3c26950b4f650012f9b5bcf84ebeaece2b0d2162110c8161358a9e343d,
seed_271828_rec_5,271828,1234,5,success,3,3,0.00045,0.0007030726224609912,0.5468671109871244,52.2364525,52.41068155,0.06547649999999905,0.1277900000000045,0.0018583853660429674,52.214167,52.27646325,False,True,2,seed_1455024938_rec_17;seed_161803_rec_18;seed_271828_rec_15,2,seed_1455024938_rec_17;seed_161803_rec_18;seed_271828_rec_15,0.9392960570463591,0.013211186341578071,0.46964850477680126,False,False,False,74ddcead-f4b2-48a5-a03f-c2b3af125ba5,30959274,0,,False,5,5a3fc5df-9caa-41b7-a768-d2bf900bb888,30959562,0,,False,5,ad4b6c10-f25c-44e3-a62a-d679b6709988,30959752,0,,False,5,/lustre/fs11/portfolios/edgeai/projects/edgeai_tao-ptm_image-foundation-model-clip/users/rarunachalam/results/74ddcead-f4b2-48a5-a03f-c2b3af125ba5/results_dir/train/model_epoch_009_step_00440.pth,c7a63867f6d30a136033085b904b3be2faa064d2c78bbfc14cfd21a89eeec1fc,
seed_271828_rec_6,271828,1234,6,success,4,3,0.000487310659095131,0.0009,0.6000121414379619,57.17349525,57.37278405,0.0828967500000033,0.1657094999999984,0.002149645058651629,57.10523675,57.219922,True,True,1,seed_271828_rec_19,1,seed_271828_rec_19,0.47941188009134256,0.36133393814172454,0.2397063604185804,False,False,False,ce213919-8b61-4d86-b82f-c439ce0823d2,30959893,0,,False,5,5ebf7eb2-3cdf-492e-b067-dadef7a765bd,30960217,0,,False,5,b49759dd-90f3-43f4-b327-ecb0029571f4,30960365,0,,False,5,/lustre/fs11/portfolios/edgeai/projects/edgeai_tao-ptm_image-foundation-model-clip/users/rarunachalam/results/ce213919-8b61-4d86-b82f-c439ce0823d2/results_dir/train/model_epoch_009_step_00440.pth,0338c35be50bbad6189d38e8f9007856a60e87a0861c8a6ff5d0bf85cd6df6c5,
seed_271828_rec_7,271828,1234,7,success,3,5,0.0002185219497797617,0.0009,0.5079375458862916,60.769151750000006,60.9531745,0.07911599999999908,0.15768299999999869,0.0019302125868491922,60.746939,60.7965875,False,True,8,seed_1415367367_rec_3;seed_1415367367_rec_5;seed_1415367367_rec_7;seed_1455024938_rec_11;seed_1455024938_rec_17;seed_1455024938_rec_18;seed_1455024938_rec_19;seed_161803_rec_0;seed_161803_rec_12;seed_161803_rec_15;seed_161803_rec_17;seed_161803_rec_18;seed_161803_rec_3;seed_161803_rec_5;seed_161803_rec_7;seed_271828_rec_10;seed_271828_rec_15;seed_271828_rec_19;seed_271828_rec_3;seed_271828_rec_5;seed_271828_rec_6;seed_271828_rec_9;seed_314159_rec_1;seed_314159_rec_10;seed_314159_rec_16;seed_314159_rec_9;seed_409976740_rec_13;seed_409976740_rec_9,8,seed_1415367367_rec_3;seed_1415367367_rec_5;seed_1415367367_rec_7;seed_1455024938_rec_11;seed_1455024938_rec_17;seed_1455024938_rec_18;seed_1455024938_rec_19;seed_161803_rec_0;seed_161803_rec_12;seed_161803_rec_15;seed_161803_rec_17;seed_161803_rec_18;seed_161803_rec_3;seed_161803_rec_5;seed_161803_rec_7;seed_271828_rec_10;seed_271828_rec_15;seed_271828_rec_19;seed_271828_rec_3;seed_271828_rec_5;seed_271828_rec_6;seed_271828_rec_9;seed_314159_rec_1;seed_314159_rec_10;seed_314159_rec_16;seed_314159_rec_9;seed_409976740_rec_13;seed_409976740_rec_9,1.2761684015297197,0.6148723210751281,0.6380851462852212,False,False,False,acbcf53f-e607-4b60-9793-0f613a7f0d84,30960465,0,,False,5,56857d83-89eb-4909-bad0-7e2522758eb5,30960931,0,,False,5,18f2beda-b981-4a9e-98b7-3dba924c78be,30961206,0,,False,5,/lustre/fs11/portfolios/edgeai/projects/edgeai_tao-ptm_image-foundation-model-clip/users/rarunachalam/results/acbcf53f-e607-4b60-9793-0f613a7f0d84/results_dir/train/model_epoch_009_step_00440.pth,66107cf6ec7da4f6d565492d57fef4dec69e47533853ebe225ce40b29c991b82,
seed_271828_rec_8,271828,1234,8,success,6,3,0.00045,0.0006547724796069428,0.6278092014414639,66.41633275000001,66.71847199999999,0.11313299999999771,0.23333000000000936,0.0025254478658338236,66.38007425,66.52686299999999,True,True,2,seed_271828_rec_18;seed_409976740_rec_4,2,seed_271828_rec_18;seed_409976740_rec_4,0.23887333955357382,1.0130686278892636,0.5065349399156155,False,False,False,2761fdfa-1c5e-4fa0-a171-878feac6282b,30961455,0,,False,5,1836015a-ca3d-4c17-a1a0-58ffa652dba6,30962082,0,,False,5,24547946-cc04-4c6c-8473-10d3949c9b45,30962280,0,,False,5,/lustre/fs11/portfolios/edgeai/projects/edgeai_tao-ptm_image-foundation-model-clip/users/rarunachalam/results/2761fdfa-1c5e-4fa0-a171-878feac6282b/results_dir/train/model_epoch_009_step_00440.pth,98ab2f2463112600565598b9171247b3deb0753285f997498289c5dc44c66c88,
seed_271828_rec_9,271828,1234,9,success,3,3,0.0003547109372725832,0.0009,0.5369294997159904,52.24879825,52.5572445,0.07337174999999974,0.1550745000000049,0.0020819800683166832,52.2209225,52.274378750000004,False,True,3,seed_1455024938_rec_17;seed_161803_rec_18;seed_271828_rec_15;seed_271828_rec_3;seed_271828_rec_5,3,seed_1455024938_rec_17;seed_161803_rec_18;seed_271828_rec_15;seed_271828_rec_3;seed_271828_rec_5,1.0252899899043342,0.01408171485037763,0.5126455146380194,False,False,False,fa8e084a-812a-4de3-8b5d-af60949a5c9b,30962712,0,,False,5,a328cb5f-16ec-4e9e-8759-6ddc07ddfb58,30963406,0,,False,5,d25b9db0-fa63-4e5a-ba00-0b21f09b40be,30963763,0,,False,5,/lustre/fs11/portfolios/edgeai/projects/edgeai_tao-ptm_image-foundation-model-clip/users/rarunachalam/results/fa8e084a-812a-4de3-8b5d-af60949a5c9b/results_dir/train/model_epoch_009_step_00440.pth,e66618dac827c4b4630bc1e9bc6b2db4f75a015b83a588149542a39a26079954,
seed_314159_rec_0,314159,1234,0,success,5,6,0.0002156899238307862,0.00010770493619675102,0.5719041815412683,74.61342325,74.845105,0.10082200000000086,0.20654225000001247,0.0020033754073869176,74.567987,74.668672,False,True,9,seed_1415367367_rec_14;seed_1415367367_rec_16;seed_1415367367_rec_19;seed_1415367367_rec_2;seed_1415367367_rec_3;seed_1415367367_rec_8;seed_1455024938_rec_0;seed_1455024938_rec_1;seed_1455024938_rec_14;seed_1455024938_rec_16;seed_1455024938_rec_17;seed_1455024938_rec_2;seed_1455024938_rec_3;seed_1455024938_rec_4;seed_1455024938_rec_7;seed_1455024938_rec_8;seed_161803_rec_11;seed_161803_rec_14;seed_161803_rec_3;seed_161803_rec_8;seed_271828_rec_1;seed_271828_rec_12;seed_271828_rec_13;seed_271828_rec_16;seed_271828_rec_17;seed_271828_rec_18;seed_271828_rec_19;seed_271828_rec_6;seed_271828_rec_8;seed_314159_rec_12;seed_314159_rec_14;seed_314159_rec_17;seed_314159_rec_18;seed_314159_rec_19;seed_314159_rec_4;seed_314159_rec_5;seed_314159_rec_7;seed_314159_rec_9;seed_409976740_rec_11;seed_409976740_rec_12;seed_409976740_rec_14;seed_409976740_rec_15;seed_409976740_rec_17;seed_409976740_rec_3;seed_409976740_rec_4;seed_409976740_rec_6;seed_409976740_rec_7;seed_409976740_rec_8,9,seed_1415367367_rec_14;seed_1415367367_rec_16;seed_1415367367_rec_19;seed_1415367367_rec_2;seed_1415367367_rec_3;seed_1415367367_rec_8;seed_1455024938_rec_0;seed_1455024938_rec_1;seed_1455024938_rec_14;seed_1455024938_rec_16;seed_1455024938_rec_17;seed_1455024938_rec_2;seed_1455024938_rec_3;seed_1455024938_rec_4;seed_1455024938_rec_7;seed_1455024938_rec_8;seed_161803_rec_11;seed_161803_rec_14;seed_161803_rec_3;seed_161803_rec_8;seed_271828_rec_1;seed_271828_rec_12;seed_271828_rec_13;seed_271828_rec_16;seed_271828_rec_17;seed_271828_rec_18;seed_271828_rec_19;seed_271828_rec_6;seed_271828_rec_8;seed_314159_rec_12;seed_314159_rec_14;seed_314159_rec_17;seed_314159_rec_18;seed_314159_rec_19;seed_314159_rec_4;seed_314159_rec_5;seed_314159_rec_7;seed_314159_rec_9;seed_409976740_rec_11;seed_409976740_rec_12;seed_409976740_rec_14;seed_409976740_rec_15;seed_409976740_rec_17;seed_409976740_rec_3;seed_409976740_rec_4;seed_409976740_rec_6;seed_409976740_rec_7;seed_409976740_rec_8,0.7226407557419693,1.5910651829352638,0.7955337483206012,False,False,False,fea7a910-fe49-48ef-98cd-2cfb86edcf7e,30955312,0,,False,5,ddd196dc-a5d3-4f4e-b2d5-6c94efc62813,30955720,0,,False,5,0e40b43d-4c9c-4fa8-ad07-550c181d60f2,30955882,0,,False,5,/lustre/fs11/portfolios/edgeai/projects/edgeai_tao-ptm_image-foundation-model-clip/users/rarunachalam/results/fea7a910-fe49-48ef-98cd-2cfb86edcf7e/results_dir/train/model_epoch_009_step_00440.pth,e15f4f7e829aae8477f237358cc1b04a117ebe45ed888f0d84db14aadc3bd880,
seed_314159_rec_1,314159,1234,1,success,3,3,0.00043836528814622386,0.0006459840646532157,0.5518847844262931,52.39449225,52.644306500000006,0.10309200000000018,0.21644750000000101,0.002917180654613563,52.328538249999994,52.46170325,False,True,2,seed_1455024938_rec_17;seed_161803_rec_15;seed_271828_rec_10;seed_271828_rec_15,2,seed_1455024938_rec_17;seed_161803_rec_15;seed_271828_rec_10;seed_271828_rec_15,0.8958762189123726,0.024354949004724402,0.44793856957177025,False,False,False,18b851c1-9360-46aa-a46b-53874368a999,30956226,0,,False,5,559ac3bd-3408-4b6d-91cb-45b8efa78a2a,30956537,0,,False,5,332346df-f363-4c07-ab76-ec809a36e05a,30957504,0,,False,5,/lustre/fs11/portfolios/edgeai/projects/edgeai_tao-ptm_image-foundation-model-clip/users/rarunachalam/results/18b851c1-9360-46aa-a46b-53874368a999/results_dir/train/model_epoch_009_step_00440.pth,5100a9560622f22813a4705aa9ac1475a6e9fc48588dd1c015bd8c00c0cae5ab,
seed_314159_rec_10,314159,1234,10,success,3,3,0.0003730086950927352,0.0009,0.5401583561434012,52.33108725,52.54840105,0.07142250000000061,0.1573940000000036,0.002023481721182869,52.3034315,52.367773,False,True,3,seed_1455024938_rec_17;seed_161803_rec_15;seed_161803_rec_18;seed_271828_rec_10;seed_271828_rec_15;seed_271828_rec_5,3,seed_1455024938_rec_17;seed_161803_rec_15;seed_161803_rec_18;seed_271828_rec_10;seed_271828_rec_15;seed_271828_rec_5,0.9973494662461645,0.01988411004391393,0.4986752417398704,False,False,False,5262480e-e822-4cd1-8bd0-ebf3145d5dab,30964230,0,,False,5,a44d058f-942b-4c42-a62c-0e8beb4afeed,30964943,0,,False,5,f42fd677-1074-466f-b2de-057ab4b23f5d,30965487,0,,False,5,/lustre/fs11/portfolios/edgeai/projects/edgeai_tao-ptm_image-foundation-model-clip/users/rarunachalam/results/5262480e-e822-4cd1-8bd0-ebf3145d5dab/results_dir/train/model_epoch_009_step_00440.pth,d47af68af371e41a7b81424dc3999a2a2aaf2f2c5e4b2b4aec9eab5e2f5fcaf8,
seed_314159_rec_11,314159,1234,11,success,6,6,0.00045,0.0001417474630742632,0.6107135016797408,79.24220374999999,79.7769715,0.10983024999998747,0.29966800000001115,0.0020548939951708684,79.19843499999999,79.28856475,True,True,5,seed_1415367367_rec_14;seed_1455024938_rec_7;seed_1455024938_rec_8;seed_161803_rec_14;seed_271828_rec_13;seed_271828_rec_16;seed_271828_rec_18;seed_271828_rec_19;seed_271828_rec_8;seed_314159_rec_12;seed_314159_rec_17;seed_314159_rec_7;seed_409976740_rec_10;seed_409976740_rec_11;seed_409976740_rec_3;seed_409976740_rec_4;seed_409976740_rec_6;seed_409976740_rec_7;seed_409976740_rec_8,5,seed_1415367367_rec_14;seed_1455024938_rec_7;seed_1455024938_rec_8;seed_161803_rec_14;seed_271828_rec_13;seed_271828_rec_16;seed_271828_rec_18;seed_271828_rec_19;seed_271828_rec_8;seed_314159_rec_12;seed_314159_rec_17;seed_314159_rec_7;seed_409976740_rec_10;seed_409976740_rec_11;seed_409976740_rec_3;seed_409976740_rec_4;seed_409976740_rec_6;seed_409976740_rec_7;seed_409976740_rec_8,0.38680893668646055,1.91745162249746,0.9587269633790096,False,False,False,a9382b2c-c5e9-40c7-805c-481b55ec0d67,30965593,0,,False,5,f0ff770b-a579-4db4-a130-54953d747770,30967280,0,,False,5,0cc6495f-1aeb-4460-ba4d-4e9aa074ca33,30967702,0,,False,5,/lustre/fs11/portfolios/edgeai/projects/edgeai_tao-ptm_image-foundation-model-clip/users/rarunachalam/results/a9382b2c-c5e9-40c7-805c-481b55ec0d67/results_dir/train/model_epoch_009_step_00440.pth,6f1f3540dbdcb353b73717c72f4a0cb65a27afc9c9860b80e9d0ee05f78a8520,
seed_314159_rec_12,314159,1234,12,success,6,3,0.00043650890201375357,0.0007144522744519978,0.6517250365478822,66.68512100000001,66.85309749999999,0.09715300000000582,0.20530825000000164,0.002159987650018789,66.5915665,66.73869475000001,True,True,1,seed_271828_rec_18,1,seed_271828_rec_18,0.0319205153514809,1.0320215335009366,0.5160112987214928,False,False,False,b0886f83-3060-4777-8ad3-102990487225,30967872,0,,False,5,6de82ab2-2dac-47e8-80d8-58d91cb76760,30968559,0,,False,5,9794b48b-ac30-4e5b-9bba-c9cb4066e7d4,30968778,0,,False,5,/lustre/fs11/portfolios/edgeai/projects/edgeai_tao-ptm_image-foundation-model-clip/users/rarunachalam/results/b0886f83-3060-4777-8ad3-102990487225/results_dir/train/model_epoch_009_step_00440.pth,277df90e707bbfe69ce754c14f65279a26ca394b644e252c3f1c3b5bf531d70b,
seed_314159_rec_13,314159,1234,13,success,5,3,9.951633448884923e-05,0.00021720818950386837,0.5279527217020306,61.709461000000005,62.01156745,0.08581099999999964,0.18800625000000082,0.002061651269324803,61.67611775,61.7758075,False,True,6,seed_1415367367_rec_2;seed_1415367367_rec_3;seed_1415367367_rec_5;seed_1455024938_rec_11;seed_1455024938_rec_16;seed_1455024938_rec_17;seed_1455024938_rec_3;seed_161803_rec_0;seed_161803_rec_12;seed_161803_rec_15;seed_161803_rec_18;seed_161803_rec_3;seed_161803_rec_4;seed_161803_rec_5;seed_161803_rec_7;seed_161803_rec_8;seed_271828_rec_10;seed_271828_rec_15;seed_271828_rec_17;seed_271828_rec_19;seed_271828_rec_3;seed_271828_rec_5;seed_271828_rec_6;seed_271828_rec_9;seed_314159_rec_1;seed_314159_rec_10;seed_314159_rec_9;seed_409976740_rec_13;seed_409976740_rec_3;seed_409976740_rec_9,6,seed_1415367367_rec_2;seed_1415367367_rec_3;seed_1415367367_rec_5;seed_1455024938_rec_11;seed_1455024938_rec_16;seed_1455024938_rec_17;seed_1455024938_rec_3;seed_161803_rec_0;seed_161803_rec_12;seed_161803_rec_15;seed_161803_rec_18;seed_161803_rec_3;seed_161803_rec_4;seed_161803_rec_5;seed_161803_rec_7;seed_161803_rec_8;seed_271828_rec_10;seed_271828_rec_15;seed_271828_rec_17;seed_271828_rec_19;seed_271828_rec_3;seed_271828_rec_5;seed_271828_rec_6;seed_271828_rec_9;seed_314159_rec_1;seed_314159_rec_10;seed_314159_rec_9;seed_409976740_rec_13;seed_409976740_rec_3;seed_409976740_rec_9,1.1029694668683507,0.6811757865764408,0.5514856255068021,False,False,False,80fec981-1e24-4515-9ec2-5dcb99678c79,30968840,0,,False,5,69911166-f388-41bf-a62c-5f30934d8dde,30969354,0,,False,5,228650d6-11bb-48a5-af3e-9c917d3499f4,30969687,0,,False,5,/lustre/fs11/portfolios/edgeai/projects/edgeai_tao-ptm_image-foundation-model-clip/users/rarunachalam/results/80fec981-1e24-4515-9ec2-5dcb99678c79/results_dir/train/model_epoch_009_step_00440.pth,d1c0741f9a5200a2dc6e16b17ccc64cc110bcabf33f2d5513af9b9033a92b915,
seed_314159_rec_14,314159,1234,14,success,5,5,0.0002541354639251281,9.510630067968789e-05,0.5814514222600689,70.5209285,70.87765645,0.14011400000000407,0.3224689999999839,0.002945693155472365,70.38137750000001,70.57724250000001,False,True,8,seed_1415367367_rec_19;seed_1415367367_rec_2;seed_1415367367_rec_8;seed_1455024938_rec_1;seed_1455024938_rec_16;seed_1455024938_rec_3;seed_1455024938_rec_4;seed_1455024938_rec_7;seed_1455024938_rec_8;seed_161803_rec_11;seed_161803_rec_14;seed_161803_rec_3;seed_271828_rec_1;seed_271828_rec_12;seed_271828_rec_13;seed_271828_rec_16;seed_271828_rec_18;seed_271828_rec_19;seed_271828_rec_6;seed_271828_rec_8;seed_314159_rec_12;seed_314159_rec_17;seed_314159_rec_18;seed_314159_rec_4;seed_314159_rec_7;seed_409976740_rec_11;seed_409976740_rec_12;seed_409976740_rec_15;seed_409976740_rec_17;seed_409976740_rec_3;seed_409976740_rec_4;seed_409976740_rec_6;seed_409976740_rec_7,8,seed_1415367367_rec_19;seed_1415367367_rec_2;seed_1415367367_rec_8;seed_1455024938_rec_1;seed_1455024938_rec_16;seed_1455024938_rec_3;seed_1455024938_rec_4;seed_1455024938_rec_7;seed_1455024938_rec_8;seed_161803_rec_11;seed_161803_rec_14;seed_161803_rec_3;seed_271828_rec_1;seed_271828_rec_12;seed_271828_rec_13;seed_271828_rec_16;seed_271828_rec_18;seed_271828_rec_19;seed_271828_rec_6;seed_271828_rec_8;seed_314159_rec_12;seed_314159_rec_17;seed_314159_rec_18;seed_314159_rec_4;seed_314159_rec_7;seed_409976740_rec_11;seed_409976740_rec_12;seed_409976740_rec_15;seed_409976740_rec_17;seed_409976740_rec_3;seed_409976740_rec_4;seed_409976740_rec_6;seed_409976740_rec_7,0.6400248478591315,1.3024935407112521,0.6512477416148204,False,False,False,73effcee-0a66-4705-b705-ac55d25dd0e3,30969859,0,,False,5,d1356a81-b3e1-4583-9742-520ae4b6cc4a,30970689,0,,False,5,1ef79fca-1c6c-47b2-81ee-a6dbbe4eb8ed,30971120,0,,False,5,/lustre/fs11/portfolios/edgeai/projects/edgeai_tao-ptm_image-foundation-model-clip/users/rarunachalam/results/73effcee-0a66-4705-b705-ac55d25dd0e3/results_dir/train/model_epoch_009_step_00440.pth,ca050e6b114c8ea3d8d1612cf3fdb20ca3db0a625ba4fe9efc8880ed9fcfd3b7,
seed_314159_rec_15,314159,1234,15,success,3,6,0.00010198882389846422,0.0003555956199915227,0.45750983920686134,65.063861,65.5891855,0.10266200000000225,0.2381835000000052,0.002339342898817568,65.03058999999999,65.098957,False,True,10,seed_1415367367_rec_11;seed_1415367367_rec_15;seed_1415367367_rec_17;seed_1415367367_rec_2;seed_1415367367_rec_3;seed_1415367367_rec_5;seed_1415367367_rec_7;seed_1455024938_rec_11;seed_1455024938_rec_16;seed_1455024938_rec_17;seed_1455024938_rec_18;seed_1455024938_rec_19;seed_1455024938_rec_3;seed_1455024938_rec_4;seed_1455024938_rec_5;seed_1455024938_rec_6;seed_1455024938_rec_7;seed_1455024938_rec_8;seed_161803_rec_0;seed_161803_rec_11;seed_161803_rec_12;seed_161803_rec_15;seed_161803_rec_17;seed_161803_rec_18;seed_161803_rec_3;seed_161803_rec_4;seed_161803_rec_5;seed_161803_rec_7;seed_161803_rec_8;seed_161803_rec_9;seed_271828_rec_1;seed_271828_rec_10;seed_271828_rec_12;seed_271828_rec_15;seed_271828_rec_17;seed_271828_rec_19;seed_271828_rec_3;seed_271828_rec_5;seed_271828_rec_6;seed_271828_rec_7;seed_271828_rec_9;seed_314159_rec_1;seed_314159_rec_10;seed_314159_rec_13;seed_314159_rec_16;seed_314159_rec_6;seed_314159_rec_9;seed_409976740_rec_12;seed_409976740_rec_13;seed_409976740_rec_17;seed_409976740_rec_3;seed_409976740_rec_5;seed_409976740_rec_9,10,seed_1415367367_rec_11;seed_1415367367_rec_15;seed_1415367367_rec_17;seed_1415367367_rec_2;seed_1415367367_rec_3;seed_1415367367_rec_5;seed_1415367367_rec_7;seed_1455024938_rec_11;seed_1455024938_rec_16;seed_1455024938_rec_17;seed_1455024938_rec_18;seed_1455024938_rec_19;seed_1455024938_rec_3;seed_1455024938_rec_4;seed_1455024938_rec_5;seed_1455024938_rec_6;seed_1455024938_rec_7;seed_1455024938_rec_8;seed_161803_rec_0;seed_161803_rec_11;seed_161803_rec_12;seed_161803_rec_15;seed_161803_rec_17;seed_161803_rec_18;seed_161803_rec_3;seed_161803_rec_4;seed_161803_rec_5;seed_161803_rec_7;seed_161803_rec_8;seed_161803_rec_9;seed_271828_rec_1;seed_271828_rec_10;seed_271828_rec_12;seed_271828_rec_15;seed_271828_rec_17;seed_271828_rec_19;seed_271828_rec_3;seed_271828_rec_5;seed_271828_rec_6;seed_271828_rec_7;seed_271828_rec_9;seed_314159_rec_1;seed_314159_rec_10;seed_314159_rec_13;seed_314159_rec_16;seed_314159_rec_6;seed_314159_rec_9;seed_409976740_rec_12;seed_409976740_rec_13;seed_409976740_rec_17;seed_409976740_rec_3;seed_409976740_rec_5;seed_409976740_rec_9,1.7125385416023988,0.9177025937705673,0.8562705859217671,False,False,False,5a177f39-1f29-4763-bb5a-702400b4f9f0,30971455,0,,False,5,858b6b29-3c95-494d-95dc-8d9f189b8865,30971967,0,,False,5,7f84326c-9aaf-4e92-8523-cf4fbff4bcfb,30972332,0,,False,5,/lustre/fs11/portfolios/edgeai/projects/edgeai_tao-ptm_image-foundation-model-clip/users/rarunachalam/results/5a177f39-1f29-4763-bb5a-702400b4f9f0/results_dir/train/model_epoch_009_step_00440.pth,2db9cf54a4f2b04e547f60dee73f642576cd722c70008206155b339058202ade,
seed_314159_rec_16,314159,1234,16,success,3,3,0.00016848785957376196,0.0009,0.5241677080073948,52.203284,52.4420115,0.0841214999999984,0.16747474999999667,0.0023890936803898704,52.128045,52.239529250000004,False,True,2,seed_161803_rec_18;seed_271828_rec_15;seed_271828_rec_3,2,seed_161803_rec_18;seed_271828_rec_15;seed_271828_rec_3,1.135722631048608,0.010872395677250948,0.5678618888218173,False,False,False,eb2b4acc-ade4-4917-8d2b-605a2ad85805,30972585,0,,False,5,8bbc6f6c-2945-4552-8c10-d15ec5303107,30973040,0,,False,5,4576870a-5d0c-4f40-8be1-9b2bb90f0eb4,30973166,0,,False,5,/lustre/fs11/portfolios/edgeai/projects/edgeai_tao-ptm_image-foundation-model-clip/users/rarunachalam/results/eb2b4acc-ade4-4917-8d2b-605a2ad85805/results_dir/train/model_epoch_009_step_00440.pth,652aa08966a215999e708b7289d5680b841486ccf2ec62d250a729baea08ce5d,
seed_314159_rec_17,314159,1234,17,success,6,3,0.0003213304064567958,0.0007597966799758081,0.6316439030814589,66.5648545,66.84640005,0.11709400000000159,0.23245674999999721,0.0026080364135702026,66.4994655,66.63726025,True,True,2,seed_271828_rec_18;seed_409976740_rec_4,2,seed_271828_rec_18;seed_409976740_rec_4,0.20569020666952142,1.02354125349336,0.51177124136241,False,False,False,2852bef0-d843-4986-bf07-f0808ce3cfa7,30973372,0,,False,5,bf2ee7b8-c739-484e-8f7f-13daf91dab54,30973831,0,,False,5,5282fd99-8def-4398-8687-9c47d9067aad,30973974,0,,False,5,/lustre/fs11/portfolios/edgeai/projects/edgeai_tao-ptm_image-foundation-model-clip/users/rarunachalam/results/2852bef0-d843-4986-bf07-f0808ce3cfa7/results_dir/train/model_epoch_009_step_00440.pth,1cb088f2445ea801a6a372cc356c7e8b0cec8780ce81516f98018c55f0ec5c67,
seed_314159_rec_18,314159,1234,18,success,6,3,0.00045,1.1000000000000001e-05,0.600109443334249,66.53805125,66.71788005,0.08662749999999875,0.18285975000000576,0.0019302328380108387,66.50235025,66.5806925,True,True,5,seed_1455024938_rec_7;seed_1455024938_rec_8;seed_271828_rec_1;seed_271828_rec_18;seed_271828_rec_19;seed_271828_rec_8;seed_409976740_rec_12;seed_409976740_rec_3;seed_409976740_rec_4;seed_409976740_rec_6;seed_409976740_rec_7,5,seed_1455024938_rec_7;seed_1455024938_rec_8;seed_271828_rec_1;seed_271828_rec_18;seed_271828_rec_19;seed_271828_rec_8;seed_409976740_rec_12;seed_409976740_rec_3;seed_409976740_rec_4;seed_409976740_rec_6;seed_409976740_rec_7,0.4785698897469858,1.0216512919071072,0.5108263960641445,False,False,False,6b811242-6252-437c-8b12-4984d193f54b,30974017,0,,False,5,c1c4386a-4736-4862-9486-acd77388fb06,30974327,0,,False,5,1d5e9e3f-025a-4295-b1a0-50d28b975247,30974459,0,,False,5,/lustre/fs11/portfolios/edgeai/projects/edgeai_tao-ptm_image-foundation-model-clip/users/rarunachalam/results/6b811242-6252-437c-8b12-4984d193f54b/results_dir/train/model_epoch_009_step_00440.pth,dae609fc235ee792ab4377cda2f2cd7a03b0efa6389d913a78a45d84b7a767e5,
seed_314159_rec_19,314159,1234,19,success,5,4,0.00045,0.0009,0.5775982731731624,65.83171675,66.11465899999999,0.09055099999999783,0.20336799999998334,0.0020393044451479654,65.80980125,65.941013,False,True,7,seed_1415367367_rec_19;seed_1415367367_rec_2;seed_1455024938_rec_16;seed_1455024938_rec_17;seed_1455024938_rec_3;seed_1455024938_rec_4;seed_1455024938_rec_7;seed_1455024938_rec_8;seed_161803_rec_11;seed_161803_rec_3;seed_161803_rec_8;seed_271828_rec_1;seed_271828_rec_12;seed_271828_rec_17;seed_271828_rec_19;seed_271828_rec_6;seed_314159_rec_9;seed_409976740_rec_12;seed_409976740_rec_17;seed_409976740_rec_3,7,seed_1415367367_rec_19;seed_1415367367_rec_2;seed_1455024938_rec_16;seed_1455024938_rec_17;seed_1455024938_rec_3;seed_1455024938_rec_4;seed_1455024938_rec_7;seed_1455024938_rec_8;seed_161803_rec_11;seed_161803_rec_3;seed_161803_rec_8;seed_271828_rec_1;seed_271828_rec_12;seed_271828_rec_17;seed_271828_rec_19;seed_271828_rec_6;seed_314159_rec_9;seed_409976740_rec_12;seed_409976740_rec_17;seed_409976740_rec_3,0.673367613522916,0.971845948448945,0.4859237968312535,False,False,False,8fe2927e-c0cd-42e7-92e9-3a2bd398918f,30974582,0,,False,5,42263fd1-070c-4202-86ad-85808adbaaec,30975188,0,,False,5,4d091bff-1e11-4400-95ed-4ef0d59c1c7c,30975511,0,,False,5,/lustre/fs11/portfolios/edgeai/projects/edgeai_tao-ptm_image-foundation-model-clip/users/rarunachalam/results/8fe2927e-c0cd-42e7-92e9-3a2bd398918f/results_dir/train/model_epoch_009_step_00440.pth,5fabd4d386961e340898ad1b0e14660e494342a977a74b201ccd9336e16eec09,
seed_314159_rec_2,314159,1234,2,success,5,4,2.444984531245279e-05,0.0001416271774474263,0.4556483434840066,65.91049724999999,66.1223085,0.09315699999999794,0.18581974999999318,0.0020954866669587588,65.869372,65.96712125,False,True,11,seed_1415367367_rec_11;seed_1415367367_rec_12;seed_1415367367_rec_15;seed_1415367367_rec_16;seed_1415367367_rec_17;seed_1415367367_rec_19;seed_1415367367_rec_2;seed_1415367367_rec_3;seed_1415367367_rec_5;seed_1415367367_rec_7;seed_1455024938_rec_11;seed_1455024938_rec_16;seed_1455024938_rec_17;seed_1455024938_rec_18;seed_1455024938_rec_19;seed_1455024938_rec_3;seed_1455024938_rec_4;seed_1455024938_rec_5;seed_1455024938_rec_6;seed_1455024938_rec_7;seed_1455024938_rec_8;seed_161803_rec_0;seed_161803_rec_11;seed_161803_rec_12;seed_161803_rec_15;seed_161803_rec_17;seed_161803_rec_18;seed_161803_rec_2;seed_161803_rec_3;seed_161803_rec_4;seed_161803_rec_5;seed_161803_rec_7;seed_161803_rec_8;seed_161803_rec_9;seed_271828_rec_1;seed_271828_rec_10;seed_271828_rec_11;seed_271828_rec_12;seed_271828_rec_15;seed_271828_rec_17;seed_271828_rec_19;seed_271828_rec_3;seed_271828_rec_5;seed_271828_rec_6;seed_271828_rec_7;seed_271828_rec_9;seed_314159_rec_1;seed_314159_rec_10;seed_314159_rec_13;seed_314159_rec_15;seed_314159_rec_16;seed_314159_rec_19;seed_314159_rec_6;seed_314159_rec_8;seed_314159_rec_9;seed_409976740_rec_1;seed_409976740_rec_12;seed_409976740_rec_13;seed_409976740_rec_17;seed_409976740_rec_3;seed_409976740_rec_5;seed_409976740_rec_9,11,seed_1415367367_rec_11;seed_1415367367_rec_12;seed_1415367367_rec_15;seed_1415367367_rec_16;seed_1415367367_rec_17;seed_1415367367_rec_19;seed_1415367367_rec_2;seed_1415367367_rec_3;seed_1415367367_rec_5;seed_1415367367_rec_7;seed_1455024938_rec_11;seed_1455024938_rec_16;seed_1455024938_rec_17;seed_1455024938_rec_18;seed_1455024938_rec_19;seed_1455024938_rec_3;seed_1455024938_rec_4;seed_1455024938_rec_5;seed_1455024938_rec_6;seed_1455024938_rec_7;seed_1455024938_rec_8;seed_161803_rec_0;seed_161803_rec_11;seed_161803_rec_12;seed_161803_rec_15;seed_161803_rec_17;seed_161803_rec_18;seed_161803_rec_2;seed_161803_rec_3;seed_161803_rec_4;seed_161803_rec_5;seed_161803_rec_7;seed_161803_rec_8;seed_161803_rec_9;seed_271828_rec_1;seed_271828_rec_10;seed_271828_rec_11;seed_271828_rec_12;seed_271828_rec_15;seed_271828_rec_17;seed_271828_rec_19;seed_271828_rec_3;seed_271828_rec_5;seed_271828_rec_6;seed_271828_rec_7;seed_271828_rec_9;seed_314159_rec_1;seed_314159_rec_10;seed_314159_rec_13;seed_314159_rec_15;seed_314159_rec_16;seed_314159_rec_19;seed_314159_rec_6;seed_314159_rec_8;seed_314159_rec_9;seed_409976740_rec_1;seed_409976740_rec_12;seed_409976740_rec_13;seed_409976740_rec_17;seed_409976740_rec_3;seed_409976740_rec_5;seed_409976740_rec_9,1.7286467726288584,0.9774009508738661,0.8643247393382909,False,False,False,834a059b-9308-4006-956e-0af4ff8a9bea,30957530,0,,False,5,12c45bc3-71fd-4ea2-91c6-cd9af8dc1cff,30957803,0,,False,5,44fef60b-ed3a-4753-bc20-0117dd0f628b,30957844,0,,False,5,/lustre/fs11/portfolios/edgeai/projects/edgeai_tao-ptm_image-foundation-model-clip/users/rarunachalam/results/834a059b-9308-4006-956e-0af4ff8a9bea/results_dir/train/model_epoch_009_step_00440.pth,9a8846331bc0dd4c598b2ba3a59ed373811d55df8c289db1cefa6faf1d02b73a,
seed_314159_rec_3,314159,1234,3,success,6,6,0.00042331502060985004,0.0005537484468632733,0.5970032852425997,79.80455425,80.1799975,0.16350200000000115,0.3344942500000059,0.0030375216988321402,79.6680815,79.9265,True,True,7,seed_1415367367_rec_14;seed_1455024938_rec_14;seed_1455024938_rec_4;seed_1455024938_rec_7;seed_1455024938_rec_8;seed_161803_rec_11;seed_161803_rec_14;seed_271828_rec_1;seed_271828_rec_13;seed_271828_rec_16;seed_271828_rec_18;seed_271828_rec_19;seed_271828_rec_6;seed_271828_rec_8;seed_314159_rec_11;seed_314159_rec_12;seed_314159_rec_17;seed_314159_rec_18;seed_314159_rec_5;seed_314159_rec_7;seed_409976740_rec_10;seed_409976740_rec_11;seed_409976740_rec_12;seed_409976740_rec_3;seed_409976740_rec_4;seed_409976740_rec_6;seed_409976740_rec_7;seed_409976740_rec_8,7,seed_1415367367_rec_14;seed_1455024938_rec_14;seed_1455024938_rec_4;seed_1455024938_rec_7;seed_1455024938_rec_8;seed_161803_rec_11;seed_161803_rec_14;seed_271828_rec_1;seed_271828_rec_13;seed_271828_rec_16;seed_271828_rec_18;seed_271828_rec_19;seed_271828_rec_6;seed_271828_rec_8;seed_314159_rec_11;seed_314159_rec_12;seed_314159_rec_17;seed_314159_rec_18;seed_314159_rec_5;seed_314159_rec_7;seed_409976740_rec_10;seed_409976740_rec_11;seed_409976740_rec_12;seed_409976740_rec_3;seed_409976740_rec_4;seed_409976740_rec_6;seed_409976740_rec_7;seed_409976740_rec_8,0.5054486580034404,1.9571043080117165,0.9785533852823413,False,False,False,fbf17b3a-f161-4b58-9c84-5daa09cd099d,30958009,0,,False,5,b2d4635e-ee44-429e-bec6-57c9c3b85d92,30958326,0,,False,5,b33c1e40-0026-4606-9543-d389881e7ead,30958496,0,,False,5,/lustre/fs11/portfolios/edgeai/projects/edgeai_tao-ptm_image-foundation-model-clip/users/rarunachalam/results/fbf17b3a-f161-4b58-9c84-5daa09cd099d/results_dir/train/model_epoch_009_step_00440.pth,94b128c6f5b880d2c86d82077aa310560fd0965a4b47d178cb6e0d5f43921620,
seed_314159_rec_4,314159,1234,4,success,4,6,0.00028470234945640816,0.00015117546987152063,0.5884661300517811,70.0168475,70.2715625,0.090722999999997,0.18618574999999282,0.0019210507842415433,69.9579435,70.07502425,False,True,7,seed_1415367367_rec_19;seed_1415367367_rec_2;seed_1455024938_rec_16;seed_1455024938_rec_4;seed_1455024938_rec_7;seed_1455024938_rec_8;seed_161803_rec_11;seed_161803_rec_14;seed_271828_rec_1;seed_271828_rec_12;seed_271828_rec_13;seed_271828_rec_16;seed_271828_rec_18;seed_271828_rec_19;seed_271828_rec_6;seed_271828_rec_8;seed_314159_rec_12;seed_314159_rec_17;seed_314159_rec_18;seed_314159_rec_7;seed_409976740_rec_11;seed_409976740_rec_12;seed_409976740_rec_17;seed_409976740_rec_3;seed_409976740_rec_4;seed_409976740_rec_6;seed_409976740_rec_7,7,seed_1415367367_rec_19;seed_1415367367_rec_2;seed_1455024938_rec_16;seed_1455024938_rec_4;seed_1455024938_rec_7;seed_1455024938_rec_8;seed_161803_rec_11;seed_161803_rec_14;seed_271828_rec_1;seed_271828_rec_12;seed_271828_rec_13;seed_271828_rec_16;seed_271828_rec_18;seed_271828_rec_19;seed_271828_rec_6;seed_271828_rec_8;seed_314159_rec_12;seed_314159_rec_17;seed_314159_rec_18;seed_314159_rec_7;seed_409976740_rec_11;seed_409976740_rec_12;seed_409976740_rec_17;seed_409976740_rec_3;seed_409976740_rec_4;seed_409976740_rec_6;seed_409976740_rec_7,0.5793239113462487,1.2669495777082642,0.6334757119908766,False,False,False,d65f8630-0040-41e3-baa5-e2e3c2b7e4b4,30958725,0,,False,5,22ecc0b3-a761-442c-a9e7-23d0271c7a12,30959140,0,,False,5,3092dda7-ff81-4de5-804d-81361885ea44,30959166,0,,False,5,/lustre/fs11/portfolios/edgeai/projects/edgeai_tao-ptm_image-foundation-model-clip/users/rarunachalam/results/d65f8630-0040-41e3-baa5-e2e3c2b7e4b4/results_dir/train/model_epoch_009_step_00440.pth,113e20824cfacdbb3e33fe5c3128daf21782ed42c12eee0b8cc236b67448302d,
seed_314159_rec_5,314159,1234,5,success,6,4,0.0003255265920347484,0.000175988605139262,0.5987692227100141,70.88016575,71.137551,0.14601900000000256,0.2804220000000015,0.0030542785433596955,70.707171,70.89530125,True,True,6,seed_1415367367_rec_14;seed_1455024938_rec_7;seed_1455024938_rec_8;seed_161803_rec_14;seed_271828_rec_1;seed_271828_rec_13;seed_271828_rec_16;seed_271828_rec_18;seed_271828_rec_19;seed_271828_rec_6;seed_271828_rec_8;seed_314159_rec_12;seed_314159_rec_17;seed_314159_rec_18;seed_314159_rec_7;seed_409976740_rec_11;seed_409976740_rec_12;seed_409976740_rec_3;seed_409976740_rec_4;seed_409976740_rec_6;seed_409976740_rec_7,6,seed_1415367367_rec_14;seed_1455024938_rec_7;seed_1455024938_rec_8;seed_161803_rec_14;seed_271828_rec_1;seed_271828_rec_13;seed_271828_rec_16;seed_271828_rec_18;seed_271828_rec_19;seed_271828_rec_6;seed_271828_rec_8;seed_314159_rec_12;seed_314159_rec_17;seed_314159_rec_18;seed_314159_rec_7;seed_409976740_rec_11;seed_409976740_rec_12;seed_409976740_rec_3;seed_409976740_rec_4;seed_409976740_rec_6;seed_409976740_rec_7,0.49016732893341275,1.3278242227311958,0.6639130203613738,False,False,False,0c424de4-7c1b-4832-a055-cd16451c3591,30959278,0,,False,5,ebca33fc-a0eb-4e2b-b620-10863e71bb75,30959589,0,,False,5,663b33d4-bc60-4cda-9298-89e1316c62bf,30959856,0,,False,5,/lustre/fs11/portfolios/edgeai/projects/edgeai_tao-ptm_image-foundation-model-clip/users/rarunachalam/results/0c424de4-7c1b-4832-a055-cd16451c3591/results_dir/train/model_epoch_009_step_00440.pth,25dbefb8bd507f8c8acd79b3e28535aabbf3b7aca829438861a903facd0cb89d,
seed_314159_rec_6,314159,1234,6,success,4,4,6.964454566985233e-05,0.0009,0.4967856675409136,61.562906749999996,61.762082,0.07900049999999936,0.15562924999999694,0.001902544039637944,61.543492,61.59270225,False,True,9,seed_1415367367_rec_11;seed_1415367367_rec_3;seed_1415367367_rec_5;seed_1415367367_rec_7;seed_1455024938_rec_11;seed_1455024938_rec_16;seed_1455024938_rec_17;seed_1455024938_rec_18;seed_1455024938_rec_19;seed_1455024938_rec_5;seed_1455024938_rec_6;seed_161803_rec_0;seed_161803_rec_12;seed_161803_rec_15;seed_161803_rec_17;seed_161803_rec_18;seed_161803_rec_3;seed_161803_rec_4;seed_161803_rec_5;seed_161803_rec_7;seed_161803_rec_8;seed_271828_rec_10;seed_271828_rec_15;seed_271828_rec_19;seed_271828_rec_3;seed_271828_rec_5;seed_271828_rec_6;seed_271828_rec_7;seed_271828_rec_9;seed_314159_rec_1;seed_314159_rec_10;seed_314159_rec_16;seed_314159_rec_9;seed_409976740_rec_13;seed_409976740_rec_3;seed_409976740_rec_5;seed_409976740_rec_9,9,seed_1415367367_rec_11;seed_1415367367_rec_3;seed_1415367367_rec_5;seed_1415367367_rec_7;seed_1455024938_rec_11;seed_1455024938_rec_16;seed_1455024938_rec_17;seed_1455024938_rec_18;seed_1455024938_rec_19;seed_1455024938_rec_5;seed_1455024938_rec_6;seed_161803_rec_0;seed_161803_rec_12;seed_161803_rec_15;seed_161803_rec_17;seed_161803_rec_18;seed_161803_rec_3;seed_161803_rec_4;seed_161803_rec_5;seed_161803_rec_7;seed_161803_rec_8;seed_271828_rec_10;seed_271828_rec_15;seed_271828_rec_19;seed_271828_rec_3;seed_271828_rec_5;seed_271828_rec_6;seed_271828_rec_7;seed_271828_rec_9;seed_314159_rec_1;seed_314159_rec_10;seed_314159_rec_16;seed_314159_rec_9;seed_409976740_rec_13;seed_409976740_rec_3;seed_409976740_rec_5;seed_409976740_rec_9,1.3726698495646565,0.6708418941267533,0.6863359465382001,False,False,False,51ed04f1-4772-4271-a181-08dd4a9c9a88,30959894,0,,False,5,a6bc57a5-6a1e-4635-954c-6b7fc4884704,30960219,0,,False,5,7ff875ed-374f-4acf-aab6-b61e345de805,30960367,0,,False,5,/lustre/fs11/portfolios/edgeai/projects/edgeai_tao-ptm_image-foundation-model-clip/users/rarunachalam/results/51ed04f1-4772-4271-a181-08dd4a9c9a88/results_dir/train/model_epoch_009_step_00440.pth,e13e55f776c7cb26d301819b9a2fdc97c4a13a1cd4179973d979ea8afab58c9b,
seed_314159_rec_7,314159,1234,7,success,6,3,0.00045,0.00043930511913497345,0.6300270529757901,66.58953225,66.800954,0.1075025000000025,0.21441724999999678,0.002393517436068245,66.5359365,66.662066,True,True,3,seed_161803_rec_14;seed_271828_rec_18;seed_314159_rec_17;seed_409976740_rec_4,3,seed_161803_rec_14;seed_271828_rec_18;seed_314159_rec_17;seed_409976740_rec_4,0.21968142605160412,1.0252813409654076,0.5126412929640873,False,False,False,fc7c5b0d-2fad-42e1-a38d-cb6d7482f40a,30960485,0,,False,5,4ccd0123-8012-4852-bb24-2534f0a3b76e,30961059,0,,False,5,7cba8c19-4e7b-4912-ad00-46fc89aa2941,30961380,0,,False,5,/lustre/fs11/portfolios/edgeai/projects/edgeai_tao-ptm_image-foundation-model-clip/users/rarunachalam/results/fc7c5b0d-2fad-42e1-a38d-cb6d7482f40a/results_dir/train/model_epoch_009_step_00440.pth,0e3e326faa1c198e24829f736ca87c0f08997130ec7614bb110de35d17bbc3a8,
seed_314159_rec_8,314159,1234,8,success,3,6,0.0001987779698535635,7.772603220386812e-05,0.4565118130625365,64.66067225,64.82202844999999,0.05224650000000253,0.10625149999999906,0.0011979563188040275,64.6485175,64.6801105,False,True,10,seed_1415367367_rec_11;seed_1415367367_rec_15;seed_1415367367_rec_17;seed_1415367367_rec_2;seed_1415367367_rec_3;seed_1415367367_rec_5;seed_1415367367_rec_7;seed_1455024938_rec_11;seed_1455024938_rec_16;seed_1455024938_rec_17;seed_1455024938_rec_18;seed_1455024938_rec_19;seed_1455024938_rec_3;seed_1455024938_rec_4;seed_1455024938_rec_5;seed_1455024938_rec_6;seed_1455024938_rec_7;seed_1455024938_rec_8;seed_161803_rec_0;seed_161803_rec_11;seed_161803_rec_12;seed_161803_rec_15;seed_161803_rec_17;seed_161803_rec_18;seed_161803_rec_3;seed_161803_rec_4;seed_161803_rec_5;seed_161803_rec_7;seed_161803_rec_8;seed_271828_rec_1;seed_271828_rec_10;seed_271828_rec_12;seed_271828_rec_15;seed_271828_rec_17;seed_271828_rec_19;seed_271828_rec_3;seed_271828_rec_5;seed_271828_rec_6;seed_271828_rec_7;seed_271828_rec_9;seed_314159_rec_1;seed_314159_rec_10;seed_314159_rec_13;seed_314159_rec_16;seed_314159_rec_6;seed_314159_rec_9;seed_409976740_rec_12;seed_409976740_rec_13;seed_409976740_rec_17;seed_409976740_rec_3;seed_409976740_rec_5;seed_409976740_rec_9,10,seed_1415367367_rec_11;seed_1415367367_rec_15;seed_1415367367_rec_17;seed_1415367367_rec_2;seed_1415367367_rec_3;seed_1415367367_rec_5;seed_1415367367_rec_7;seed_1455024938_rec_11;seed_1455024938_rec_16;seed_1455024938_rec_17;seed_1455024938_rec_18;seed_1455024938_rec_19;seed_1455024938_rec_3;seed_1455024938_rec_4;seed_1455024938_rec_5;seed_1455024938_rec_6;seed_1455024938_rec_7;seed_1455024938_rec_8;seed_161803_rec_0;seed_161803_rec_11;seed_161803_rec_12;seed_161803_rec_15;seed_161803_rec_17;seed_161803_rec_18;seed_161803_rec_3;seed_161803_rec_4;seed_161803_rec_5;seed_161803_rec_7;seed_161803_rec_8;seed_271828_rec_1;seed_271828_rec_10;seed_271828_rec_12;seed_271828_rec_15;seed_271828_rec_17;seed_271828_rec_19;seed_271828_rec_3;seed_271828_rec_5;seed_271828_rec_6;seed_271828_rec_7;seed_271828_rec_9;seed_314159_rec_1;seed_314159_rec_10;seed_314159_rec_13;seed_314159_rec_16;seed_314159_rec_6;seed_314159_rec_9;seed_409976740_rec_12;seed_409976740_rec_13;seed_409976740_rec_17;seed_409976740_rec_3;seed_409976740_rec_5;seed_409976740_rec_9,1.7211748417055097,0.8892727858364835,0.8605887260765687,False,False,False,eb999057-51d2-4b55-9483-2180034abc10,30961615,0,,False,5,4f1c8bad-3456-44fc-82d1-0b0480348afc,30962083,0,,False,5,720e4dc1-a283-41c9-9fed-d66c43093962,30962408,0,,False,5,/lustre/fs11/portfolios/edgeai/projects/edgeai_tao-ptm_image-foundation-model-clip/users/rarunachalam/results/eb999057-51d2-4b55-9483-2180034abc10/results_dir/train/model_epoch_009_step_00440.pth,ef350a02762fd94078cec4cc8d4f384db80b4be1bed66a8e8cde4c8ebaeb38e6,
seed_314159_rec_9,314159,1234,9,success,4,3,0.00045,0.0009262898467818477,0.5805845050638105,57.31344675,57.4978615,0.07946699999999751,0.15983650000000438,0.0020556742070305923,57.2516555,57.34431000000001,False,True,3,seed_161803_rec_3;seed_271828_rec_19;seed_271828_rec_6,3,seed_161803_rec_3;seed_271828_rec_19;seed_271828_rec_6,0.6475266123309424,0.3712022548174423,0.3237638155299048,False,False,False,2da984c3-e3ad-4c85-8870-c81eb8c62b5c,30962823,0,,False,5,5276346a-a020-4229-aacd-fc2158165aa9,30963560,0,,False,5,4356b306-9b5c-47a5-8796-4696b87f6cec,30963838,0,,False,5,/lustre/fs11/portfolios/edgeai/projects/edgeai_tao-ptm_image-foundation-model-clip/users/rarunachalam/results/2da984c3-e3ad-4c85-8870-c81eb8c62b5c/results_dir/train/model_epoch_009_step_00440.pth,b064cfaeeb39ff33f78eb5cc597acc0859b583077ca28a035f236ad1ba3b0f14,
seed_409976740_rec_0,409976740,1234,0,success,5,4,5.042018346553877e-05,0.00036212380725472054,0.5033594557786447,65.9114415,66.106031,0.09120199999999556,0.18000874999998473,0.0020514812318282167,65.82473275000001,65.93610675,False,True,10,seed_1415367367_rec_12;seed_1415367367_rec_16;seed_1415367367_rec_17;seed_1415367367_rec_19;seed_1415367367_rec_2;seed_1415367367_rec_3;seed_1415367367_rec_5;seed_1415367367_rec_7;seed_1455024938_rec_11;seed_1455024938_rec_16;seed_1455024938_rec_17;seed_1455024938_rec_18;seed_1455024938_rec_19;seed_1455024938_rec_3;seed_1455024938_rec_4;seed_1455024938_rec_6;seed_1455024938_rec_7;seed_1455024938_rec_8;seed_161803_rec_0;seed_161803_rec_11;seed_161803_rec_12;seed_161803_rec_15;seed_161803_rec_17;seed_161803_rec_18;seed_161803_rec_2;seed_161803_rec_3;seed_161803_rec_4;seed_161803_rec_5;seed_161803_rec_7;seed_161803_rec_8;seed_161803_rec_9;seed_271828_rec_1;seed_271828_rec_10;seed_271828_rec_11;seed_271828_rec_12;seed_271828_rec_15;seed_271828_rec_17;seed_271828_rec_19;seed_271828_rec_3;seed_271828_rec_5;seed_271828_rec_6;seed_271828_rec_7;seed_271828_rec_9;seed_314159_rec_1;seed_314159_rec_10;seed_314159_rec_13;seed_314159_rec_16;seed_314159_rec_19;seed_314159_rec_9;seed_409976740_rec_1;seed_409976740_rec_12;seed_409976740_rec_13;seed_409976740_rec_17;seed_409976740_rec_3;seed_409976740_rec_5;seed_409976740_rec_9,10,seed_1415367367_rec_12;seed_1415367367_rec_16;seed_1415367367_rec_17;seed_1415367367_rec_19;seed_1415367367_rec_2;seed_1415367367_rec_3;seed_1415367367_rec_5;seed_1415367367_rec_7;seed_1455024938_rec_11;seed_1455024938_rec_16;seed_1455024938_rec_17;seed_1455024938_rec_18;seed_1455024938_rec_19;seed_1455024938_rec_3;seed_1455024938_rec_4;seed_1455024938_rec_6;seed_1455024938_rec_7;seed_1455024938_rec_8;seed_161803_rec_0;seed_161803_rec_11;seed_161803_rec_12;seed_161803_rec_15;seed_161803_rec_17;seed_161803_rec_18;seed_161803_rec_2;seed_161803_rec_3;seed_161803_rec_4;seed_161803_rec_5;seed_161803_rec_7;seed_161803_rec_8;seed_161803_rec_9;seed_271828_rec_1;seed_271828_rec_10;seed_271828_rec_11;seed_271828_rec_12;seed_271828_rec_15;seed_271828_rec_17;seed_271828_rec_19;seed_271828_rec_3;seed_271828_rec_5;seed_271828_rec_6;seed_271828_rec_7;seed_271828_rec_9;seed_314159_rec_1;seed_314159_rec_10;seed_314159_rec_13;seed_314159_rec_16;seed_314159_rec_19;seed_314159_rec_9;seed_409976740_rec_1;seed_409976740_rec_12;seed_409976740_rec_13;seed_409976740_rec_17;seed_409976740_rec_3;seed_409976740_rec_5;seed_409976740_rec_9,1.3157843577785113,0.9774675322111228,0.6578933255152006,False,False,False,3c678658-f9e4-4d34-8487-dc9c27281caa,31021650,0,,False,5,5a6b1fc9-24cf-406d-ab26-520d2ce954d1,31021893,0,,False,5,ce1d7db1-c2ff-4e7a-b356-d21ab45d4e03,31021944,0,,False,5,/lustre/fs11/portfolios/edgeai/projects/edgeai_tao-ptm_image-foundation-model-clip/users/rarunachalam/results/3c678658-f9e4-4d34-8487-dc9c27281caa/results_dir/train/model_epoch_009_step_00440.pth,ff05a506fa65d3e03a0d36101c91d47206748e8a59c12959dec6b26ffa07cf52,
seed_409976740_rec_1,409976740,1234,1,success,3,6,0.0004957879851561919,0.0008490209021743874,0.5137705727673568,65.16587575,65.382103,0.07595625000000439,0.1550615000000164,0.0017280936526047762,65.12487975,65.2018615,False,True,8,seed_1415367367_rec_17;seed_1415367367_rec_2;seed_1415367367_rec_3;seed_1415367367_rec_5;seed_1415367367_rec_7;seed_1455024938_rec_11;seed_1455024938_rec_16;seed_1455024938_rec_17;seed_1455024938_rec_3;seed_1455024938_rec_4;seed_1455024938_rec_7;seed_1455024938_rec_8;seed_161803_rec_0;seed_161803_rec_11;seed_161803_rec_12;seed_161803_rec_15;seed_161803_rec_17;seed_161803_rec_18;seed_161803_rec_3;seed_161803_rec_4;seed_161803_rec_5;seed_161803_rec_7;seed_161803_rec_8;seed_161803_rec_9;seed_271828_rec_1;seed_271828_rec_10;seed_271828_rec_12;seed_271828_rec_15;seed_271828_rec_17;seed_271828_rec_19;seed_271828_rec_3;seed_271828_rec_5;seed_271828_rec_6;seed_271828_rec_9;seed_314159_rec_1;seed_314159_rec_10;seed_314159_rec_13;seed_314159_rec_16;seed_314159_rec_9;seed_409976740_rec_12;seed_409976740_rec_13;seed_409976740_rec_17;seed_409976740_rec_3;seed_409976740_rec_9,8,seed_1415367367_rec_17;seed_1415367367_rec_2;seed_1415367367_rec_3;seed_1415367367_rec_5;seed_1415367367_rec_7;seed_1455024938_rec_11;seed_1455024938_rec_16;seed_1455024938_rec_17;seed_1455024938_rec_3;seed_1455024938_rec_4;seed_1455024938_rec_7;seed_1455024938_rec_8;seed_161803_rec_0;seed_161803_rec_11;seed_161803_rec_12;seed_161803_rec_15;seed_161803_rec_17;seed_161803_rec_18;seed_161803_rec_3;seed_161803_rec_4;seed_161803_rec_5;seed_161803_rec_7;seed_161803_rec_8;seed_161803_rec_9;seed_271828_rec_1;seed_271828_rec_10;seed_271828_rec_12;seed_271828_rec_15;seed_271828_rec_17;seed_271828_rec_19;seed_271828_rec_3;seed_271828_rec_5;seed_271828_rec_6;seed_271828_rec_9;seed_314159_rec_1;seed_314159_rec_10;seed_314159_rec_13;seed_314159_rec_16;seed_314159_rec_9;seed_409976740_rec_12;seed_409976740_rec_13;seed_409976740_rec_17;seed_409976740_rec_3;seed_409976740_rec_9,1.2256929997170012,0.9248958990126988,0.61284757515295,False,False,False,015ed9c7-3a6b-49a8-a4e9-1d6d1108cd51,31022169,0,,False,5,58eeacef-686d-4cf2-b221-c50ed48b8554,31022762,0,,False,5,68a81cc5-8e00-45e4-98e3-2bbc2852f1a7,31025143,0,,False,5,/lustre/fs11/portfolios/edgeai/projects/edgeai_tao-ptm_image-foundation-model-clip/users/rarunachalam/results/015ed9c7-3a6b-49a8-a4e9-1d6d1108cd51/results_dir/train/model_epoch_009_step_00440.pth,c218e56e482c934a010924e36afc0ba930750e6c79c48c1294bedde0df751544,
seed_409976740_rec_10,409976740,1234,10,success,6,5,0.0004191596676536869,0.0007156198708639346,0.6225436670502469,75.03800225,75.3447115,0.09231725000000068,0.21159749999999633,0.0018240031816678728,75.01546200000001,75.08526649999999,True,True,4,seed_1415367367_rec_14;seed_161803_rec_14;seed_271828_rec_13;seed_271828_rec_16;seed_271828_rec_18;seed_271828_rec_8;seed_314159_rec_12;seed_314159_rec_17;seed_314159_rec_7;seed_409976740_rec_11;seed_409976740_rec_4;seed_409976740_rec_7;seed_409976740_rec_8,4,seed_1415367367_rec_14;seed_161803_rec_14;seed_271828_rec_13;seed_271828_rec_16;seed_271828_rec_18;seed_271828_rec_8;seed_314159_rec_12;seed_314159_rec_17;seed_314159_rec_7;seed_409976740_rec_11;seed_409976740_rec_4;seed_409976740_rec_7;seed_409976740_rec_8,0.2844380128483468,1.6210032688140132,0.8105025871276474,False,False,False,3775b0b7-2806-4012-be26-4f9b234ab0f2,31028644,0,,False,5,0890730b-ddad-4c7c-a2ca-47a27aecafcf,31029440,0,,False,5,d35d9239-9965-4e72-ab54-c7fde34ab0b2,31030022,0,,False,5,/lustre/fs11/portfolios/edgeai/projects/edgeai_tao-ptm_image-foundation-model-clip/users/rarunachalam/results/3775b0b7-2806-4012-be26-4f9b234ab0f2/results_dir/train/model_epoch_009_step_00440.pth,f9926e4d50e796277107e1c5bda4a4563da6b03a7ff6930682f09229de8dee4a,
seed_409976740_rec_11,409976740,1234,11,success,6,3,0.0004284554215533492,1.1000000000000001e-05,0.6290887102753411,66.56035200000001,66.84265355,0.11098750000001445,0.24572600000001898,0.0024721934688689954,66.47653525,66.582493,True,True,2,seed_271828_rec_18;seed_409976740_rec_4,2,seed_271828_rec_18;seed_409976740_rec_4,0.22780126259769348,1.0232237713954024,0.5116125112102182,False,False,False,46cfa5c7-177a-43f6-823d-3002e7a68862,31030078,0,,False,5,5ae49eb4-ed1f-458e-a606-f225e246c442,31030382,0,,False,5,1e1d38a2-1e88-4057-acfe-14db86a305fd,31030526,0,,False,5,/lustre/fs11/portfolios/edgeai/projects/edgeai_tao-ptm_image-foundation-model-clip/users/rarunachalam/results/46cfa5c7-177a-43f6-823d-3002e7a68862/results_dir/train/model_epoch_009_step_00440.pth,281aaca8cebbe81db8043e3214a08d44e296e72b9a33ce9d2e60642bd8bdb05c,
seed_409976740_rec_12,409976740,1234,12,success,5,3,0.00043394929865338093,1.1000000000000001e-05,0.6043332869479282,61.87871199999999,62.043442049999996,0.060826500000001005,0.1236762500000026,0.0014573892375135651,61.8583115,61.910605000000004,True,True,4,seed_1455024938_rec_7;seed_1455024938_rec_8;seed_271828_rec_1;seed_271828_rec_19;seed_409976740_rec_3,4,seed_1455024938_rec_7;seed_1455024938_rec_8;seed_271828_rec_1;seed_271828_rec_19;seed_409976740_rec_3,0.44201936324647906,0.6931100814263128,0.34655560827787874,False,False,False,7f8243ec-04b2-430d-9f74-aabb7e8a77a3,31030782,0,,False,5,78a4baae-4901-4115-aca8-5239bc9dcb67,31031252,0,,False,5,443453a5-96de-47a8-ae7d-b188910c64ad,31031434,0,,False,5,/lustre/fs11/portfolios/edgeai/projects/edgeai_tao-ptm_image-foundation-model-clip/users/rarunachalam/results/7f8243ec-04b2-430d-9f74-aabb7e8a77a3/results_dir/train/model_epoch_009_step_00440.pth,92a231158ba7fac305c91c15e20f1671ff6bae3941478f9be361930d935734b0,
seed_409976740_rec_13,409976740,1234,13,success,3,4,0.00041468716627257547,0.00017804338068171886,0.5460981046885051,56.390105750000004,56.6969615,0.09751199999999827,0.19535499999999928,0.002563770528130237,56.347269749999995,56.4449975,False,True,3,seed_1455024938_rec_17;seed_161803_rec_15;seed_161803_rec_18;seed_271828_rec_10;seed_271828_rec_15;seed_271828_rec_5;seed_314159_rec_1,3,seed_1455024938_rec_17;seed_161803_rec_15;seed_161803_rec_18;seed_271828_rec_10;seed_271828_rec_15;seed_271828_rec_5;seed_314159_rec_1,0.9459505612533124,0.3060952614113397,0.47297590664956757,False,False,False,4e0fd2fa-1373-40c5-95bd-61fd4a21431d,31031537,0,,False,5,be80d3f5-855f-4351-91c6-bf44ef59c5a5,31032854,0,,False,5,84e7099b-f3f3-4fd2-832a-0d9abe70199b,31032963,0,,False,5,/lustre/fs11/portfolios/edgeai/projects/edgeai_tao-ptm_image-foundation-model-clip/users/rarunachalam/results/4e0fd2fa-1373-40c5-95bd-61fd4a21431d/results_dir/train/model_epoch_009_step_00440.pth,6e9272af30cf32fa8339646f9b0bed82daa28f9696952981151ae04f62a66612,
seed_409976740_rec_14,409976740,1234,14,success,4,6,0.0004398655809728539,0.00027304690686851956,0.5801246240298064,69.94919924999999,70.16593375000001,0.08353225000000464,0.1666872499999954,0.0017704979496245897,69.90652875,69.97879,False,True,8,seed_1415367367_rec_19;seed_1415367367_rec_2;seed_1455024938_rec_16;seed_1455024938_rec_3;seed_1455024938_rec_4;seed_1455024938_rec_7;seed_1455024938_rec_8;seed_161803_rec_11;seed_161803_rec_14;seed_161803_rec_3;seed_161803_rec_8;seed_271828_rec_1;seed_271828_rec_12;seed_271828_rec_13;seed_271828_rec_16;seed_271828_rec_17;seed_271828_rec_18;seed_271828_rec_19;seed_271828_rec_6;seed_271828_rec_8;seed_314159_rec_12;seed_314159_rec_17;seed_314159_rec_18;seed_314159_rec_7;seed_314159_rec_9;seed_409976740_rec_11;seed_409976740_rec_12;seed_409976740_rec_15;seed_409976740_rec_17;seed_409976740_rec_3;seed_409976740_rec_4;seed_409976740_rec_6;seed_409976740_rec_7,8,seed_1415367367_rec_19;seed_1415367367_rec_2;seed_1455024938_rec_16;seed_1455024938_rec_3;seed_1455024938_rec_4;seed_1455024938_rec_7;seed_1455024938_rec_8;seed_161803_rec_11;seed_161803_rec_14;seed_161803_rec_3;seed_161803_rec_8;seed_271828_rec_1;seed_271828_rec_12;seed_271828_rec_13;seed_271828_rec_16;seed_271828_rec_17;seed_271828_rec_18;seed_271828_rec_19;seed_271828_rec_6;seed_271828_rec_8;seed_314159_rec_12;seed_314159_rec_17;seed_314159_rec_18;seed_314159_rec_7;seed_314159_rec_9;seed_409976740_rec_11;seed_409976740_rec_12;seed_409976740_rec_15;seed_409976740_rec_17;seed_409976740_rec_3;seed_409976740_rec_4;seed_409976740_rec_6;seed_409976740_rec_7,0.6515061379615822,1.2621795369901712,0.6310907253379231,False,False,False,3446b2b5-183e-45a7-a202-d1ed5ea415a7,31033115,0,,False,5,03795172-4658-4c04-8b50-971fd83e974f,31033422,0,,False,5,0059fb01-458d-466f-950b-f41aae166517,31033545,0,,False,5,/lustre/fs11/portfolios/edgeai/projects/edgeai_tao-ptm_image-foundation-model-clip/users/rarunachalam/results/3446b2b5-183e-45a7-a202-d1ed5ea415a7/results_dir/train/model_epoch_009_step_00440.pth,5f2afe2d84707a147beec06e1ab1402d3ce69172b519d1341e5dc5b922e4fc5d,
seed_409976740_rec_15,409976740,1234,15,success,6,3,0.000119535274183935,3.467622640296023e-05,0.5828259262603085,66.73197275000001,66.93709145,0.08315675000001477,0.1662924999999973,0.001847513155528912,66.67536375,66.758546,False,True,7,seed_1415367367_rec_19;seed_1415367367_rec_2;seed_1455024938_rec_16;seed_1455024938_rec_3;seed_1455024938_rec_4;seed_1455024938_rec_7;seed_1455024938_rec_8;seed_161803_rec_11;seed_161803_rec_14;seed_161803_rec_3;seed_271828_rec_1;seed_271828_rec_12;seed_271828_rec_13;seed_271828_rec_18;seed_271828_rec_19;seed_271828_rec_6;seed_271828_rec_8;seed_314159_rec_12;seed_314159_rec_17;seed_314159_rec_18;seed_314159_rec_7;seed_409976740_rec_11;seed_409976740_rec_12;seed_409976740_rec_17;seed_409976740_rec_3;seed_409976740_rec_4;seed_409976740_rec_6;seed_409976740_rec_7,7,seed_1415367367_rec_19;seed_1415367367_rec_2;seed_1455024938_rec_16;seed_1455024938_rec_3;seed_1455024938_rec_4;seed_1455024938_rec_7;seed_1455024938_rec_8;seed_161803_rec_11;seed_161803_rec_14;seed_161803_rec_3;seed_271828_rec_1;seed_271828_rec_12;seed_271828_rec_13;seed_271828_rec_18;seed_271828_rec_19;seed_271828_rec_6;seed_271828_rec_8;seed_314159_rec_12;seed_314159_rec_17;seed_314159_rec_18;seed_314159_rec_7;seed_409976740_rec_11;seed_409976740_rec_12;seed_409976740_rec_17;seed_409976740_rec_3;seed_409976740_rec_4;seed_409976740_rec_6;seed_409976740_rec_7,0.6281307415709372,1.035325163014101,0.5176634132350028,False,False,False,b976dab7-9142-42c1-8632-7f51f97425df,31033634,0,,False,5,0ad11cfd-4ab1-4293-9fba-b0edbd87587b,31033804,0,,False,5,d0e98960-e0c8-4afb-b3a9-e116b7be2c7d,31033890,0,,False,5,/lustre/fs11/portfolios/edgeai/projects/edgeai_tao-ptm_image-foundation-model-clip/users/rarunachalam/results/b976dab7-9142-42c1-8632-7f51f97425df/results_dir/train/model_epoch_009_step_00440.pth,b33b6ee6e591a8dbd76c743f735f6ab57ba711a632bfe1db3f2dfd0178a1beb5,
seed_409976740_rec_16,409976740,1234,16,success,3,6,1.1000000000000001e-05,0.0009,0.2967017400106151,65.212694,65.39162995000001,0.08665200000000084,0.1869382499999972,0.0019700191376850838,65.1714805,65.23732174999999,False,True,12,seed_1415367367_rec_11;seed_1415367367_rec_15;seed_1415367367_rec_17;seed_1415367367_rec_18;seed_1415367367_rec_2;seed_1415367367_rec_3;seed_1415367367_rec_5;seed_1415367367_rec_6;seed_1415367367_rec_7;seed_1455024938_rec_10;seed_1455024938_rec_11;seed_1455024938_rec_12;seed_1455024938_rec_16;seed_1455024938_rec_17;seed_1455024938_rec_18;seed_1455024938_rec_19;seed_1455024938_rec_3;seed_1455024938_rec_4;seed_1455024938_rec_5;seed_1455024938_rec_6;seed_1455024938_rec_7;seed_1455024938_rec_8;seed_161803_rec_0;seed_161803_rec_11;seed_161803_rec_12;seed_161803_rec_15;seed_161803_rec_17;seed_161803_rec_18;seed_161803_rec_3;seed_161803_rec_4;seed_161803_rec_5;seed_161803_rec_7;seed_161803_rec_8;seed_161803_rec_9;seed_271828_rec_1;seed_271828_rec_10;seed_271828_rec_12;seed_271828_rec_15;seed_271828_rec_17;seed_271828_rec_19;seed_271828_rec_3;seed_271828_rec_5;seed_271828_rec_6;seed_271828_rec_7;seed_271828_rec_9;seed_314159_rec_1;seed_314159_rec_10;seed_314159_rec_13;seed_314159_rec_15;seed_314159_rec_16;seed_314159_rec_6;seed_314159_rec_8;seed_314159_rec_9;seed_409976740_rec_1;seed_409976740_rec_12;seed_409976740_rec_13;seed_409976740_rec_17;seed_409976740_rec_18;seed_409976740_rec_3;seed_409976740_rec_5;seed_409976740_rec_9,12,seed_1415367367_rec_11;seed_1415367367_rec_15;seed_1415367367_rec_17;seed_1415367367_rec_18;seed_1415367367_rec_2;seed_1415367367_rec_3;seed_1415367367_rec_5;seed_1415367367_rec_6;seed_1415367367_rec_7;seed_1455024938_rec_10;seed_1455024938_rec_11;seed_1455024938_rec_12;seed_1455024938_rec_16;seed_1455024938_rec_17;seed_1455024938_rec_18;seed_1455024938_rec_19;seed_1455024938_rec_3;seed_1455024938_rec_4;seed_1455024938_rec_5;seed_1455024938_rec_6;seed_1455024938_rec_7;seed_1455024938_rec_8;seed_161803_rec_0;seed_161803_rec_11;seed_161803_rec_12;seed_161803_rec_15;seed_161803_rec_17;seed_161803_rec_18;seed_161803_rec_3;seed_161803_rec_4;seed_161803_rec_5;seed_161803_rec_7;seed_161803_rec_8;seed_161803_rec_9;seed_271828_rec_1;seed_271828_rec_10;seed_271828_rec_12;seed_271828_rec_15;seed_271828_rec_17;seed_271828_rec_19;seed_271828_rec_3;seed_271828_rec_5;seed_271828_rec_6;seed_271828_rec_7;seed_271828_rec_9;seed_314159_rec_1;seed_314159_rec_10;seed_314159_rec_13;seed_314159_rec_15;seed_314159_rec_16;seed_314159_rec_6;seed_314159_rec_8;seed_314159_rec_9;seed_409976740_rec_1;seed_409976740_rec_12;seed_409976740_rec_13;seed_409976740_rec_17;seed_409976740_rec_18;seed_409976740_rec_3;seed_409976740_rec_5;seed_409976740_rec_9,3.1040722319439182,0.9281971663603367,1.5520381321066583,False,False,False,fc9d68a8-dc04-4016-98a2-739bb03be19b,31033932,0,,False,5,64bd330a-604f-416f-89e3-3dfb99c0a6e4,31034123,0,,False,5,12b6a3eb-92d6-471d-9b14-6c987fe5f09d,31034254,0,,False,5,/lustre/fs11/portfolios/edgeai/projects/edgeai_tao-ptm_image-foundation-model-clip/users/rarunachalam/results/fc9d68a8-dc04-4016-98a2-739bb03be19b/results_dir/train/model_epoch_009_step_00440.pth,d73e1b44b90881c79253164f7d39250c870548285c4da635d9095e7f28da4188,
seed_409976740_rec_17,409976740,1234,17,success,5,3,0.00045,1.1000000000000001e-05,0.588866093749801,61.84064275,62.23265395,0.134643999999998,0.307781999999996,0.0032280258665325244,61.7437155,61.887451,False,True,4,seed_1415367367_rec_2;seed_1455024938_rec_16;seed_1455024938_rec_7;seed_1455024938_rec_8;seed_271828_rec_1;seed_271828_rec_12;seed_271828_rec_19;seed_271828_rec_6;seed_409976740_rec_3,4,seed_1415367367_rec_2;seed_1455024938_rec_16;seed_1455024938_rec_7;seed_1455024938_rec_8;seed_271828_rec_1;seed_271828_rec_12;seed_271828_rec_19;seed_271828_rec_6;seed_409976740_rec_3,0.5758628732300706,0.690425727099228,0.34521349669391416,False,False,False,326f2ca8-2bd7-401a-ab22-659736ed4a2c,31034335,0,,False,5,4ae886d5-1eb7-4d9a-bcba-5984efbd8399,31034603,0,,False,5,532f3f10-6576-4f16-8563-0b30221e2d13,31034655,0,,False,5,/lustre/fs11/portfolios/edgeai/projects/edgeai_tao-ptm_image-foundation-model-clip/users/rarunachalam/results/326f2ca8-2bd7-401a-ab22-659736ed4a2c/results_dir/train/model_epoch_009_step_00440.pth,56cb7fd630893a12360f78154f75b76986b0f0857ae92391138f643a8cc704ee,
seed_409976740_rec_18,409976740,1234,18,success,3,3,3.067984937669569e-05,0.0008196183080776194,0.3665263070555743,52.47809325,52.7909625,0.0988567499999995,0.23952499999999333,0.0027928800090311822,52.433225,52.5550455,False,True,7,seed_1415367367_rec_18;seed_1415367367_rec_7;seed_1455024938_rec_17;seed_161803_rec_15;seed_161803_rec_17;seed_161803_rec_18;seed_161803_rec_5;seed_161803_rec_7;seed_271828_rec_10;seed_271828_rec_15;seed_271828_rec_3;seed_271828_rec_5;seed_271828_rec_9;seed_314159_rec_1;seed_314159_rec_10;seed_314159_rec_16;seed_409976740_rec_5,7,seed_1415367367_rec_18;seed_1415367367_rec_7;seed_1455024938_rec_17;seed_161803_rec_15;seed_161803_rec_17;seed_161803_rec_18;seed_161803_rec_5;seed_161803_rec_7;seed_271828_rec_10;seed_271828_rec_15;seed_271828_rec_3;seed_271828_rec_5;seed_271828_rec_9;seed_314159_rec_1;seed_314159_rec_10;seed_314159_rec_16;seed_409976740_rec_5,2.499853676148446,0.030249856472002172,1.2499281031259892,False,False,False,93a5a811-968b-4935-b145-3e14ceee6308,31034874,0,,False,5,a1583639-1a81-497f-8683-925f2d3dc860,31035023,0,,False,5,239c7f63-b6a3-4ab1-8288-4e865bac3d2d,31035168,0,,False,5,/lustre/fs11/portfolios/edgeai/projects/edgeai_tao-ptm_image-foundation-model-clip/users/rarunachalam/results/93a5a811-968b-4935-b145-3e14ceee6308/results_dir/train/model_epoch_009_step_00440.pth,8084bcc5b48ccd99809bd72a9d14974beec5b50fb127fdc6ce93086c22570cc4,
seed_409976740_rec_19,409976740,1234,19,success,6,3,1.1000000000000001e-05,1.1000000000000001e-05,0.3867148559934773,66.563224,66.80037995,0.07671650000000341,0.16865149999999574,0.0017087496077414315,66.53814825,66.59606225,False,True,12,seed_1415367367_rec_0;seed_1415367367_rec_11;seed_1415367367_rec_12;seed_1415367367_rec_15;seed_1415367367_rec_16;seed_1415367367_rec_17;seed_1415367367_rec_18;seed_1415367367_rec_19;seed_1415367367_rec_2;seed_1415367367_rec_3;seed_1415367367_rec_5;seed_1415367367_rec_6;seed_1415367367_rec_7;seed_1455024938_rec_0;seed_1455024938_rec_11;seed_1455024938_rec_12;seed_1455024938_rec_16;seed_1455024938_rec_17;seed_1455024938_rec_18;seed_1455024938_rec_19;seed_1455024938_rec_3;seed_1455024938_rec_4;seed_1455024938_rec_5;seed_1455024938_rec_6;seed_1455024938_rec_7;seed_1455024938_rec_8;seed_161803_rec_0;seed_161803_rec_11;seed_161803_rec_12;seed_161803_rec_15;seed_161803_rec_17;seed_161803_rec_18;seed_161803_rec_2;seed_161803_rec_3;seed_161803_rec_4;seed_161803_rec_5;seed_161803_rec_7;seed_161803_rec_8;seed_161803_rec_9;seed_271828_rec_1;seed_271828_rec_10;seed_271828_rec_11;seed_271828_rec_12;seed_271828_rec_15;seed_271828_rec_17;seed_271828_rec_18;seed_271828_rec_19;seed_271828_rec_3;seed_271828_rec_5;seed_271828_rec_6;seed_271828_rec_7;seed_271828_rec_8;seed_271828_rec_9;seed_314159_rec_1;seed_314159_rec_10;seed_314159_rec_13;seed_314159_rec_15;seed_314159_rec_16;seed_314159_rec_18;seed_314159_rec_19;seed_314159_rec_2;seed_314159_rec_6;seed_314159_rec_8;seed_314159_rec_9;seed_409976740_rec_0;seed_409976740_rec_1;seed_409976740_rec_11;seed_409976740_rec_12;seed_409976740_rec_13;seed_409976740_rec_17;seed_409976740_rec_3;seed_409976740_rec_4;seed_409976740_rec_5;seed_409976740_rec_6;seed_409976740_rec_7;seed_409976740_rec_9,12,seed_1415367367_rec_0;seed_1415367367_rec_11;seed_1415367367_rec_12;seed_1415367367_rec_15;seed_1415367367_rec_16;seed_1415367367_rec_17;seed_1415367367_rec_18;seed_1415367367_rec_19;seed_1415367367_rec_2;seed_1415367367_rec_3;seed_1415367367_rec_5;seed_1415367367_rec_6;seed_1415367367_rec_7;seed_1455024938_rec_0;seed_1455024938_rec_11;seed_1455024938_rec_12;seed_1455024938_rec_16;seed_1455024938_rec_17;seed_1455024938_rec_18;seed_1455024938_rec_19;seed_1455024938_rec_3;seed_1455024938_rec_4;seed_1455024938_rec_5;seed_1455024938_rec_6;seed_1455024938_rec_7;seed_1455024938_rec_8;seed_161803_rec_0;seed_161803_rec_11;seed_161803_rec_12;seed_161803_rec_15;seed_161803_rec_17;seed_161803_rec_18;seed_161803_rec_2;seed_161803_rec_3;seed_161803_rec_4;seed_161803_rec_5;seed_161803_rec_7;seed_161803_rec_8;seed_161803_rec_9;seed_271828_rec_1;seed_271828_rec_10;seed_271828_rec_11;seed_271828_rec_12;seed_271828_rec_15;seed_271828_rec_17;seed_271828_rec_18;seed_271828_rec_19;seed_271828_rec_3;seed_271828_rec_5;seed_271828_rec_6;seed_271828_rec_7;seed_271828_rec_8;seed_271828_rec_9;seed_314159_rec_1;seed_314159_rec_10;seed_314159_rec_13;seed_314159_rec_15;seed_314159_rec_16;seed_314159_rec_18;seed_314159_rec_19;seed_314159_rec_2;seed_314159_rec_6;seed_314159_rec_8;seed_314159_rec_9;seed_409976740_rec_0;seed_409976740_rec_1;seed_409976740_rec_11;seed_409976740_rec_12;seed_409976740_rec_13;seed_409976740_rec_17;seed_409976740_rec_3;seed_409976740_rec_4;seed_409976740_rec_5;seed_409976740_rec_6;seed_409976740_rec_7;seed_409976740_rec_9,2.325154477870401,1.0234262830190195,1.1625789132255808,False,False,False,29180204-4d69-4d70-819e-93d84e725eb1,31035266,0,,False,5,78d097d8-b9e9-462f-a0a4-9defe2e6e7bf,31035535,0,,False,5,fa4c3a8c-38b9-4f02-b38c-61b259d2a6f9,31035622,0,,False,5,/lustre/fs11/portfolios/edgeai/projects/edgeai_tao-ptm_image-foundation-model-clip/users/rarunachalam/results/29180204-4d69-4d70-819e-93d84e725eb1/results_dir/train/model_epoch_009_step_00440.pth,0b676bc5001aeb23a40ff78653d1a47bf49de7eac48f9851ef6e99013dd5a75c,
seed_409976740_rec_2,409976740,1234,2,success,5,6,0.00026059523074156926,4.630205284408943e-05,0.5771153059216705,74.6325915,74.85949705,0.0912594999999925,0.18270925000001625,0.0018128987883261278,74.5951735,74.6770805,False,True,9,seed_1415367367_rec_14;seed_1415367367_rec_19;seed_1415367367_rec_2;seed_1415367367_rec_8;seed_1455024938_rec_1;seed_1455024938_rec_14;seed_1455024938_rec_16;seed_1455024938_rec_17;seed_1455024938_rec_2;seed_1455024938_rec_3;seed_1455024938_rec_4;seed_1455024938_rec_7;seed_1455024938_rec_8;seed_161803_rec_11;seed_161803_rec_14;seed_161803_rec_3;seed_161803_rec_8;seed_271828_rec_1;seed_271828_rec_12;seed_271828_rec_13;seed_271828_rec_16;seed_271828_rec_17;seed_271828_rec_18;seed_271828_rec_19;seed_271828_rec_6;seed_271828_rec_8;seed_314159_rec_12;seed_314159_rec_14;seed_314159_rec_17;seed_314159_rec_18;seed_314159_rec_19;seed_314159_rec_4;seed_314159_rec_5;seed_314159_rec_7;seed_314159_rec_9;seed_409976740_rec_11;seed_409976740_rec_12;seed_409976740_rec_14;seed_409976740_rec_15;seed_409976740_rec_17;seed_409976740_rec_3;seed_409976740_rec_4;seed_409976740_rec_6;seed_409976740_rec_7;seed_409976740_rec_8,9,seed_1415367367_rec_14;seed_1415367367_rec_19;seed_1415367367_rec_2;seed_1415367367_rec_8;seed_1455024938_rec_1;seed_1455024938_rec_14;seed_1455024938_rec_16;seed_1455024938_rec_17;seed_1455024938_rec_2;seed_1455024938_rec_3;seed_1455024938_rec_4;seed_1455024938_rec_7;seed_1455024938_rec_8;seed_161803_rec_11;seed_161803_rec_14;seed_161803_rec_3;seed_161803_rec_8;seed_271828_rec_1;seed_271828_rec_12;seed_271828_rec_13;seed_271828_rec_16;seed_271828_rec_17;seed_271828_rec_18;seed_271828_rec_19;seed_271828_rec_6;seed_271828_rec_8;seed_314159_rec_12;seed_314159_rec_14;seed_314159_rec_17;seed_314159_rec_18;seed_314159_rec_19;seed_314159_rec_4;seed_314159_rec_5;seed_314159_rec_7;seed_314159_rec_9;seed_409976740_rec_11;seed_409976740_rec_12;seed_409976740_rec_14;seed_409976740_rec_15;seed_409976740_rec_17;seed_409976740_rec_3;seed_409976740_rec_4;seed_409976740_rec_6;seed_409976740_rec_7;seed_409976740_rec_8,0.6775469129807276,1.5924167823187603,0.7962095261412278,False,False,False,94cfb422-477d-4306-a1f6-ab66c179fc1d,31025357,0,,False,5,ca93bf09-7c3a-4bea-95d6-969bbc70a031,31025868,0,,False,5,220e0be4-ab01-44af-b6d4-30ccfb4d097e,31026053,0,,False,5,/lustre/fs11/portfolios/edgeai/projects/edgeai_tao-ptm_image-foundation-model-clip/users/rarunachalam/results/94cfb422-477d-4306-a1f6-ab66c179fc1d/results_dir/train/model_epoch_009_step_00440.pth,350516f268675cbddddd7856bf9aa0e9425e1e6097be3ef98f9621368662c443,
seed_409976740_rec_3,409976740,1234,3,success,5,3,0.0004590845894799724,1.1000000000000001e-05,0.6126253695113452,61.555876749999996,61.812141000000004,0.0764404999999968,0.15997525000000223,0.0018411026092646022,61.54548925,61.60303594375,True,True,1,seed_271828_rec_19,1,seed_271828_rec_19,0.3702648166299768,0.6703461919282753,0.3351736162696419,False,False,False,b0b22da0-1519-4fae-8804-fb8089f267f0,31026196,0,,False,5,1738689d-a80d-4fe3-809f-d7a0f8710d4f,31026296,0,,False,5,eaea8563-a3c7-486f-9c6e-b49267cf9fa0,31026622,0,,False,5,/lustre/fs11/portfolios/edgeai/projects/edgeai_tao-ptm_image-foundation-model-clip/users/rarunachalam/results/b0b22da0-1519-4fae-8804-fb8089f267f0/results_dir/train/model_epoch_009_step_00440.pth,fd9e2342f700eb8998c512e45d6cbba81e701fd98548f9547cc42675920353a4,
seed_409976740_rec_4,409976740,1234,4,success,6,3,0.00045,1.1000000000000001e-05,0.6327576355644742,66.246603,66.57705499999999,0.1032949999999957,0.2725535000000008,0.0023117436980126154,66.22382,66.427472,True,True,1,seed_271828_rec_18,1,seed_271828_rec_18,0.1960526555766991,1.0011005752260864,0.5005508861896586,False,False,False,743f702c-c303-4513-ab5c-10e5cc17b1eb,31026747,0,,False,5,da1732e0-71bc-498e-a3af-8f553aadad6a,31027241,0,,False,5,ff8c131b-0f24-4e8a-b4f4-dd3192d63cb2,31027317,0,,False,5,/lustre/fs11/portfolios/edgeai/projects/edgeai_tao-ptm_image-foundation-model-clip/users/rarunachalam/results/743f702c-c303-4513-ab5c-10e5cc17b1eb/results_dir/train/model_epoch_009_step_00440.pth,c8444b94bc7493a6293d94ad594496d803c75e1074e48581af47f4449f388b72,
seed_409976740_rec_5,409976740,1234,5,success,3,3,0.00016913371546861181,1.1000000000000001e-05,0.5064953539008366,52.2667305,52.44997805,0.08539700000000039,0.1705137500000049,0.0024223744433373457,52.17390075,52.297288249999994,False,True,4,seed_1455024938_rec_17;seed_161803_rec_17;seed_161803_rec_18;seed_271828_rec_10;seed_271828_rec_15;seed_271828_rec_3;seed_271828_rec_5;seed_271828_rec_9;seed_314159_rec_16,4,seed_1455024938_rec_17;seed_161803_rec_17;seed_161803_rec_18;seed_271828_rec_10;seed_271828_rec_15;seed_271828_rec_3;seed_271828_rec_5;seed_271828_rec_9;seed_314159_rec_16,1.288648237717896,0.015346160902818352,0.6443247708561474,False,False,False,de1565d5-ab24-45f8-851c-fd81cdf11987,31027448,0,,False,5,42a35459-2736-4aa0-8667-1f05f5722057,31027649,0,,False,5,658771a9-e505-4b16-bf2b-6006447e18ea,31027670,0,,False,5,/lustre/fs11/portfolios/edgeai/projects/edgeai_tao-ptm_image-foundation-model-clip/users/rarunachalam/results/de1565d5-ab24-45f8-851c-fd81cdf11987/results_dir/train/model_epoch_009_step_00440.pth,579b79e1c5efd0896776e0734d470396c36e83c40c0ba0a4c2d15cb99b38030e,
seed_409976740_rec_6,409976740,1234,6,success,5,4,0.0003984963045389317,1.1000000000000001e-05,0.6173110494644113,66.00953975,66.395506,0.11816149999999936,0.23693199999999592,0.0026539533613397,65.92041625,66.050515,True,True,1,seed_1455024938_rec_7;seed_271828_rec_19,1,seed_1455024938_rec_7;seed_271828_rec_19,0.3297178444971106,0.9843846756239039,0.492192994863212,False,False,False,04d76aa3-9704-42ed-8ce5-9bca233aa66e,31027773,0,,False,5,f5efb540-f6b3-4cc1-a8f9-dbc3575a6fc8,31027871,0,,False,5,55eee639-14e3-471b-b376-d703edb54c2b,31028098,0,,False,5,/lustre/fs11/portfolios/edgeai/projects/edgeai_tao-ptm_image-foundation-model-clip/users/rarunachalam/results/04d76aa3-9704-42ed-8ce5-9bca233aa66e/results_dir/train/model_epoch_009_step_00440.pth,80e43849027af2f59573b94e011dba904abcd2adb3197db2ccb11b930bad5d40,
seed_409976740_rec_7,409976740,1234,7,success,6,3,0.00045,0.000575507660681569,0.6226049218750763,66.443895,66.74957805,0.10780599999999652,0.25041949999999247,0.0024055359126672936,66.39355325,66.47967075,True,True,3,seed_271828_rec_18;seed_271828_rec_8;seed_409976740_rec_4,3,seed_271828_rec_18;seed_271828_rec_8;seed_409976740_rec_4,0.2839079515338224,1.0150121083899741,0.507506703655017,False,False,False,90b0a084-97ec-4de0-bdd1-d40f7062d29b,31028154,0,,False,5,444744a6-2537-4fa5-9ae4-4e086a2f6943,31028212,0,,False,5,aa0b3e60-a16d-46cd-88c6-5341a0262781,31028286,0,,False,5,/lustre/fs11/portfolios/edgeai/projects/edgeai_tao-ptm_image-foundation-model-clip/users/rarunachalam/results/90b0a084-97ec-4de0-bdd1-d40f7062d29b/results_dir/train/model_epoch_009_step_00440.pth,b34170c8889943dbef2bfe07222d46401a66d44fee9d9cf8ad07cb2122ee5f86,
seed_409976740_rec_8,409976740,1234,8,success,6,4,0.00045,0.0009,0.6438795625551654,70.9532355,71.31523299999999,0.0851625000000027,0.19045425000001615,0.001779509019007371,70.93361275,71.0007795,True,True,2,seed_161803_rec_14;seed_271828_rec_16;seed_271828_rec_18;seed_314159_rec_12,2,seed_161803_rec_14;seed_271828_rec_16;seed_271828_rec_18;seed_314159_rec_12,0.09981038801417808,1.3329765464463084,0.6664889896166214,False,False,False,7dce5061-8512-41c1-9efd-8247078547bf,31028388,0,,False,5,81f769f5-af14-4fa2-8b0f-f2e6107c39a5,31028492,0,,False,5,9ccd1e8b-9547-4640-ab8a-895cdd4c372b,31028524,0,,False,5,/lustre/fs11/portfolios/edgeai/projects/edgeai_tao-ptm_image-foundation-model-clip/users/rarunachalam/results/7dce5061-8512-41c1-9efd-8247078547bf/results_dir/train/model_epoch_009_step_00440.pth,f03eab16c7ebca5a3125694f88b0b9e60733a5205374de92f677186a3087bc23,
seed_409976740_rec_9,409976740,1234,9,success,4,3,0.0002453602552557035,0.0006953699691644639,0.564706733309765,56.913251499999994,57.08303,0.08066149999999794,0.18650650000000013,0.0021012459620233953,56.86948325,56.945478693750005,False,True,2,seed_1415367367_rec_3;seed_1455024938_rec_17,2,seed_1415367367_rec_3;seed_1455024938_rec_17,0.784923014836415,0.342983525764033,0.3924620713714778,False,False,False,426ee065-c54b-4853-b007-2366a1c8bfa1,31028549,0,,False,5,9e32d72d-b219-4c45-b997-7cf3d53693cf,31028606,0,,False,5,22686de9-c6d8-47d5-a1fc-e885623c3681,31028618,0,,False,5,/lustre/fs11/portfolios/edgeai/projects/edgeai_tao-ptm_image-foundation-model-clip/users/rarunachalam/results/426ee065-c54b-4853-b007-2366a1c8bfa1/results_dir/train/model_epoch_009_step_00440.pth,0e2d8f672ce0f899d75b9194cd2dfd3bac370a42c99f9b32f80862b135ea655a,
